UserID,Recommended_Items_Top50_ByCityName
45,"['3d907a5c-e064-5faf-8f6d-e3641f44f6e0', '18f3d3fc-6bc3-5f43-8688-631e4fa361c3', '4b1c1b58-edc7-5382-9088-9d37a32aa506', '7cf55489-aa6b-58b0-9951-9ff0f96cac26', '3bfdfea0-e588-5fd9-9e0b-1637190e9a68', '4953860b-37ee-56c4-ae37-6b17b8f50b9a', '4804963d-99e6-53dd-aac9-7947cb46656c', '9724eb6a-88ac-5620-8446-9a4ac8bc0891', '0c19312b-8681-5e96-8e77-063069b0c0d3', 'cbf35677-9b7c-5d40-a549-06d44c340b4a', '205f6d00-407d-5814-b5aa-ed7c07e79e0a', '0a187903-507f-5edb-a202-e1d398cdecc5', 'b4798a57-4cdd-56a1-b97c-5559d88368f6', 'e43c68e3-ab81-5f63-beee-78dd8485b270', '2a81745c-e88d-5048-8f99-64ae27a44138', 'b3f82067-68ca-5412-98fb-8df618b7f632', '78a730be-8f27-5a60-9b89-4fcbcfcf9e69', 'd26836a0-3bc1-5f90-8f1d-922823d6a8e9', 'dc7e2e07-d114-59e3-8293-721cdbb031ed', '596cadcf-7d11-5ccc-876c-73a100738a63', 'dc0c0c75-02b8-5bc8-880f-8c236c5e7d37', '30c5c5da-7945-5d74-9b3d-19954a9efd06', 'af97eb2e-cb0e-5b91-a458-f7642011d3f2', 'b8e7fca5-ed0b-5acd-88b2-4aed3bb66bd2', 'c368fd81-10f8-5578-a8db-30892ba31989', '80141910-9f41-511c-8cca-5d179ab2ac36', '1c0241ac-da79-5d29-a91d-05e5bb066d90', 'bd5262c3-5bee-500b-8168-3a20b1c9658e', 'aec543c8-b702-550b-b8a5-2c7bf6530b69', '24f95da0-496e-5ff2-b116-b5fb90a06a69', '52d27647-9af9-5c90-a25f-27ad81a92912', '14749ad1-b9e3-5543-859e-d90aca06bd98', '6f0895db-c8ec-5deb-b905-476b1e810590', '76037139-8ecd-5c66-93f5-39c2924b0130', '1d40674e-835e-5893-92d6-5b4bd3ce94a3', 'd32a47d5-84f4-52bf-8452-b5a811c483c0', 'c884903f-9a2b-5c27-8f2d-b3fd4235dd97', '83bde24c-9328-53aa-a2ea-8799400cf723', '838d75b9-65c6-5d8b-a700-55193862e7c1', 'ebd0f319-61c1-519f-bb99-e4dcb011644f', '59055a73-4fcc-5452-a006-e3644ac7e94a', '8bf97a84-5ed3-5b05-a3ce-b97daa199ab1', '92680c8f-02bf-534f-a984-7daac7d6e9ca', 'f3a2f3be-cdc7-5cac-a144-afde96cdb068', 'b0fef7e2-a519-5761-94af-2a9816a456c8', '75503f1c-7aec-51e6-a2f3-63476fb02b57', '00bdaa41-6224-5968-8fb7-2af5b56cf30a', 'f69bba68-d4ee-55bf-bc6d-5f17990b89a0', 'c908c300-9f38-5e96-9697-ca9492274e17', '9851c0b7-1584-5469-8ae7-c2a044b02326']"
49,"['4953860b-37ee-56c4-ae37-6b17b8f50b9a', '18f3d3fc-6bc3-5f43-8688-631e4fa361c3', '7cf55489-aa6b-58b0-9951-9ff0f96cac26', 'cbf35677-9b7c-5d40-a549-06d44c340b4a', '4b1c1b58-edc7-5382-9088-9d37a32aa506', '0a187903-507f-5edb-a202-e1d398cdecc5', '4804963d-99e6-53dd-aac9-7947cb46656c', 'd26836a0-3bc1-5f90-8f1d-922823d6a8e9', '596cadcf-7d11-5ccc-876c-73a100738a63', '0c19312b-8681-5e96-8e77-063069b0c0d3', '3d907a5c-e064-5faf-8f6d-e3641f44f6e0', 'b4798a57-4cdd-56a1-b97c-5559d88368f6', '6f0895db-c8ec-5deb-b905-476b1e810590', '9724eb6a-88ac-5620-8446-9a4ac8bc0891', '78a730be-8f27-5a60-9b89-4fcbcfcf9e69', '30c5c5da-7945-5d74-9b3d-19954a9efd06', 'b3f82067-68ca-5412-98fb-8df618b7f632', 'dc7e2e07-d114-59e3-8293-721cdbb031ed', '2a81745c-e88d-5048-8f99-64ae27a44138', 'af97eb2e-cb0e-5b91-a458-f7642011d3f2', '3bfdfea0-e588-5fd9-9e0b-1637190e9a68', '1c0241ac-da79-5d29-a91d-05e5bb066d90', '157b6b94-2afd-5150-8c62-7e0b2ee0419a', '76037139-8ecd-5c66-93f5-39c2924b0130', 'e43c68e3-ab81-5f63-beee-78dd8485b270', '24f95da0-496e-5ff2-b116-b5fb90a06a69', 'aec543c8-b702-550b-b8a5-2c7bf6530b69', '205f6d00-407d-5814-b5aa-ed7c07e79e0a', '14749ad1-b9e3-5543-859e-d90aca06bd98', 'b8e7fca5-ed0b-5acd-88b2-4aed3bb66bd2', '52d27647-9af9-5c90-a25f-27ad81a92912', 'bd5262c3-5bee-500b-8168-3a20b1c9658e', '838d75b9-65c6-5d8b-a700-55193862e7c1', 'f69bba68-d4ee-55bf-bc6d-5f17990b89a0', '80141910-9f41-511c-8cca-5d179ab2ac36', 'f3a2f3be-cdc7-5cac-a144-afde96cdb068', 'ebd0f319-61c1-519f-bb99-e4dcb011644f', '59055a73-4fcc-5452-a006-e3644ac7e94a', '83bde24c-9328-53aa-a2ea-8799400cf723', '8bf97a84-5ed3-5b05-a3ce-b97daa199ab1', 'dc0c0c75-02b8-5bc8-880f-8c236c5e7d37', 'c884903f-9a2b-5c27-8f2d-b3fd4235dd97', '25a05f24-7e5c-585c-ae4f-48bfcf978cf6', '75503f1c-7aec-51e6-a2f3-63476fb02b57', '9851c0b7-1584-5469-8ae7-c2a044b02326', '1d40674e-835e-5893-92d6-5b4bd3ce94a3', '92680c8f-02bf-534f-a984-7daac7d6e9ca', 'd32a47d5-84f4-52bf-8452-b5a811c483c0', 'aab29dbc-ab45-57e6-9ad1-8838498987b8', 'c368fd81-10f8-5578-a8db-30892ba31989']"
53,"['18f3d3fc-6bc3-5f43-8688-631e4fa361c3', '4953860b-37ee-56c4-ae37-6b17b8f50b9a', '4b1c1b58-edc7-5382-9088-9d37a32aa506', '4804963d-99e6-53dd-aac9-7947cb46656c', 'cbf35677-9b7c-5d40-a549-06d44c340b4a', '7cf55489-aa6b-58b0-9951-9ff0f96cac26', '3d907a5c-e064-5faf-8f6d-e3641f44f6e0', '3bfdfea0-e588-5fd9-9e0b-1637190e9a68', '596cadcf-7d11-5ccc-876c-73a100738a63', 'e43c68e3-ab81-5f63-beee-78dd8485b270', 'd26836a0-3bc1-5f90-8f1d-922823d6a8e9', '9724eb6a-88ac-5620-8446-9a4ac8bc0891', '0a187903-507f-5edb-a202-e1d398cdecc5', 'dc7e2e07-d114-59e3-8293-721cdbb031ed', '6f0895db-c8ec-5deb-b905-476b1e810590', '2a81745c-e88d-5048-8f99-64ae27a44138', '30c5c5da-7945-5d74-9b3d-19954a9efd06', 'b4798a57-4cdd-56a1-b97c-5559d88368f6', 'bd5262c3-5bee-500b-8168-3a20b1c9658e', 'ebd0f319-61c1-519f-bb99-e4dcb011644f', '0c19312b-8681-5e96-8e77-063069b0c0d3', '76037139-8ecd-5c66-93f5-39c2924b0130', '24f95da0-496e-5ff2-b116-b5fb90a06a69', '1c0241ac-da79-5d29-a91d-05e5bb066d90', 'c884903f-9a2b-5c27-8f2d-b3fd4235dd97', '78a730be-8f27-5a60-9b89-4fcbcfcf9e69', 'af97eb2e-cb0e-5b91-a458-f7642011d3f2', '838d75b9-65c6-5d8b-a700-55193862e7c1', 'b3f82067-68ca-5412-98fb-8df618b7f632', '52d27647-9af9-5c90-a25f-27ad81a92912', 'b8e7fca5-ed0b-5acd-88b2-4aed3bb66bd2', '205f6d00-407d-5814-b5aa-ed7c07e79e0a', '8bf97a84-5ed3-5b05-a3ce-b97daa199ab1', 'dc0c0c75-02b8-5bc8-880f-8c236c5e7d37', 'aec543c8-b702-550b-b8a5-2c7bf6530b69', '14749ad1-b9e3-5543-859e-d90aca06bd98', 'f3a2f3be-cdc7-5cac-a144-afde96cdb068', '157b6b94-2afd-5150-8c62-7e0b2ee0419a', '59055a73-4fcc-5452-a006-e3644ac7e94a', '80141910-9f41-511c-8cca-5d179ab2ac36', '1d40674e-835e-5893-92d6-5b4bd3ce94a3', '92680c8f-02bf-534f-a984-7daac7d6e9ca', 'c368fd81-10f8-5578-a8db-30892ba31989', 'f69bba68-d4ee-55bf-bc6d-5f17990b89a0', 'd32a47d5-84f4-52bf-8452-b5a811c483c0', '25a05f24-7e5c-585c-ae4f-48bfcf978cf6', '9851c0b7-1584-5469-8ae7-c2a044b02326', '83bde24c-9328-53aa-a2ea-8799400cf723', 'aab29dbc-ab45-57e6-9ad1-8838498987b8', 'bae954dc-04cf-5299-80d0-adf7e1e0e7f8']"
59,"['4953860b-37ee-56c4-ae37-6b17b8f50b9a', '18f3d3fc-6bc3-5f43-8688-631e4fa361c3', 'd26836a0-3bc1-5f90-8f1d-922823d6a8e9', '7cf55489-aa6b-58b0-9951-9ff0f96cac26', 'cbf35677-9b7c-5d40-a549-06d44c340b4a', '4b1c1b58-edc7-5382-9088-9d37a32aa506', '0a187903-507f-5edb-a202-e1d398cdecc5', '2a81745c-e88d-5048-8f99-64ae27a44138', 'b4798a57-4cdd-56a1-b97c-5559d88368f6', '6f0895db-c8ec-5deb-b905-476b1e810590', 'b3f82067-68ca-5412-98fb-8df618b7f632', 'dc7e2e07-d114-59e3-8293-721cdbb031ed', '3bfdfea0-e588-5fd9-9e0b-1637190e9a68', '3d907a5c-e064-5faf-8f6d-e3641f44f6e0', '4804963d-99e6-53dd-aac9-7947cb46656c', 'f69bba68-d4ee-55bf-bc6d-5f17990b89a0', '14749ad1-b9e3-5543-859e-d90aca06bd98', 'f3a2f3be-cdc7-5cac-a144-afde96cdb068', 'd32a47d5-84f4-52bf-8452-b5a811c483c0', '0c19312b-8681-5e96-8e77-063069b0c0d3', '52d27647-9af9-5c90-a25f-27ad81a92912', '30c5c5da-7945-5d74-9b3d-19954a9efd06', '596cadcf-7d11-5ccc-876c-73a100738a63', '24f95da0-496e-5ff2-b116-b5fb90a06a69', '205f6d00-407d-5814-b5aa-ed7c07e79e0a', 'b8e7fca5-ed0b-5acd-88b2-4aed3bb66bd2', 'aec543c8-b702-550b-b8a5-2c7bf6530b69', 'af97eb2e-cb0e-5b91-a458-f7642011d3f2', '80141910-9f41-511c-8cca-5d179ab2ac36', '83bde24c-9328-53aa-a2ea-8799400cf723', '1c0241ac-da79-5d29-a91d-05e5bb066d90', 'bd5262c3-5bee-500b-8168-3a20b1c9658e', 'c884903f-9a2b-5c27-8f2d-b3fd4235dd97', '9724eb6a-88ac-5620-8446-9a4ac8bc0891', '59055a73-4fcc-5452-a006-e3644ac7e94a', '00bdaa41-6224-5968-8fb7-2af5b56cf30a', 'e43c68e3-ab81-5f63-beee-78dd8485b270', '78a730be-8f27-5a60-9b89-4fcbcfcf9e69', 'aab29dbc-ab45-57e6-9ad1-8838498987b8', '76037139-8ecd-5c66-93f5-39c2924b0130', '1d40674e-835e-5893-92d6-5b4bd3ce94a3', '92680c8f-02bf-534f-a984-7daac7d6e9ca', '157b6b94-2afd-5150-8c62-7e0b2ee0419a', 'ebd0f319-61c1-519f-bb99-e4dcb011644f', '8bf97a84-5ed3-5b05-a3ce-b97daa199ab1', 'dc0c0c75-02b8-5bc8-880f-8c236c5e7d37', '838d75b9-65c6-5d8b-a700-55193862e7c1', '25a05f24-7e5c-585c-ae4f-48bfcf978cf6', '9b163f45-7028-52bb-b6cf-a0032a12aa7f', 'd97b826c-8287-533a-8807-90c5d4400b1a']"
69,"['cbf35677-9b7c-5d40-a549-06d44c340b4a', '4b1c1b58-edc7-5382-9088-9d37a32aa506', 'd26836a0-3bc1-5f90-8f1d-922823d6a8e9', '0a187903-507f-5edb-a202-e1d398cdecc5', 'b3f82067-68ca-5412-98fb-8df618b7f632', '18f3d3fc-6bc3-5f43-8688-631e4fa361c3', '7cf55489-aa6b-58b0-9951-9ff0f96cac26', '4953860b-37ee-56c4-ae37-6b17b8f50b9a', '0c19312b-8681-5e96-8e77-063069b0c0d3', '596cadcf-7d11-5ccc-876c-73a100738a63', '9724eb6a-88ac-5620-8446-9a4ac8bc0891', '4804963d-99e6-53dd-aac9-7947cb46656c', '6f0895db-c8ec-5deb-b905-476b1e810590', '3d907a5c-e064-5faf-8f6d-e3641f44f6e0', '3bfdfea0-e588-5fd9-9e0b-1637190e9a68', 'af97eb2e-cb0e-5b91-a458-f7642011d3f2', 'b4798a57-4cdd-56a1-b97c-5559d88368f6', '205f6d00-407d-5814-b5aa-ed7c07e79e0a', '78a730be-8f27-5a60-9b89-4fcbcfcf9e69', '2a81745c-e88d-5048-8f99-64ae27a44138', '1c0241ac-da79-5d29-a91d-05e5bb066d90', 'e43c68e3-ab81-5f63-beee-78dd8485b270', 'dc7e2e07-d114-59e3-8293-721cdbb031ed', '30c5c5da-7945-5d74-9b3d-19954a9efd06', '83bde24c-9328-53aa-a2ea-8799400cf723', 'c368fd81-10f8-5578-a8db-30892ba31989', 'dc0c0c75-02b8-5bc8-880f-8c236c5e7d37', '14749ad1-b9e3-5543-859e-d90aca06bd98', '24f95da0-496e-5ff2-b116-b5fb90a06a69', '76037139-8ecd-5c66-93f5-39c2924b0130', '52d27647-9af9-5c90-a25f-27ad81a92912', 'c884903f-9a2b-5c27-8f2d-b3fd4235dd97', 'bd5262c3-5bee-500b-8168-3a20b1c9658e', 'f69bba68-d4ee-55bf-bc6d-5f17990b89a0', '27a4b704-e841-56bc-9456-19cb785d2f8f', '157b6b94-2afd-5150-8c62-7e0b2ee0419a', 'aec543c8-b702-550b-b8a5-2c7bf6530b69', 'b8e7fca5-ed0b-5acd-88b2-4aed3bb66bd2', '1d40674e-835e-5893-92d6-5b4bd3ce94a3', 'b0fef7e2-a519-5761-94af-2a9816a456c8', '838d75b9-65c6-5d8b-a700-55193862e7c1', 'f3a2f3be-cdc7-5cac-a144-afde96cdb068', '59055a73-4fcc-5452-a006-e3644ac7e94a', 'd32a47d5-84f4-52bf-8452-b5a811c483c0', '25a05f24-7e5c-585c-ae4f-48bfcf978cf6', 'aab29dbc-ab45-57e6-9ad1-8838498987b8', 'ebd0f319-61c1-519f-bb99-e4dcb011644f', '8bf97a84-5ed3-5b05-a3ce-b97daa199ab1', '92680c8f-02bf-534f-a984-7daac7d6e9ca', '9b163f45-7028-52bb-b6cf-a0032a12aa7f']"
74,"['7cf55489-aa6b-58b0-9951-9ff0f96cac26', '4953860b-37ee-56c4-ae37-6b17b8f50b9a', '18f3d3fc-6bc3-5f43-8688-631e4fa361c3', '3d907a5c-e064-5faf-8f6d-e3641f44f6e0', 'cbf35677-9b7c-5d40-a549-06d44c340b4a', '2a81745c-e88d-5048-8f99-64ae27a44138', '78a730be-8f27-5a60-9b89-4fcbcfcf9e69', 'b3f82067-68ca-5412-98fb-8df618b7f632', 'd26836a0-3bc1-5f90-8f1d-922823d6a8e9', 'af97eb2e-cb0e-5b91-a458-f7642011d3f2', 'b4798a57-4cdd-56a1-b97c-5559d88368f6', 'b8e7fca5-ed0b-5acd-88b2-4aed3bb66bd2', '596cadcf-7d11-5ccc-876c-73a100738a63', '14749ad1-b9e3-5543-859e-d90aca06bd98', 'dc7e2e07-d114-59e3-8293-721cdbb031ed', '0a187903-507f-5edb-a202-e1d398cdecc5', '30c5c5da-7945-5d74-9b3d-19954a9efd06', '76037139-8ecd-5c66-93f5-39c2924b0130', '0c19312b-8681-5e96-8e77-063069b0c0d3', '9724eb6a-88ac-5620-8446-9a4ac8bc0891', '4b1c1b58-edc7-5382-9088-9d37a32aa506', 'aec543c8-b702-550b-b8a5-2c7bf6530b69', '24f95da0-496e-5ff2-b116-b5fb90a06a69', '4804963d-99e6-53dd-aac9-7947cb46656c', 'e43c68e3-ab81-5f63-beee-78dd8485b270', '80141910-9f41-511c-8cca-5d179ab2ac36', '6f0895db-c8ec-5deb-b905-476b1e810590', '3bfdfea0-e588-5fd9-9e0b-1637190e9a68', 'bd5262c3-5bee-500b-8168-3a20b1c9658e', '52d27647-9af9-5c90-a25f-27ad81a92912', '1c0241ac-da79-5d29-a91d-05e5bb066d90', '205f6d00-407d-5814-b5aa-ed7c07e79e0a', 'f3a2f3be-cdc7-5cac-a144-afde96cdb068', '157b6b94-2afd-5150-8c62-7e0b2ee0419a', '8bf97a84-5ed3-5b05-a3ce-b97daa199ab1', 'b0fef7e2-a519-5761-94af-2a9816a456c8', 'aab29dbc-ab45-57e6-9ad1-8838498987b8', 'f69bba68-d4ee-55bf-bc6d-5f17990b89a0', '59055a73-4fcc-5452-a006-e3644ac7e94a', '110901ad-0f6c-5157-9c7d-e1a8d44fb484', 'ebd0f319-61c1-519f-bb99-e4dcb011644f', 'c823c1a6-80f5-58af-b80f-e877ecad0118', '00bdaa41-6224-5968-8fb7-2af5b56cf30a', '83bde24c-9328-53aa-a2ea-8799400cf723', 'dc0c0c75-02b8-5bc8-880f-8c236c5e7d37', '92680c8f-02bf-534f-a984-7daac7d6e9ca', '1d40674e-835e-5893-92d6-5b4bd3ce94a3', '25a05f24-7e5c-585c-ae4f-48bfcf978cf6', '838d75b9-65c6-5d8b-a700-55193862e7c1', 'c368fd81-10f8-5578-a8db-30892ba31989']"
80,"['7cf55489-aa6b-58b0-9951-9ff0f96cac26', 'd26836a0-3bc1-5f90-8f1d-922823d6a8e9', 'bd5262c3-5bee-500b-8168-3a20b1c9658e', '0a187903-507f-5edb-a202-e1d398cdecc5', '4953860b-37ee-56c4-ae37-6b17b8f50b9a', 'cbf35677-9b7c-5d40-a549-06d44c340b4a', '4b1c1b58-edc7-5382-9088-9d37a32aa506', 'b3f82067-68ca-5412-98fb-8df618b7f632', '30c5c5da-7945-5d74-9b3d-19954a9efd06', 'e43c68e3-ab81-5f63-beee-78dd8485b270', '2a81745c-e88d-5048-8f99-64ae27a44138', '3d907a5c-e064-5faf-8f6d-e3641f44f6e0', '596cadcf-7d11-5ccc-876c-73a100738a63', 'dc7e2e07-d114-59e3-8293-721cdbb031ed', '6f0895db-c8ec-5deb-b905-476b1e810590', 'b8e7fca5-ed0b-5acd-88b2-4aed3bb66bd2', '0c19312b-8681-5e96-8e77-063069b0c0d3', 'af97eb2e-cb0e-5b91-a458-f7642011d3f2', '78a730be-8f27-5a60-9b89-4fcbcfcf9e69', '18f3d3fc-6bc3-5f43-8688-631e4fa361c3', 'b4798a57-4cdd-56a1-b97c-5559d88368f6', '4804963d-99e6-53dd-aac9-7947cb46656c', '205f6d00-407d-5814-b5aa-ed7c07e79e0a', 'aec543c8-b702-550b-b8a5-2c7bf6530b69', '9724eb6a-88ac-5620-8446-9a4ac8bc0891', '25a05f24-7e5c-585c-ae4f-48bfcf978cf6', '52d27647-9af9-5c90-a25f-27ad81a92912', '3bfdfea0-e588-5fd9-9e0b-1637190e9a68', 'f3a2f3be-cdc7-5cac-a144-afde96cdb068', 'f69bba68-d4ee-55bf-bc6d-5f17990b89a0', '83bde24c-9328-53aa-a2ea-8799400cf723', '1c0241ac-da79-5d29-a91d-05e5bb066d90', '14749ad1-b9e3-5543-859e-d90aca06bd98', '75503f1c-7aec-51e6-a2f3-63476fb02b57', 'aab29dbc-ab45-57e6-9ad1-8838498987b8', '110901ad-0f6c-5157-9c7d-e1a8d44fb484', '24f95da0-496e-5ff2-b116-b5fb90a06a69', '80141910-9f41-511c-8cca-5d179ab2ac36', 'c368fd81-10f8-5578-a8db-30892ba31989', '59055a73-4fcc-5452-a006-e3644ac7e94a', '4b04d6df-1302-550f-93f1-af9dd159b920', 'b0fef7e2-a519-5761-94af-2a9816a456c8', 'dc0c0c75-02b8-5bc8-880f-8c236c5e7d37', 'c823c1a6-80f5-58af-b80f-e877ecad0118', '76037139-8ecd-5c66-93f5-39c2924b0130', 'c884903f-9a2b-5c27-8f2d-b3fd4235dd97', 'ebd0f319-61c1-519f-bb99-e4dcb011644f', '27a4b704-e841-56bc-9456-19cb785d2f8f', '00bdaa41-6224-5968-8fb7-2af5b56cf30a', '157b6b94-2afd-5150-8c62-7e0b2ee0419a']"
91,"['18f3d3fc-6bc3-5f43-8688-631e4fa361c3', 'cbf35677-9b7c-5d40-a549-06d44c340b4a', '4953860b-37ee-56c4-ae37-6b17b8f50b9a', '4b1c1b58-edc7-5382-9088-9d37a32aa506', '0a187903-507f-5edb-a202-e1d398cdecc5', '6f0895db-c8ec-5deb-b905-476b1e810590', 'd26836a0-3bc1-5f90-8f1d-922823d6a8e9', '7cf55489-aa6b-58b0-9951-9ff0f96cac26', '1c0241ac-da79-5d29-a91d-05e5bb066d90', 'dc7e2e07-d114-59e3-8293-721cdbb031ed', '3bfdfea0-e588-5fd9-9e0b-1637190e9a68', '76037139-8ecd-5c66-93f5-39c2924b0130', '596cadcf-7d11-5ccc-876c-73a100738a63', 'b4798a57-4cdd-56a1-b97c-5559d88368f6', '157b6b94-2afd-5150-8c62-7e0b2ee0419a', '4804963d-99e6-53dd-aac9-7947cb46656c', 'b3f82067-68ca-5412-98fb-8df618b7f632', '52d27647-9af9-5c90-a25f-27ad81a92912', 'c884903f-9a2b-5c27-8f2d-b3fd4235dd97', '24f95da0-496e-5ff2-b116-b5fb90a06a69', 'f69bba68-d4ee-55bf-bc6d-5f17990b89a0', '2a81745c-e88d-5048-8f99-64ae27a44138', '30c5c5da-7945-5d74-9b3d-19954a9efd06', '14749ad1-b9e3-5543-859e-d90aca06bd98', '3d907a5c-e064-5faf-8f6d-e3641f44f6e0', 'f3a2f3be-cdc7-5cac-a144-afde96cdb068', 'af97eb2e-cb0e-5b91-a458-f7642011d3f2', '9724eb6a-88ac-5620-8446-9a4ac8bc0891', '59055a73-4fcc-5452-a006-e3644ac7e94a', '9b163f45-7028-52bb-b6cf-a0032a12aa7f', '83bde24c-9328-53aa-a2ea-8799400cf723', 'ebd0f319-61c1-519f-bb99-e4dcb011644f', 'aec543c8-b702-550b-b8a5-2c7bf6530b69', '78a730be-8f27-5a60-9b89-4fcbcfcf9e69', '8bf97a84-5ed3-5b05-a3ce-b97daa199ab1', '80141910-9f41-511c-8cca-5d179ab2ac36', 'bd5262c3-5bee-500b-8168-3a20b1c9658e', '838d75b9-65c6-5d8b-a700-55193862e7c1', 'e43c68e3-ab81-5f63-beee-78dd8485b270', '205f6d00-407d-5814-b5aa-ed7c07e79e0a', '0c19312b-8681-5e96-8e77-063069b0c0d3', 'd32a47d5-84f4-52bf-8452-b5a811c483c0', 'aab29dbc-ab45-57e6-9ad1-8838498987b8', '2afe3d70-2ad4-5b04-8a0c-277a629d596e', 'b8e7fca5-ed0b-5acd-88b2-4aed3bb66bd2', 'c368fd81-10f8-5578-a8db-30892ba31989', '92680c8f-02bf-534f-a984-7daac7d6e9ca', '1d40674e-835e-5893-92d6-5b4bd3ce94a3', '00bdaa41-6224-5968-8fb7-2af5b56cf30a', '110901ad-0f6c-5157-9c7d-e1a8d44fb484']"
108,"['cbf35677-9b7c-5d40-a549-06d44c340b4a', '0a187903-507f-5edb-a202-e1d398cdecc5', '18f3d3fc-6bc3-5f43-8688-631e4fa361c3', '7cf55489-aa6b-58b0-9951-9ff0f96cac26', '83bde24c-9328-53aa-a2ea-8799400cf723', 'd26836a0-3bc1-5f90-8f1d-922823d6a8e9', '4b1c1b58-edc7-5382-9088-9d37a32aa506', 'b4798a57-4cdd-56a1-b97c-5559d88368f6', '4953860b-37ee-56c4-ae37-6b17b8f50b9a', '0c19312b-8681-5e96-8e77-063069b0c0d3', 'f69bba68-d4ee-55bf-bc6d-5f17990b89a0', '6f0895db-c8ec-5deb-b905-476b1e810590', 'b3f82067-68ca-5412-98fb-8df618b7f632', '596cadcf-7d11-5ccc-876c-73a100738a63', '1c0241ac-da79-5d29-a91d-05e5bb066d90', '78a730be-8f27-5a60-9b89-4fcbcfcf9e69', '110901ad-0f6c-5157-9c7d-e1a8d44fb484', '52d27647-9af9-5c90-a25f-27ad81a92912', '157b6b94-2afd-5150-8c62-7e0b2ee0419a', 'aab29dbc-ab45-57e6-9ad1-8838498987b8', 'af97eb2e-cb0e-5b91-a458-f7642011d3f2', '59055a73-4fcc-5452-a006-e3644ac7e94a', '30c5c5da-7945-5d74-9b3d-19954a9efd06', '3bfdfea0-e588-5fd9-9e0b-1637190e9a68', '4804963d-99e6-53dd-aac9-7947cb46656c', '76037139-8ecd-5c66-93f5-39c2924b0130', '14749ad1-b9e3-5543-859e-d90aca06bd98', '2a81745c-e88d-5048-8f99-64ae27a44138', '3d907a5c-e064-5faf-8f6d-e3641f44f6e0', 'dc7e2e07-d114-59e3-8293-721cdbb031ed', '80141910-9f41-511c-8cca-5d179ab2ac36', 'f3a2f3be-cdc7-5cac-a144-afde96cdb068', '24f95da0-496e-5ff2-b116-b5fb90a06a69', 'c884903f-9a2b-5c27-8f2d-b3fd4235dd97', 'b8e7fca5-ed0b-5acd-88b2-4aed3bb66bd2', 'aec543c8-b702-550b-b8a5-2c7bf6530b69', '9724eb6a-88ac-5620-8446-9a4ac8bc0891', 'c368fd81-10f8-5578-a8db-30892ba31989', '205f6d00-407d-5814-b5aa-ed7c07e79e0a', 'bd5262c3-5bee-500b-8168-3a20b1c9658e', '25a05f24-7e5c-585c-ae4f-48bfcf978cf6', 'e43c68e3-ab81-5f63-beee-78dd8485b270', '57df6be5-3323-541f-8f7c-62682587fdb3', '9b163f45-7028-52bb-b6cf-a0032a12aa7f', '27a4b704-e841-56bc-9456-19cb785d2f8f', 'dc0c0c75-02b8-5bc8-880f-8c236c5e7d37', 'd32a47d5-84f4-52bf-8452-b5a811c483c0', '92680c8f-02bf-534f-a984-7daac7d6e9ca', '838d75b9-65c6-5d8b-a700-55193862e7c1', '1d40674e-835e-5893-92d6-5b4bd3ce94a3']"
239,"['7cf55489-aa6b-58b0-9951-9ff0f96cac26', '4953860b-37ee-56c4-ae37-6b17b8f50b9a', 'bd5262c3-5bee-500b-8168-3a20b1c9658e', 'b4798a57-4cdd-56a1-b97c-5559d88368f6', '0a187903-507f-5edb-a202-e1d398cdecc5', 'cbf35677-9b7c-5d40-a549-06d44c340b4a', '30c5c5da-7945-5d74-9b3d-19954a9efd06', '18f3d3fc-6bc3-5f43-8688-631e4fa361c3', '3d907a5c-e064-5faf-8f6d-e3641f44f6e0', '596cadcf-7d11-5ccc-876c-73a100738a63', 'e43c68e3-ab81-5f63-beee-78dd8485b270', '4b1c1b58-edc7-5382-9088-9d37a32aa506', 'd26836a0-3bc1-5f90-8f1d-922823d6a8e9', '0c19312b-8681-5e96-8e77-063069b0c0d3', 'dc7e2e07-d114-59e3-8293-721cdbb031ed', '4804963d-99e6-53dd-aac9-7947cb46656c', 'b8e7fca5-ed0b-5acd-88b2-4aed3bb66bd2', '25a05f24-7e5c-585c-ae4f-48bfcf978cf6', '78a730be-8f27-5a60-9b89-4fcbcfcf9e69', '2a81745c-e88d-5048-8f99-64ae27a44138', '52d27647-9af9-5c90-a25f-27ad81a92912', '75503f1c-7aec-51e6-a2f3-63476fb02b57', '76037139-8ecd-5c66-93f5-39c2924b0130', '6f0895db-c8ec-5deb-b905-476b1e810590', 'f69bba68-d4ee-55bf-bc6d-5f17990b89a0', 'b3f82067-68ca-5412-98fb-8df618b7f632', '83bde24c-9328-53aa-a2ea-8799400cf723', '59055a73-4fcc-5452-a006-e3644ac7e94a', '24f95da0-496e-5ff2-b116-b5fb90a06a69', '80141910-9f41-511c-8cca-5d179ab2ac36', 'f3a2f3be-cdc7-5cac-a144-afde96cdb068', 'aec543c8-b702-550b-b8a5-2c7bf6530b69', '14749ad1-b9e3-5543-859e-d90aca06bd98', '3bfdfea0-e588-5fd9-9e0b-1637190e9a68', 'ebd0f319-61c1-519f-bb99-e4dcb011644f', 'aab29dbc-ab45-57e6-9ad1-8838498987b8', '157b6b94-2afd-5150-8c62-7e0b2ee0419a', 'af97eb2e-cb0e-5b91-a458-f7642011d3f2', '8bf97a84-5ed3-5b05-a3ce-b97daa199ab1', '110901ad-0f6c-5157-9c7d-e1a8d44fb484', '838d75b9-65c6-5d8b-a700-55193862e7c1', 'c884903f-9a2b-5c27-8f2d-b3fd4235dd97', '9724eb6a-88ac-5620-8446-9a4ac8bc0891', '205f6d00-407d-5814-b5aa-ed7c07e79e0a', '9851c0b7-1584-5469-8ae7-c2a044b02326', '1c0241ac-da79-5d29-a91d-05e5bb066d90', '57df6be5-3323-541f-8f7c-62682587fdb3', 'dc0c0c75-02b8-5bc8-880f-8c236c5e7d37', '4b04d6df-1302-550f-93f1-af9dd159b920', '92680c8f-02bf-534f-a984-7daac7d6e9ca']"
380,"['4953860b-37ee-56c4-ae37-6b17b8f50b9a', '18f3d3fc-6bc3-5f43-8688-631e4fa361c3', '157b6b94-2afd-5150-8c62-7e0b2ee0419a', '76037139-8ecd-5c66-93f5-39c2924b0130', 'dc7e2e07-d114-59e3-8293-721cdbb031ed', '4b1c1b58-edc7-5382-9088-9d37a32aa506', '7cf55489-aa6b-58b0-9951-9ff0f96cac26', 'b4798a57-4cdd-56a1-b97c-5559d88368f6', 'cbf35677-9b7c-5d40-a549-06d44c340b4a', '4804963d-99e6-53dd-aac9-7947cb46656c', '24f95da0-496e-5ff2-b116-b5fb90a06a69', 'f3a2f3be-cdc7-5cac-a144-afde96cdb068', '0a187903-507f-5edb-a202-e1d398cdecc5', '596cadcf-7d11-5ccc-876c-73a100738a63', '6f0895db-c8ec-5deb-b905-476b1e810590', '3d907a5c-e064-5faf-8f6d-e3641f44f6e0', 'b3f82067-68ca-5412-98fb-8df618b7f632', '14749ad1-b9e3-5543-859e-d90aca06bd98', 'd26836a0-3bc1-5f90-8f1d-922823d6a8e9', 'ebd0f319-61c1-519f-bb99-e4dcb011644f', '30c5c5da-7945-5d74-9b3d-19954a9efd06', '8bf97a84-5ed3-5b05-a3ce-b97daa199ab1', '3bfdfea0-e588-5fd9-9e0b-1637190e9a68', 'f69bba68-d4ee-55bf-bc6d-5f17990b89a0', 'bd5262c3-5bee-500b-8168-3a20b1c9658e', 'aec543c8-b702-550b-b8a5-2c7bf6530b69', '838d75b9-65c6-5d8b-a700-55193862e7c1', '52d27647-9af9-5c90-a25f-27ad81a92912', '205f6d00-407d-5814-b5aa-ed7c07e79e0a', '1c0241ac-da79-5d29-a91d-05e5bb066d90', '78a730be-8f27-5a60-9b89-4fcbcfcf9e69', '2a81745c-e88d-5048-8f99-64ae27a44138', '9724eb6a-88ac-5620-8446-9a4ac8bc0891', '80141910-9f41-511c-8cca-5d179ab2ac36', '0c19312b-8681-5e96-8e77-063069b0c0d3', 'af97eb2e-cb0e-5b91-a458-f7642011d3f2', 'c884903f-9a2b-5c27-8f2d-b3fd4235dd97', 'd32a47d5-84f4-52bf-8452-b5a811c483c0', '92680c8f-02bf-534f-a984-7daac7d6e9ca', '25a05f24-7e5c-585c-ae4f-48bfcf978cf6', '59055a73-4fcc-5452-a006-e3644ac7e94a', '83bde24c-9328-53aa-a2ea-8799400cf723', 'e43c68e3-ab81-5f63-beee-78dd8485b270', 'b8e7fca5-ed0b-5acd-88b2-4aed3bb66bd2', '75503f1c-7aec-51e6-a2f3-63476fb02b57', '542536fb-19cb-575d-a0cd-92e45594ffa9', '2afe3d70-2ad4-5b04-8a0c-277a629d596e', '00bdaa41-6224-5968-8fb7-2af5b56cf30a', 'aab29dbc-ab45-57e6-9ad1-8838498987b8', '9b163f45-7028-52bb-b6cf-a0032a12aa7f']"
390,"['4953860b-37ee-56c4-ae37-6b17b8f50b9a', 'cbf35677-9b7c-5d40-a549-06d44c340b4a', '7cf55489-aa6b-58b0-9951-9ff0f96cac26', '18f3d3fc-6bc3-5f43-8688-631e4fa361c3', 'd26836a0-3bc1-5f90-8f1d-922823d6a8e9', '4b1c1b58-edc7-5382-9088-9d37a32aa506', '0a187903-507f-5edb-a202-e1d398cdecc5', 'b4798a57-4cdd-56a1-b97c-5559d88368f6', '4804963d-99e6-53dd-aac9-7947cb46656c', 'dc7e2e07-d114-59e3-8293-721cdbb031ed', '6f0895db-c8ec-5deb-b905-476b1e810590', '3d907a5c-e064-5faf-8f6d-e3641f44f6e0', '3bfdfea0-e588-5fd9-9e0b-1637190e9a68', 'b3f82067-68ca-5412-98fb-8df618b7f632', '596cadcf-7d11-5ccc-876c-73a100738a63', '30c5c5da-7945-5d74-9b3d-19954a9efd06', '2a81745c-e88d-5048-8f99-64ae27a44138', '0c19312b-8681-5e96-8e77-063069b0c0d3', '9724eb6a-88ac-5620-8446-9a4ac8bc0891', '78a730be-8f27-5a60-9b89-4fcbcfcf9e69', 'af97eb2e-cb0e-5b91-a458-f7642011d3f2', 'bd5262c3-5bee-500b-8168-3a20b1c9658e', 'e43c68e3-ab81-5f63-beee-78dd8485b270', '1c0241ac-da79-5d29-a91d-05e5bb066d90', 'b8e7fca5-ed0b-5acd-88b2-4aed3bb66bd2', '24f95da0-496e-5ff2-b116-b5fb90a06a69', '14749ad1-b9e3-5543-859e-d90aca06bd98', '76037139-8ecd-5c66-93f5-39c2924b0130', '52d27647-9af9-5c90-a25f-27ad81a92912', '157b6b94-2afd-5150-8c62-7e0b2ee0419a', '205f6d00-407d-5814-b5aa-ed7c07e79e0a', 'f69bba68-d4ee-55bf-bc6d-5f17990b89a0', 'aec543c8-b702-550b-b8a5-2c7bf6530b69', 'f3a2f3be-cdc7-5cac-a144-afde96cdb068', 'c884903f-9a2b-5c27-8f2d-b3fd4235dd97', '80141910-9f41-511c-8cca-5d179ab2ac36', '59055a73-4fcc-5452-a006-e3644ac7e94a', '838d75b9-65c6-5d8b-a700-55193862e7c1', '83bde24c-9328-53aa-a2ea-8799400cf723', 'ebd0f319-61c1-519f-bb99-e4dcb011644f', 'dc0c0c75-02b8-5bc8-880f-8c236c5e7d37', '8bf97a84-5ed3-5b05-a3ce-b97daa199ab1', '1d40674e-835e-5893-92d6-5b4bd3ce94a3', 'aab29dbc-ab45-57e6-9ad1-8838498987b8', 'd32a47d5-84f4-52bf-8452-b5a811c483c0', '25a05f24-7e5c-585c-ae4f-48bfcf978cf6', 'c368fd81-10f8-5578-a8db-30892ba31989', '92680c8f-02bf-534f-a984-7daac7d6e9ca', '75503f1c-7aec-51e6-a2f3-63476fb02b57', '9851c0b7-1584-5469-8ae7-c2a044b02326']"
431,"['cbf35677-9b7c-5d40-a549-06d44c340b4a', '4b1c1b58-edc7-5382-9088-9d37a32aa506', '18f3d3fc-6bc3-5f43-8688-631e4fa361c3', '4953860b-37ee-56c4-ae37-6b17b8f50b9a', '4804963d-99e6-53dd-aac9-7947cb46656c', '0c19312b-8681-5e96-8e77-063069b0c0d3', 'd26836a0-3bc1-5f90-8f1d-922823d6a8e9', '3bfdfea0-e588-5fd9-9e0b-1637190e9a68', '7cf55489-aa6b-58b0-9951-9ff0f96cac26', '3d907a5c-e064-5faf-8f6d-e3641f44f6e0', '9724eb6a-88ac-5620-8446-9a4ac8bc0891', 'dc0c0c75-02b8-5bc8-880f-8c236c5e7d37', '2a81745c-e88d-5048-8f99-64ae27a44138', 'e43c68e3-ab81-5f63-beee-78dd8485b270', '205f6d00-407d-5814-b5aa-ed7c07e79e0a', 'b3f82067-68ca-5412-98fb-8df618b7f632', 'b4798a57-4cdd-56a1-b97c-5559d88368f6', '0a187903-507f-5edb-a202-e1d398cdecc5', 'dc7e2e07-d114-59e3-8293-721cdbb031ed', '30c5c5da-7945-5d74-9b3d-19954a9efd06', '596cadcf-7d11-5ccc-876c-73a100738a63', 'c368fd81-10f8-5578-a8db-30892ba31989', '6f0895db-c8ec-5deb-b905-476b1e810590', '1c0241ac-da79-5d29-a91d-05e5bb066d90', '24f95da0-496e-5ff2-b116-b5fb90a06a69', 'bd5262c3-5bee-500b-8168-3a20b1c9658e', '76037139-8ecd-5c66-93f5-39c2924b0130', '27a4b704-e841-56bc-9456-19cb785d2f8f', 'c884903f-9a2b-5c27-8f2d-b3fd4235dd97', '78a730be-8f27-5a60-9b89-4fcbcfcf9e69', 'f69bba68-d4ee-55bf-bc6d-5f17990b89a0', '83bde24c-9328-53aa-a2ea-8799400cf723', '838d75b9-65c6-5d8b-a700-55193862e7c1', 'af97eb2e-cb0e-5b91-a458-f7642011d3f2', '1d40674e-835e-5893-92d6-5b4bd3ce94a3', 'aab29dbc-ab45-57e6-9ad1-8838498987b8', 'aec543c8-b702-550b-b8a5-2c7bf6530b69', '14749ad1-b9e3-5543-859e-d90aca06bd98', 'd32a47d5-84f4-52bf-8452-b5a811c483c0', '52d27647-9af9-5c90-a25f-27ad81a92912', '92680c8f-02bf-534f-a984-7daac7d6e9ca', 'f3a2f3be-cdc7-5cac-a144-afde96cdb068', '25a05f24-7e5c-585c-ae4f-48bfcf978cf6', 'b0fef7e2-a519-5761-94af-2a9816a456c8', '157b6b94-2afd-5150-8c62-7e0b2ee0419a', 'b8e7fca5-ed0b-5acd-88b2-4aed3bb66bd2', '8bf97a84-5ed3-5b05-a3ce-b97daa199ab1', 'ebd0f319-61c1-519f-bb99-e4dcb011644f', '59055a73-4fcc-5452-a006-e3644ac7e94a', '9851c0b7-1584-5469-8ae7-c2a044b02326']"
480,"['cbf35677-9b7c-5d40-a549-06d44c340b4a', '4b1c1b58-edc7-5382-9088-9d37a32aa506', '0a187903-507f-5edb-a202-e1d398cdecc5', 'b3f82067-68ca-5412-98fb-8df618b7f632', 'b4798a57-4cdd-56a1-b97c-5559d88368f6', '7cf55489-aa6b-58b0-9951-9ff0f96cac26', '596cadcf-7d11-5ccc-876c-73a100738a63', '6f0895db-c8ec-5deb-b905-476b1e810590', '3bfdfea0-e588-5fd9-9e0b-1637190e9a68', 'd26836a0-3bc1-5f90-8f1d-922823d6a8e9', '3d907a5c-e064-5faf-8f6d-e3641f44f6e0', '4953860b-37ee-56c4-ae37-6b17b8f50b9a', '78a730be-8f27-5a60-9b89-4fcbcfcf9e69', 'dc7e2e07-d114-59e3-8293-721cdbb031ed', '18f3d3fc-6bc3-5f43-8688-631e4fa361c3', 'bd5262c3-5bee-500b-8168-3a20b1c9658e', '157b6b94-2afd-5150-8c62-7e0b2ee0419a', '4804963d-99e6-53dd-aac9-7947cb46656c', '24f95da0-496e-5ff2-b116-b5fb90a06a69', '0c19312b-8681-5e96-8e77-063069b0c0d3', 'af97eb2e-cb0e-5b91-a458-f7642011d3f2', '9724eb6a-88ac-5620-8446-9a4ac8bc0891', '205f6d00-407d-5814-b5aa-ed7c07e79e0a', '30c5c5da-7945-5d74-9b3d-19954a9efd06', 'b8e7fca5-ed0b-5acd-88b2-4aed3bb66bd2', 'c884903f-9a2b-5c27-8f2d-b3fd4235dd97', '838d75b9-65c6-5d8b-a700-55193862e7c1', '2a81745c-e88d-5048-8f99-64ae27a44138', '52d27647-9af9-5c90-a25f-27ad81a92912', 'ebd0f319-61c1-519f-bb99-e4dcb011644f', '14749ad1-b9e3-5543-859e-d90aca06bd98', '92680c8f-02bf-534f-a984-7daac7d6e9ca', '1c0241ac-da79-5d29-a91d-05e5bb066d90', '83bde24c-9328-53aa-a2ea-8799400cf723', '75503f1c-7aec-51e6-a2f3-63476fb02b57', 'f3a2f3be-cdc7-5cac-a144-afde96cdb068', 'f69bba68-d4ee-55bf-bc6d-5f17990b89a0', 'e43c68e3-ab81-5f63-beee-78dd8485b270', 'b0fef7e2-a519-5761-94af-2a9816a456c8', '59055a73-4fcc-5452-a006-e3644ac7e94a', 'dc0c0c75-02b8-5bc8-880f-8c236c5e7d37', '1d40674e-835e-5893-92d6-5b4bd3ce94a3', '8bf97a84-5ed3-5b05-a3ce-b97daa199ab1', 'd32a47d5-84f4-52bf-8452-b5a811c483c0', 'aab29dbc-ab45-57e6-9ad1-8838498987b8', 'ff622828-7bdf-577e-ae20-bf4f9d896219', '76037139-8ecd-5c66-93f5-39c2924b0130', '25a05f24-7e5c-585c-ae4f-48bfcf978cf6', 'aec543c8-b702-550b-b8a5-2c7bf6530b69', 'c368fd81-10f8-5578-a8db-30892ba31989']"
494,"['4953860b-37ee-56c4-ae37-6b17b8f50b9a', '18f3d3fc-6bc3-5f43-8688-631e4fa361c3', 'dc7e2e07-d114-59e3-8293-721cdbb031ed', '3d907a5c-e064-5faf-8f6d-e3641f44f6e0', '7cf55489-aa6b-58b0-9951-9ff0f96cac26', '2a81745c-e88d-5048-8f99-64ae27a44138', 'bd5262c3-5bee-500b-8168-3a20b1c9658e', '3bfdfea0-e588-5fd9-9e0b-1637190e9a68', 'cbf35677-9b7c-5d40-a549-06d44c340b4a', 'f3a2f3be-cdc7-5cac-a144-afde96cdb068', 'b4798a57-4cdd-56a1-b97c-5559d88368f6', '24f95da0-496e-5ff2-b116-b5fb90a06a69', '30c5c5da-7945-5d74-9b3d-19954a9efd06', 'e43c68e3-ab81-5f63-beee-78dd8485b270', '76037139-8ecd-5c66-93f5-39c2924b0130', '4804963d-99e6-53dd-aac9-7947cb46656c', '00bdaa41-6224-5968-8fb7-2af5b56cf30a', 'd26836a0-3bc1-5f90-8f1d-922823d6a8e9', '52d27647-9af9-5c90-a25f-27ad81a92912', 'aec543c8-b702-550b-b8a5-2c7bf6530b69', '596cadcf-7d11-5ccc-876c-73a100738a63', 'b8e7fca5-ed0b-5acd-88b2-4aed3bb66bd2', 'dc0c0c75-02b8-5bc8-880f-8c236c5e7d37', 'b3f82067-68ca-5412-98fb-8df618b7f632', '0a187903-507f-5edb-a202-e1d398cdecc5', '6f0895db-c8ec-5deb-b905-476b1e810590', '8bf97a84-5ed3-5b05-a3ce-b97daa199ab1', '80141910-9f41-511c-8cca-5d179ab2ac36', '14749ad1-b9e3-5543-859e-d90aca06bd98', '4b1c1b58-edc7-5382-9088-9d37a32aa506', 'f69bba68-d4ee-55bf-bc6d-5f17990b89a0', '92680c8f-02bf-534f-a984-7daac7d6e9ca', '205f6d00-407d-5814-b5aa-ed7c07e79e0a', 'aab29dbc-ab45-57e6-9ad1-8838498987b8', '0c19312b-8681-5e96-8e77-063069b0c0d3', '9724eb6a-88ac-5620-8446-9a4ac8bc0891', 'ebd0f319-61c1-519f-bb99-e4dcb011644f', 'd32a47d5-84f4-52bf-8452-b5a811c483c0', '59055a73-4fcc-5452-a006-e3644ac7e94a', 'c884903f-9a2b-5c27-8f2d-b3fd4235dd97', 'af97eb2e-cb0e-5b91-a458-f7642011d3f2', '83bde24c-9328-53aa-a2ea-8799400cf723', '25a05f24-7e5c-585c-ae4f-48bfcf978cf6', 'b0fef7e2-a519-5761-94af-2a9816a456c8', '110901ad-0f6c-5157-9c7d-e1a8d44fb484', '01b762ba-4c74-5fb0-b83b-0cf0b7f6301e', '78a730be-8f27-5a60-9b89-4fcbcfcf9e69', '157b6b94-2afd-5150-8c62-7e0b2ee0419a', '75503f1c-7aec-51e6-a2f3-63476fb02b57', '1c0241ac-da79-5d29-a91d-05e5bb066d90']"
526,"['4953860b-37ee-56c4-ae37-6b17b8f50b9a', '18f3d3fc-6bc3-5f43-8688-631e4fa361c3', '24f95da0-496e-5ff2-b116-b5fb90a06a69', '4b1c1b58-edc7-5382-9088-9d37a32aa506', 'd26836a0-3bc1-5f90-8f1d-922823d6a8e9', 'b3f82067-68ca-5412-98fb-8df618b7f632', '7cf55489-aa6b-58b0-9951-9ff0f96cac26', 'dc7e2e07-d114-59e3-8293-721cdbb031ed', '4804963d-99e6-53dd-aac9-7947cb46656c', '76037139-8ecd-5c66-93f5-39c2924b0130', '596cadcf-7d11-5ccc-876c-73a100738a63', '2a81745c-e88d-5048-8f99-64ae27a44138', '3bfdfea0-e588-5fd9-9e0b-1637190e9a68', 'cbf35677-9b7c-5d40-a549-06d44c340b4a', 'b4798a57-4cdd-56a1-b97c-5559d88368f6', '3d907a5c-e064-5faf-8f6d-e3641f44f6e0', '8bf97a84-5ed3-5b05-a3ce-b97daa199ab1', '9724eb6a-88ac-5620-8446-9a4ac8bc0891', '14749ad1-b9e3-5543-859e-d90aca06bd98', '6f0895db-c8ec-5deb-b905-476b1e810590', 'd32a47d5-84f4-52bf-8452-b5a811c483c0', 'f3a2f3be-cdc7-5cac-a144-afde96cdb068', 'aec543c8-b702-550b-b8a5-2c7bf6530b69', '78a730be-8f27-5a60-9b89-4fcbcfcf9e69', '205f6d00-407d-5814-b5aa-ed7c07e79e0a', 'e43c68e3-ab81-5f63-beee-78dd8485b270', '0c19312b-8681-5e96-8e77-063069b0c0d3', '0a187903-507f-5edb-a202-e1d398cdecc5', 'c884903f-9a2b-5c27-8f2d-b3fd4235dd97', 'b0fef7e2-a519-5761-94af-2a9816a456c8', '157b6b94-2afd-5150-8c62-7e0b2ee0419a', 'ebd0f319-61c1-519f-bb99-e4dcb011644f', 'dc0c0c75-02b8-5bc8-880f-8c236c5e7d37', '92680c8f-02bf-534f-a984-7daac7d6e9ca', 'bd5262c3-5bee-500b-8168-3a20b1c9658e', '1c0241ac-da79-5d29-a91d-05e5bb066d90', 'af97eb2e-cb0e-5b91-a458-f7642011d3f2', '2afe3d70-2ad4-5b04-8a0c-277a629d596e', 'b8e7fca5-ed0b-5acd-88b2-4aed3bb66bd2', 'f69bba68-d4ee-55bf-bc6d-5f17990b89a0', '30c5c5da-7945-5d74-9b3d-19954a9efd06', '52d27647-9af9-5c90-a25f-27ad81a92912', '83bde24c-9328-53aa-a2ea-8799400cf723', '838d75b9-65c6-5d8b-a700-55193862e7c1', '9b163f45-7028-52bb-b6cf-a0032a12aa7f', 'aab29dbc-ab45-57e6-9ad1-8838498987b8', '9851c0b7-1584-5469-8ae7-c2a044b02326', '1d40674e-835e-5893-92d6-5b4bd3ce94a3', '27a4b704-e841-56bc-9456-19cb785d2f8f', '25a05f24-7e5c-585c-ae4f-48bfcf978cf6']"
580,"['4953860b-37ee-56c4-ae37-6b17b8f50b9a', '4b1c1b58-edc7-5382-9088-9d37a32aa506', 'd26836a0-3bc1-5f90-8f1d-922823d6a8e9', 'cbf35677-9b7c-5d40-a549-06d44c340b4a', '6f0895db-c8ec-5deb-b905-476b1e810590', '7cf55489-aa6b-58b0-9951-9ff0f96cac26', '4804963d-99e6-53dd-aac9-7947cb46656c', '0c19312b-8681-5e96-8e77-063069b0c0d3', '18f3d3fc-6bc3-5f43-8688-631e4fa361c3', '2a81745c-e88d-5048-8f99-64ae27a44138', '0a187903-507f-5edb-a202-e1d398cdecc5', 'dc7e2e07-d114-59e3-8293-721cdbb031ed', 'b3f82067-68ca-5412-98fb-8df618b7f632', 'b8e7fca5-ed0b-5acd-88b2-4aed3bb66bd2', '78a730be-8f27-5a60-9b89-4fcbcfcf9e69', '3d907a5c-e064-5faf-8f6d-e3641f44f6e0', '3bfdfea0-e588-5fd9-9e0b-1637190e9a68', 'f69bba68-d4ee-55bf-bc6d-5f17990b89a0', 'b4798a57-4cdd-56a1-b97c-5559d88368f6', 'bd5262c3-5bee-500b-8168-3a20b1c9658e', '1c0241ac-da79-5d29-a91d-05e5bb066d90', '596cadcf-7d11-5ccc-876c-73a100738a63', '30c5c5da-7945-5d74-9b3d-19954a9efd06', '24f95da0-496e-5ff2-b116-b5fb90a06a69', '9724eb6a-88ac-5620-8446-9a4ac8bc0891', 'aec543c8-b702-550b-b8a5-2c7bf6530b69', '838d75b9-65c6-5d8b-a700-55193862e7c1', '205f6d00-407d-5814-b5aa-ed7c07e79e0a', 'f3a2f3be-cdc7-5cac-a144-afde96cdb068', 'aab29dbc-ab45-57e6-9ad1-8838498987b8', '92680c8f-02bf-534f-a984-7daac7d6e9ca', '80141910-9f41-511c-8cca-5d179ab2ac36', 'af97eb2e-cb0e-5b91-a458-f7642011d3f2', '157b6b94-2afd-5150-8c62-7e0b2ee0419a', 'dc0c0c75-02b8-5bc8-880f-8c236c5e7d37', '75503f1c-7aec-51e6-a2f3-63476fb02b57', 'ebd0f319-61c1-519f-bb99-e4dcb011644f', '14749ad1-b9e3-5543-859e-d90aca06bd98', 'e43c68e3-ab81-5f63-beee-78dd8485b270', '83bde24c-9328-53aa-a2ea-8799400cf723', '52d27647-9af9-5c90-a25f-27ad81a92912', '59055a73-4fcc-5452-a006-e3644ac7e94a', '1d40674e-835e-5893-92d6-5b4bd3ce94a3', 'c884903f-9a2b-5c27-8f2d-b3fd4235dd97', '25a05f24-7e5c-585c-ae4f-48bfcf978cf6', '9b163f45-7028-52bb-b6cf-a0032a12aa7f', '4b04d6df-1302-550f-93f1-af9dd159b920', 'd32a47d5-84f4-52bf-8452-b5a811c483c0', '8bf97a84-5ed3-5b05-a3ce-b97daa199ab1', '9851c0b7-1584-5469-8ae7-c2a044b02326']"
587,"['4b1c1b58-edc7-5382-9088-9d37a32aa506', 'cbf35677-9b7c-5d40-a549-06d44c340b4a', '4953860b-37ee-56c4-ae37-6b17b8f50b9a', '0a187903-507f-5edb-a202-e1d398cdecc5', '7cf55489-aa6b-58b0-9951-9ff0f96cac26', '30c5c5da-7945-5d74-9b3d-19954a9efd06', 'd26836a0-3bc1-5f90-8f1d-922823d6a8e9', '6f0895db-c8ec-5deb-b905-476b1e810590', '76037139-8ecd-5c66-93f5-39c2924b0130', 'b3f82067-68ca-5412-98fb-8df618b7f632', 'e43c68e3-ab81-5f63-beee-78dd8485b270', '18f3d3fc-6bc3-5f43-8688-631e4fa361c3', '1c0241ac-da79-5d29-a91d-05e5bb066d90', 'dc7e2e07-d114-59e3-8293-721cdbb031ed', 'af97eb2e-cb0e-5b91-a458-f7642011d3f2', 'f3a2f3be-cdc7-5cac-a144-afde96cdb068', 'bd5262c3-5bee-500b-8168-3a20b1c9658e', 'b4798a57-4cdd-56a1-b97c-5559d88368f6', '596cadcf-7d11-5ccc-876c-73a100738a63', '0c19312b-8681-5e96-8e77-063069b0c0d3', 'c884903f-9a2b-5c27-8f2d-b3fd4235dd97', 'f69bba68-d4ee-55bf-bc6d-5f17990b89a0', '3d907a5c-e064-5faf-8f6d-e3641f44f6e0', '14749ad1-b9e3-5543-859e-d90aca06bd98', '52d27647-9af9-5c90-a25f-27ad81a92912', '9724eb6a-88ac-5620-8446-9a4ac8bc0891', '4804963d-99e6-53dd-aac9-7947cb46656c', '3bfdfea0-e588-5fd9-9e0b-1637190e9a68', '157b6b94-2afd-5150-8c62-7e0b2ee0419a', '9b163f45-7028-52bb-b6cf-a0032a12aa7f', 'aab29dbc-ab45-57e6-9ad1-8838498987b8', '80141910-9f41-511c-8cca-5d179ab2ac36', '205f6d00-407d-5814-b5aa-ed7c07e79e0a', 'ebd0f319-61c1-519f-bb99-e4dcb011644f', '25a05f24-7e5c-585c-ae4f-48bfcf978cf6', '24f95da0-496e-5ff2-b116-b5fb90a06a69', '78a730be-8f27-5a60-9b89-4fcbcfcf9e69', '2a81745c-e88d-5048-8f99-64ae27a44138', '838d75b9-65c6-5d8b-a700-55193862e7c1', '8bf97a84-5ed3-5b05-a3ce-b97daa199ab1', 'aec543c8-b702-550b-b8a5-2c7bf6530b69', '2afe3d70-2ad4-5b04-8a0c-277a629d596e', '542536fb-19cb-575d-a0cd-92e45594ffa9', 'c368fd81-10f8-5578-a8db-30892ba31989', '83bde24c-9328-53aa-a2ea-8799400cf723', '59055a73-4fcc-5452-a006-e3644ac7e94a', 'd32a47d5-84f4-52bf-8452-b5a811c483c0', '92680c8f-02bf-534f-a984-7daac7d6e9ca', '1d40674e-835e-5893-92d6-5b4bd3ce94a3', 'ff622828-7bdf-577e-ae20-bf4f9d896219']"
704,"['7cf55489-aa6b-58b0-9951-9ff0f96cac26', 'd26836a0-3bc1-5f90-8f1d-922823d6a8e9', 'b4798a57-4cdd-56a1-b97c-5559d88368f6', '78a730be-8f27-5a60-9b89-4fcbcfcf9e69', '0a187903-507f-5edb-a202-e1d398cdecc5', '596cadcf-7d11-5ccc-876c-73a100738a63', 'b8e7fca5-ed0b-5acd-88b2-4aed3bb66bd2', '4953860b-37ee-56c4-ae37-6b17b8f50b9a', '4804963d-99e6-53dd-aac9-7947cb46656c', 'e43c68e3-ab81-5f63-beee-78dd8485b270', '9724eb6a-88ac-5620-8446-9a4ac8bc0891', 'b3f82067-68ca-5412-98fb-8df618b7f632', '0c19312b-8681-5e96-8e77-063069b0c0d3', '4b1c1b58-edc7-5382-9088-9d37a32aa506', '18f3d3fc-6bc3-5f43-8688-631e4fa361c3', '25a05f24-7e5c-585c-ae4f-48bfcf978cf6', '3d907a5c-e064-5faf-8f6d-e3641f44f6e0', '9851c0b7-1584-5469-8ae7-c2a044b02326', '2a81745c-e88d-5048-8f99-64ae27a44138', '14749ad1-b9e3-5543-859e-d90aca06bd98', 'cbf35677-9b7c-5d40-a549-06d44c340b4a', '83bde24c-9328-53aa-a2ea-8799400cf723', '30c5c5da-7945-5d74-9b3d-19954a9efd06', 'dc7e2e07-d114-59e3-8293-721cdbb031ed', '205f6d00-407d-5814-b5aa-ed7c07e79e0a', '76037139-8ecd-5c66-93f5-39c2924b0130', 'dc0c0c75-02b8-5bc8-880f-8c236c5e7d37', 'aec543c8-b702-550b-b8a5-2c7bf6530b69', 'bd5262c3-5bee-500b-8168-3a20b1c9658e', '52d27647-9af9-5c90-a25f-27ad81a92912', '75503f1c-7aec-51e6-a2f3-63476fb02b57', '59055a73-4fcc-5452-a006-e3644ac7e94a', 'af97eb2e-cb0e-5b91-a458-f7642011d3f2', '8bf97a84-5ed3-5b05-a3ce-b97daa199ab1', '24f95da0-496e-5ff2-b116-b5fb90a06a69', '6f0895db-c8ec-5deb-b905-476b1e810590', '157b6b94-2afd-5150-8c62-7e0b2ee0419a', '3bfdfea0-e588-5fd9-9e0b-1637190e9a68', 'c368fd81-10f8-5578-a8db-30892ba31989', 'c884903f-9a2b-5c27-8f2d-b3fd4235dd97', '1d40674e-835e-5893-92d6-5b4bd3ce94a3', '838d75b9-65c6-5d8b-a700-55193862e7c1', '1c0241ac-da79-5d29-a91d-05e5bb066d90', 'd32a47d5-84f4-52bf-8452-b5a811c483c0', 'f69bba68-d4ee-55bf-bc6d-5f17990b89a0', 'ebd0f319-61c1-519f-bb99-e4dcb011644f', 'b0fef7e2-a519-5761-94af-2a9816a456c8', '27a4b704-e841-56bc-9456-19cb785d2f8f', '110901ad-0f6c-5157-9c7d-e1a8d44fb484', '45bbf1e9-09ba-5f39-a5c6-bb9e777c798f']"
721,"['cbf35677-9b7c-5d40-a549-06d44c340b4a', '0a187903-507f-5edb-a202-e1d398cdecc5', '6f0895db-c8ec-5deb-b905-476b1e810590', 'd26836a0-3bc1-5f90-8f1d-922823d6a8e9', '4b1c1b58-edc7-5382-9088-9d37a32aa506', 'af97eb2e-cb0e-5b91-a458-f7642011d3f2', '1c0241ac-da79-5d29-a91d-05e5bb066d90', 'b3f82067-68ca-5412-98fb-8df618b7f632', '157b6b94-2afd-5150-8c62-7e0b2ee0419a', '596cadcf-7d11-5ccc-876c-73a100738a63', '7cf55489-aa6b-58b0-9951-9ff0f96cac26', '3bfdfea0-e588-5fd9-9e0b-1637190e9a68', '18f3d3fc-6bc3-5f43-8688-631e4fa361c3', '78a730be-8f27-5a60-9b89-4fcbcfcf9e69', 'c368fd81-10f8-5578-a8db-30892ba31989', '4953860b-37ee-56c4-ae37-6b17b8f50b9a', 'b4798a57-4cdd-56a1-b97c-5559d88368f6', '30c5c5da-7945-5d74-9b3d-19954a9efd06', 'f69bba68-d4ee-55bf-bc6d-5f17990b89a0', '9724eb6a-88ac-5620-8446-9a4ac8bc0891', '83bde24c-9328-53aa-a2ea-8799400cf723', 'c884903f-9a2b-5c27-8f2d-b3fd4235dd97', '59055a73-4fcc-5452-a006-e3644ac7e94a', '52d27647-9af9-5c90-a25f-27ad81a92912', 'dc7e2e07-d114-59e3-8293-721cdbb031ed', '9b163f45-7028-52bb-b6cf-a0032a12aa7f', '0c19312b-8681-5e96-8e77-063069b0c0d3', 'aab29dbc-ab45-57e6-9ad1-8838498987b8', '4804963d-99e6-53dd-aac9-7947cb46656c', 'b8e7fca5-ed0b-5acd-88b2-4aed3bb66bd2', '838d75b9-65c6-5d8b-a700-55193862e7c1', 'bd5262c3-5bee-500b-8168-3a20b1c9658e', '14749ad1-b9e3-5543-859e-d90aca06bd98', '1d40674e-835e-5893-92d6-5b4bd3ce94a3', 'ff622828-7bdf-577e-ae20-bf4f9d896219', 'e43c68e3-ab81-5f63-beee-78dd8485b270', '2a81745c-e88d-5048-8f99-64ae27a44138', '80141910-9f41-511c-8cca-5d179ab2ac36', '24f95da0-496e-5ff2-b116-b5fb90a06a69', '3d907a5c-e064-5faf-8f6d-e3641f44f6e0', '205f6d00-407d-5814-b5aa-ed7c07e79e0a', 'f3a2f3be-cdc7-5cac-a144-afde96cdb068', '76037139-8ecd-5c66-93f5-39c2924b0130', 'dc0c0c75-02b8-5bc8-880f-8c236c5e7d37', '110901ad-0f6c-5157-9c7d-e1a8d44fb484', 'aec543c8-b702-550b-b8a5-2c7bf6530b69', 'ebd0f319-61c1-519f-bb99-e4dcb011644f', '2afe3d70-2ad4-5b04-8a0c-277a629d596e', '4b04d6df-1302-550f-93f1-af9dd159b920', '92680c8f-02bf-534f-a984-7daac7d6e9ca']"
939,"['18f3d3fc-6bc3-5f43-8688-631e4fa361c3', '4953860b-37ee-56c4-ae37-6b17b8f50b9a', '0a187903-507f-5edb-a202-e1d398cdecc5', '7cf55489-aa6b-58b0-9951-9ff0f96cac26', 'd26836a0-3bc1-5f90-8f1d-922823d6a8e9', '6f0895db-c8ec-5deb-b905-476b1e810590', 'cbf35677-9b7c-5d40-a549-06d44c340b4a', '596cadcf-7d11-5ccc-876c-73a100738a63', 'dc7e2e07-d114-59e3-8293-721cdbb031ed', '2a81745c-e88d-5048-8f99-64ae27a44138', 'b4798a57-4cdd-56a1-b97c-5559d88368f6', '30c5c5da-7945-5d74-9b3d-19954a9efd06', '52d27647-9af9-5c90-a25f-27ad81a92912', '4b1c1b58-edc7-5382-9088-9d37a32aa506', '3d907a5c-e064-5faf-8f6d-e3641f44f6e0', 'f3a2f3be-cdc7-5cac-a144-afde96cdb068', '59055a73-4fcc-5452-a006-e3644ac7e94a', 'e43c68e3-ab81-5f63-beee-78dd8485b270', '76037139-8ecd-5c66-93f5-39c2924b0130', '14749ad1-b9e3-5543-859e-d90aca06bd98', 'b8e7fca5-ed0b-5acd-88b2-4aed3bb66bd2', 'b3f82067-68ca-5412-98fb-8df618b7f632', '1c0241ac-da79-5d29-a91d-05e5bb066d90', '4804963d-99e6-53dd-aac9-7947cb46656c', 'c884903f-9a2b-5c27-8f2d-b3fd4235dd97', 'f69bba68-d4ee-55bf-bc6d-5f17990b89a0', 'aec543c8-b702-550b-b8a5-2c7bf6530b69', '3bfdfea0-e588-5fd9-9e0b-1637190e9a68', '83bde24c-9328-53aa-a2ea-8799400cf723', 'af97eb2e-cb0e-5b91-a458-f7642011d3f2', '8bf97a84-5ed3-5b05-a3ce-b97daa199ab1', 'ebd0f319-61c1-519f-bb99-e4dcb011644f', 'bd5262c3-5bee-500b-8168-3a20b1c9658e', '80141910-9f41-511c-8cca-5d179ab2ac36', '9724eb6a-88ac-5620-8446-9a4ac8bc0891', '24f95da0-496e-5ff2-b116-b5fb90a06a69', '0c19312b-8681-5e96-8e77-063069b0c0d3', '205f6d00-407d-5814-b5aa-ed7c07e79e0a', '9b163f45-7028-52bb-b6cf-a0032a12aa7f', 'd32a47d5-84f4-52bf-8452-b5a811c483c0', '78a730be-8f27-5a60-9b89-4fcbcfcf9e69', '157b6b94-2afd-5150-8c62-7e0b2ee0419a', '25a05f24-7e5c-585c-ae4f-48bfcf978cf6', '00bdaa41-6224-5968-8fb7-2af5b56cf30a', 'dc0c0c75-02b8-5bc8-880f-8c236c5e7d37', '1d40674e-835e-5893-92d6-5b4bd3ce94a3', 'aab29dbc-ab45-57e6-9ad1-8838498987b8', '2afe3d70-2ad4-5b04-8a0c-277a629d596e', '838d75b9-65c6-5d8b-a700-55193862e7c1', '92680c8f-02bf-534f-a984-7daac7d6e9ca']"
1682,"['0a187903-507f-5edb-a202-e1d398cdecc5', 'd26836a0-3bc1-5f90-8f1d-922823d6a8e9', '4b1c1b58-edc7-5382-9088-9d37a32aa506', '7cf55489-aa6b-58b0-9951-9ff0f96cac26', 'cbf35677-9b7c-5d40-a549-06d44c340b4a', 'e43c68e3-ab81-5f63-beee-78dd8485b270', '4953860b-37ee-56c4-ae37-6b17b8f50b9a', 'b3f82067-68ca-5412-98fb-8df618b7f632', '6f0895db-c8ec-5deb-b905-476b1e810590', '30c5c5da-7945-5d74-9b3d-19954a9efd06', '596cadcf-7d11-5ccc-876c-73a100738a63', '3d907a5c-e064-5faf-8f6d-e3641f44f6e0', 'bd5262c3-5bee-500b-8168-3a20b1c9658e', '9724eb6a-88ac-5620-8446-9a4ac8bc0891', 'b8e7fca5-ed0b-5acd-88b2-4aed3bb66bd2', '3bfdfea0-e588-5fd9-9e0b-1637190e9a68', 'b4798a57-4cdd-56a1-b97c-5559d88368f6', '78a730be-8f27-5a60-9b89-4fcbcfcf9e69', '18f3d3fc-6bc3-5f43-8688-631e4fa361c3', 'af97eb2e-cb0e-5b91-a458-f7642011d3f2', '0c19312b-8681-5e96-8e77-063069b0c0d3', '205f6d00-407d-5814-b5aa-ed7c07e79e0a', 'dc7e2e07-d114-59e3-8293-721cdbb031ed', 'dc0c0c75-02b8-5bc8-880f-8c236c5e7d37', '2a81745c-e88d-5048-8f99-64ae27a44138', 'c884903f-9a2b-5c27-8f2d-b3fd4235dd97', '4804963d-99e6-53dd-aac9-7947cb46656c', '52d27647-9af9-5c90-a25f-27ad81a92912', '1c0241ac-da79-5d29-a91d-05e5bb066d90', '9851c0b7-1584-5469-8ae7-c2a044b02326', 'c368fd81-10f8-5578-a8db-30892ba31989', '83bde24c-9328-53aa-a2ea-8799400cf723', '59055a73-4fcc-5452-a006-e3644ac7e94a', '1d40674e-835e-5893-92d6-5b4bd3ce94a3', '25a05f24-7e5c-585c-ae4f-48bfcf978cf6', '80141910-9f41-511c-8cca-5d179ab2ac36', '75503f1c-7aec-51e6-a2f3-63476fb02b57', 'ebd0f319-61c1-519f-bb99-e4dcb011644f', '14749ad1-b9e3-5543-859e-d90aca06bd98', 'd32a47d5-84f4-52bf-8452-b5a811c483c0', 'f3a2f3be-cdc7-5cac-a144-afde96cdb068', '24f95da0-496e-5ff2-b116-b5fb90a06a69', 'aec543c8-b702-550b-b8a5-2c7bf6530b69', '4b04d6df-1302-550f-93f1-af9dd159b920', '838d75b9-65c6-5d8b-a700-55193862e7c1', 'f69bba68-d4ee-55bf-bc6d-5f17990b89a0', 'ff622828-7bdf-577e-ae20-bf4f9d896219', 'b0fef7e2-a519-5761-94af-2a9816a456c8', '8bf97a84-5ed3-5b05-a3ce-b97daa199ab1', 'aab29dbc-ab45-57e6-9ad1-8838498987b8']"
1709,"['7cf55489-aa6b-58b0-9951-9ff0f96cac26', 'b3f82067-68ca-5412-98fb-8df618b7f632', '4b1c1b58-edc7-5382-9088-9d37a32aa506', '4953860b-37ee-56c4-ae37-6b17b8f50b9a', '3d907a5c-e064-5faf-8f6d-e3641f44f6e0', '18f3d3fc-6bc3-5f43-8688-631e4fa361c3', 'd26836a0-3bc1-5f90-8f1d-922823d6a8e9', 'b4798a57-4cdd-56a1-b97c-5559d88368f6', '0a187903-507f-5edb-a202-e1d398cdecc5', '596cadcf-7d11-5ccc-876c-73a100738a63', 'cbf35677-9b7c-5d40-a549-06d44c340b4a', '9724eb6a-88ac-5620-8446-9a4ac8bc0891', '76037139-8ecd-5c66-93f5-39c2924b0130', '205f6d00-407d-5814-b5aa-ed7c07e79e0a', '2a81745c-e88d-5048-8f99-64ae27a44138', 'dc7e2e07-d114-59e3-8293-721cdbb031ed', '78a730be-8f27-5a60-9b89-4fcbcfcf9e69', '14749ad1-b9e3-5543-859e-d90aca06bd98', '4804963d-99e6-53dd-aac9-7947cb46656c', '0c19312b-8681-5e96-8e77-063069b0c0d3', '24f95da0-496e-5ff2-b116-b5fb90a06a69', 'e43c68e3-ab81-5f63-beee-78dd8485b270', 'af97eb2e-cb0e-5b91-a458-f7642011d3f2', '3bfdfea0-e588-5fd9-9e0b-1637190e9a68', 'aec543c8-b702-550b-b8a5-2c7bf6530b69', '30c5c5da-7945-5d74-9b3d-19954a9efd06', 'b8e7fca5-ed0b-5acd-88b2-4aed3bb66bd2', 'd32a47d5-84f4-52bf-8452-b5a811c483c0', 'b0fef7e2-a519-5761-94af-2a9816a456c8', '52d27647-9af9-5c90-a25f-27ad81a92912', 'bd5262c3-5bee-500b-8168-3a20b1c9658e', '6f0895db-c8ec-5deb-b905-476b1e810590', '83bde24c-9328-53aa-a2ea-8799400cf723', 'c368fd81-10f8-5578-a8db-30892ba31989', '8bf97a84-5ed3-5b05-a3ce-b97daa199ab1', '1c0241ac-da79-5d29-a91d-05e5bb066d90', 'f3a2f3be-cdc7-5cac-a144-afde96cdb068', 'c884903f-9a2b-5c27-8f2d-b3fd4235dd97', '157b6b94-2afd-5150-8c62-7e0b2ee0419a', '1d40674e-835e-5893-92d6-5b4bd3ce94a3', 'f69bba68-d4ee-55bf-bc6d-5f17990b89a0', 'dc0c0c75-02b8-5bc8-880f-8c236c5e7d37', '25a05f24-7e5c-585c-ae4f-48bfcf978cf6', '00bdaa41-6224-5968-8fb7-2af5b56cf30a', '80141910-9f41-511c-8cca-5d179ab2ac36', 'ebd0f319-61c1-519f-bb99-e4dcb011644f', '2afe3d70-2ad4-5b04-8a0c-277a629d596e', 'aab29dbc-ab45-57e6-9ad1-8838498987b8', '92680c8f-02bf-534f-a984-7daac7d6e9ca', '59055a73-4fcc-5452-a006-e3644ac7e94a']"
1747,"['4953860b-37ee-56c4-ae37-6b17b8f50b9a', '7cf55489-aa6b-58b0-9951-9ff0f96cac26', '18f3d3fc-6bc3-5f43-8688-631e4fa361c3', 'cbf35677-9b7c-5d40-a549-06d44c340b4a', 'd26836a0-3bc1-5f90-8f1d-922823d6a8e9', 'dc7e2e07-d114-59e3-8293-721cdbb031ed', '4b1c1b58-edc7-5382-9088-9d37a32aa506', 'b4798a57-4cdd-56a1-b97c-5559d88368f6', '4804963d-99e6-53dd-aac9-7947cb46656c', '3bfdfea0-e588-5fd9-9e0b-1637190e9a68', 'b3f82067-68ca-5412-98fb-8df618b7f632', '3d907a5c-e064-5faf-8f6d-e3641f44f6e0', '2a81745c-e88d-5048-8f99-64ae27a44138', '9724eb6a-88ac-5620-8446-9a4ac8bc0891', '0a187903-507f-5edb-a202-e1d398cdecc5', '6f0895db-c8ec-5deb-b905-476b1e810590', '14749ad1-b9e3-5543-859e-d90aca06bd98', '30c5c5da-7945-5d74-9b3d-19954a9efd06', 'b8e7fca5-ed0b-5acd-88b2-4aed3bb66bd2', '0c19312b-8681-5e96-8e77-063069b0c0d3', '24f95da0-496e-5ff2-b116-b5fb90a06a69', '78a730be-8f27-5a60-9b89-4fcbcfcf9e69', 'af97eb2e-cb0e-5b91-a458-f7642011d3f2', '205f6d00-407d-5814-b5aa-ed7c07e79e0a', '1c0241ac-da79-5d29-a91d-05e5bb066d90', '596cadcf-7d11-5ccc-876c-73a100738a63', '157b6b94-2afd-5150-8c62-7e0b2ee0419a', '76037139-8ecd-5c66-93f5-39c2924b0130', 'aec543c8-b702-550b-b8a5-2c7bf6530b69', 'e43c68e3-ab81-5f63-beee-78dd8485b270', 'bd5262c3-5bee-500b-8168-3a20b1c9658e', 'f69bba68-d4ee-55bf-bc6d-5f17990b89a0', 'f3a2f3be-cdc7-5cac-a144-afde96cdb068', '52d27647-9af9-5c90-a25f-27ad81a92912', '80141910-9f41-511c-8cca-5d179ab2ac36', '8bf97a84-5ed3-5b05-a3ce-b97daa199ab1', '838d75b9-65c6-5d8b-a700-55193862e7c1', '1d40674e-835e-5893-92d6-5b4bd3ce94a3', 'dc0c0c75-02b8-5bc8-880f-8c236c5e7d37', 'ebd0f319-61c1-519f-bb99-e4dcb011644f', 'd32a47d5-84f4-52bf-8452-b5a811c483c0', 'aab29dbc-ab45-57e6-9ad1-8838498987b8', 'c884903f-9a2b-5c27-8f2d-b3fd4235dd97', '00bdaa41-6224-5968-8fb7-2af5b56cf30a', '59055a73-4fcc-5452-a006-e3644ac7e94a', 'c368fd81-10f8-5578-a8db-30892ba31989', '92680c8f-02bf-534f-a984-7daac7d6e9ca', 'b0fef7e2-a519-5761-94af-2a9816a456c8', '83bde24c-9328-53aa-a2ea-8799400cf723', 'bae954dc-04cf-5299-80d0-adf7e1e0e7f8']"
1848,"['18f3d3fc-6bc3-5f43-8688-631e4fa361c3', '4953860b-37ee-56c4-ae37-6b17b8f50b9a', '76037139-8ecd-5c66-93f5-39c2924b0130', 'd26836a0-3bc1-5f90-8f1d-922823d6a8e9', '7cf55489-aa6b-58b0-9951-9ff0f96cac26', 'dc7e2e07-d114-59e3-8293-721cdbb031ed', '3bfdfea0-e588-5fd9-9e0b-1637190e9a68', '2a81745c-e88d-5048-8f99-64ae27a44138', '4804963d-99e6-53dd-aac9-7947cb46656c', '596cadcf-7d11-5ccc-876c-73a100738a63', '9724eb6a-88ac-5620-8446-9a4ac8bc0891', '3d907a5c-e064-5faf-8f6d-e3641f44f6e0', 'b3f82067-68ca-5412-98fb-8df618b7f632', '0a187903-507f-5edb-a202-e1d398cdecc5', 'cbf35677-9b7c-5d40-a549-06d44c340b4a', '4b1c1b58-edc7-5382-9088-9d37a32aa506', 'b4798a57-4cdd-56a1-b97c-5559d88368f6', 'aec543c8-b702-550b-b8a5-2c7bf6530b69', 'e43c68e3-ab81-5f63-beee-78dd8485b270', 'af97eb2e-cb0e-5b91-a458-f7642011d3f2', '24f95da0-496e-5ff2-b116-b5fb90a06a69', '14749ad1-b9e3-5543-859e-d90aca06bd98', '157b6b94-2afd-5150-8c62-7e0b2ee0419a', '6f0895db-c8ec-5deb-b905-476b1e810590', '30c5c5da-7945-5d74-9b3d-19954a9efd06', '52d27647-9af9-5c90-a25f-27ad81a92912', '205f6d00-407d-5814-b5aa-ed7c07e79e0a', 'c368fd81-10f8-5578-a8db-30892ba31989', '1c0241ac-da79-5d29-a91d-05e5bb066d90', 'bd5262c3-5bee-500b-8168-3a20b1c9658e', '8bf97a84-5ed3-5b05-a3ce-b97daa199ab1', 'b8e7fca5-ed0b-5acd-88b2-4aed3bb66bd2', 'ebd0f319-61c1-519f-bb99-e4dcb011644f', '78a730be-8f27-5a60-9b89-4fcbcfcf9e69', 'f3a2f3be-cdc7-5cac-a144-afde96cdb068', '59055a73-4fcc-5452-a006-e3644ac7e94a', 'c884903f-9a2b-5c27-8f2d-b3fd4235dd97', 'd32a47d5-84f4-52bf-8452-b5a811c483c0', 'dc0c0c75-02b8-5bc8-880f-8c236c5e7d37', '1d40674e-835e-5893-92d6-5b4bd3ce94a3', '2afe3d70-2ad4-5b04-8a0c-277a629d596e', 'f69bba68-d4ee-55bf-bc6d-5f17990b89a0', '0c19312b-8681-5e96-8e77-063069b0c0d3', '838d75b9-65c6-5d8b-a700-55193862e7c1', '83bde24c-9328-53aa-a2ea-8799400cf723', '80141910-9f41-511c-8cca-5d179ab2ac36', '00bdaa41-6224-5968-8fb7-2af5b56cf30a', '25a05f24-7e5c-585c-ae4f-48bfcf978cf6', '92680c8f-02bf-534f-a984-7daac7d6e9ca', 'b0fef7e2-a519-5761-94af-2a9816a456c8']"
1858,"['4953860b-37ee-56c4-ae37-6b17b8f50b9a', 'cbf35677-9b7c-5d40-a549-06d44c340b4a', '18f3d3fc-6bc3-5f43-8688-631e4fa361c3', 'd26836a0-3bc1-5f90-8f1d-922823d6a8e9', 'dc7e2e07-d114-59e3-8293-721cdbb031ed', '7cf55489-aa6b-58b0-9951-9ff0f96cac26', '14749ad1-b9e3-5543-859e-d90aca06bd98', '30c5c5da-7945-5d74-9b3d-19954a9efd06', '4804963d-99e6-53dd-aac9-7947cb46656c', '9724eb6a-88ac-5620-8446-9a4ac8bc0891', '3bfdfea0-e588-5fd9-9e0b-1637190e9a68', '2a81745c-e88d-5048-8f99-64ae27a44138', '6f0895db-c8ec-5deb-b905-476b1e810590', '205f6d00-407d-5814-b5aa-ed7c07e79e0a', 'b4798a57-4cdd-56a1-b97c-5559d88368f6', '3d907a5c-e064-5faf-8f6d-e3641f44f6e0', '0c19312b-8681-5e96-8e77-063069b0c0d3', '1c0241ac-da79-5d29-a91d-05e5bb066d90', '838d75b9-65c6-5d8b-a700-55193862e7c1', '1d40674e-835e-5893-92d6-5b4bd3ce94a3', '157b6b94-2afd-5150-8c62-7e0b2ee0419a', '00bdaa41-6224-5968-8fb7-2af5b56cf30a', '4b1c1b58-edc7-5382-9088-9d37a32aa506', 'f3a2f3be-cdc7-5cac-a144-afde96cdb068', '76037139-8ecd-5c66-93f5-39c2924b0130', 'f69bba68-d4ee-55bf-bc6d-5f17990b89a0', '0a187903-507f-5edb-a202-e1d398cdecc5', 'b3f82067-68ca-5412-98fb-8df618b7f632', 'dc0c0c75-02b8-5bc8-880f-8c236c5e7d37', 'b8e7fca5-ed0b-5acd-88b2-4aed3bb66bd2', 'af97eb2e-cb0e-5b91-a458-f7642011d3f2', 'aec543c8-b702-550b-b8a5-2c7bf6530b69', '8bf97a84-5ed3-5b05-a3ce-b97daa199ab1', '24f95da0-496e-5ff2-b116-b5fb90a06a69', 'ebd0f319-61c1-519f-bb99-e4dcb011644f', '2afe3d70-2ad4-5b04-8a0c-277a629d596e', 'e43c68e3-ab81-5f63-beee-78dd8485b270', 'c884903f-9a2b-5c27-8f2d-b3fd4235dd97', 'd32a47d5-84f4-52bf-8452-b5a811c483c0', 'bae954dc-04cf-5299-80d0-adf7e1e0e7f8', 'bd5262c3-5bee-500b-8168-3a20b1c9658e', '52d27647-9af9-5c90-a25f-27ad81a92912', 'c368fd81-10f8-5578-a8db-30892ba31989', 'aab29dbc-ab45-57e6-9ad1-8838498987b8', '92680c8f-02bf-534f-a984-7daac7d6e9ca', '25a05f24-7e5c-585c-ae4f-48bfcf978cf6', '59055a73-4fcc-5452-a006-e3644ac7e94a', '78a730be-8f27-5a60-9b89-4fcbcfcf9e69', '9b163f45-7028-52bb-b6cf-a0032a12aa7f', '80141910-9f41-511c-8cca-5d179ab2ac36']"
2084,"['18f3d3fc-6bc3-5f43-8688-631e4fa361c3', '4b1c1b58-edc7-5382-9088-9d37a32aa506', '7cf55489-aa6b-58b0-9951-9ff0f96cac26', '4953860b-37ee-56c4-ae37-6b17b8f50b9a', '4804963d-99e6-53dd-aac9-7947cb46656c', 'cbf35677-9b7c-5d40-a549-06d44c340b4a', '3d907a5c-e064-5faf-8f6d-e3641f44f6e0', '9724eb6a-88ac-5620-8446-9a4ac8bc0891', '3bfdfea0-e588-5fd9-9e0b-1637190e9a68', 'd26836a0-3bc1-5f90-8f1d-922823d6a8e9', '78a730be-8f27-5a60-9b89-4fcbcfcf9e69', 'dc7e2e07-d114-59e3-8293-721cdbb031ed', 'b8e7fca5-ed0b-5acd-88b2-4aed3bb66bd2', 'b4798a57-4cdd-56a1-b97c-5559d88368f6', '596cadcf-7d11-5ccc-876c-73a100738a63', '24f95da0-496e-5ff2-b116-b5fb90a06a69', '6f0895db-c8ec-5deb-b905-476b1e810590', '2a81745c-e88d-5048-8f99-64ae27a44138', '0c19312b-8681-5e96-8e77-063069b0c0d3', 'b3f82067-68ca-5412-98fb-8df618b7f632', '0a187903-507f-5edb-a202-e1d398cdecc5', '1c0241ac-da79-5d29-a91d-05e5bb066d90', '205f6d00-407d-5814-b5aa-ed7c07e79e0a', '14749ad1-b9e3-5543-859e-d90aca06bd98', 'e43c68e3-ab81-5f63-beee-78dd8485b270', 'aec543c8-b702-550b-b8a5-2c7bf6530b69', 'dc0c0c75-02b8-5bc8-880f-8c236c5e7d37', '76037139-8ecd-5c66-93f5-39c2924b0130', '30c5c5da-7945-5d74-9b3d-19954a9efd06', 'af97eb2e-cb0e-5b91-a458-f7642011d3f2', '838d75b9-65c6-5d8b-a700-55193862e7c1', '8bf97a84-5ed3-5b05-a3ce-b97daa199ab1', 'ebd0f319-61c1-519f-bb99-e4dcb011644f', '157b6b94-2afd-5150-8c62-7e0b2ee0419a', 'bd5262c3-5bee-500b-8168-3a20b1c9658e', '80141910-9f41-511c-8cca-5d179ab2ac36', '1d40674e-835e-5893-92d6-5b4bd3ce94a3', '52d27647-9af9-5c90-a25f-27ad81a92912', 'c884903f-9a2b-5c27-8f2d-b3fd4235dd97', '92680c8f-02bf-534f-a984-7daac7d6e9ca', 'd32a47d5-84f4-52bf-8452-b5a811c483c0', 'f3a2f3be-cdc7-5cac-a144-afde96cdb068', 'c368fd81-10f8-5578-a8db-30892ba31989', 'bae954dc-04cf-5299-80d0-adf7e1e0e7f8', 'aab29dbc-ab45-57e6-9ad1-8838498987b8', '59055a73-4fcc-5452-a006-e3644ac7e94a', 'f69bba68-d4ee-55bf-bc6d-5f17990b89a0', 'b0fef7e2-a519-5761-94af-2a9816a456c8', '83bde24c-9328-53aa-a2ea-8799400cf723', '9851c0b7-1584-5469-8ae7-c2a044b02326']"
2102,"['7cf55489-aa6b-58b0-9951-9ff0f96cac26', '0a187903-507f-5edb-a202-e1d398cdecc5', '4953860b-37ee-56c4-ae37-6b17b8f50b9a', '18f3d3fc-6bc3-5f43-8688-631e4fa361c3', '4b1c1b58-edc7-5382-9088-9d37a32aa506', 'd26836a0-3bc1-5f90-8f1d-922823d6a8e9', '3bfdfea0-e588-5fd9-9e0b-1637190e9a68', '80141910-9f41-511c-8cca-5d179ab2ac36', '78a730be-8f27-5a60-9b89-4fcbcfcf9e69', '3d907a5c-e064-5faf-8f6d-e3641f44f6e0', 'cbf35677-9b7c-5d40-a549-06d44c340b4a', '4804963d-99e6-53dd-aac9-7947cb46656c', '596cadcf-7d11-5ccc-876c-73a100738a63', 'b3f82067-68ca-5412-98fb-8df618b7f632', 'b8e7fca5-ed0b-5acd-88b2-4aed3bb66bd2', 'b4798a57-4cdd-56a1-b97c-5559d88368f6', '9724eb6a-88ac-5620-8446-9a4ac8bc0891', '6f0895db-c8ec-5deb-b905-476b1e810590', '30c5c5da-7945-5d74-9b3d-19954a9efd06', '0c19312b-8681-5e96-8e77-063069b0c0d3', 'dc7e2e07-d114-59e3-8293-721cdbb031ed', 'e43c68e3-ab81-5f63-beee-78dd8485b270', '1c0241ac-da79-5d29-a91d-05e5bb066d90', '2a81745c-e88d-5048-8f99-64ae27a44138', 'af97eb2e-cb0e-5b91-a458-f7642011d3f2', '205f6d00-407d-5814-b5aa-ed7c07e79e0a', 'aec543c8-b702-550b-b8a5-2c7bf6530b69', '83bde24c-9328-53aa-a2ea-8799400cf723', '52d27647-9af9-5c90-a25f-27ad81a92912', 'bd5262c3-5bee-500b-8168-3a20b1c9658e', '59055a73-4fcc-5452-a006-e3644ac7e94a', 'c368fd81-10f8-5578-a8db-30892ba31989', 'dc0c0c75-02b8-5bc8-880f-8c236c5e7d37', '76037139-8ecd-5c66-93f5-39c2924b0130', 'f69bba68-d4ee-55bf-bc6d-5f17990b89a0', '9851c0b7-1584-5469-8ae7-c2a044b02326', '24f95da0-496e-5ff2-b116-b5fb90a06a69', '157b6b94-2afd-5150-8c62-7e0b2ee0419a', '14749ad1-b9e3-5543-859e-d90aca06bd98', 'f3a2f3be-cdc7-5cac-a144-afde96cdb068', 'd32a47d5-84f4-52bf-8452-b5a811c483c0', '75503f1c-7aec-51e6-a2f3-63476fb02b57', '1d40674e-835e-5893-92d6-5b4bd3ce94a3', '8bf97a84-5ed3-5b05-a3ce-b97daa199ab1', '838d75b9-65c6-5d8b-a700-55193862e7c1', 'c884903f-9a2b-5c27-8f2d-b3fd4235dd97', 'ebd0f319-61c1-519f-bb99-e4dcb011644f', 'aab29dbc-ab45-57e6-9ad1-8838498987b8', '25a05f24-7e5c-585c-ae4f-48bfcf978cf6', '110901ad-0f6c-5157-9c7d-e1a8d44fb484']"
2111,"['cbf35677-9b7c-5d40-a549-06d44c340b4a', '0a187903-507f-5edb-a202-e1d398cdecc5', '4b1c1b58-edc7-5382-9088-9d37a32aa506', 'd26836a0-3bc1-5f90-8f1d-922823d6a8e9', '7cf55489-aa6b-58b0-9951-9ff0f96cac26', 'b4798a57-4cdd-56a1-b97c-5559d88368f6', '4953860b-37ee-56c4-ae37-6b17b8f50b9a', '6f0895db-c8ec-5deb-b905-476b1e810590', 'b3f82067-68ca-5412-98fb-8df618b7f632', 'dc7e2e07-d114-59e3-8293-721cdbb031ed', '30c5c5da-7945-5d74-9b3d-19954a9efd06', '205f6d00-407d-5814-b5aa-ed7c07e79e0a', '1c0241ac-da79-5d29-a91d-05e5bb066d90', '18f3d3fc-6bc3-5f43-8688-631e4fa361c3', '14749ad1-b9e3-5543-859e-d90aca06bd98', '3bfdfea0-e588-5fd9-9e0b-1637190e9a68', '157b6b94-2afd-5150-8c62-7e0b2ee0419a', '9724eb6a-88ac-5620-8446-9a4ac8bc0891', 'af97eb2e-cb0e-5b91-a458-f7642011d3f2', '3d907a5c-e064-5faf-8f6d-e3641f44f6e0', '4804963d-99e6-53dd-aac9-7947cb46656c', '78a730be-8f27-5a60-9b89-4fcbcfcf9e69', '0c19312b-8681-5e96-8e77-063069b0c0d3', 'bd5262c3-5bee-500b-8168-3a20b1c9658e', 'c884903f-9a2b-5c27-8f2d-b3fd4235dd97', 'f69bba68-d4ee-55bf-bc6d-5f17990b89a0', 'b8e7fca5-ed0b-5acd-88b2-4aed3bb66bd2', '1d40674e-835e-5893-92d6-5b4bd3ce94a3', '838d75b9-65c6-5d8b-a700-55193862e7c1', '52d27647-9af9-5c90-a25f-27ad81a92912', 'c368fd81-10f8-5578-a8db-30892ba31989', '596cadcf-7d11-5ccc-876c-73a100738a63', '00bdaa41-6224-5968-8fb7-2af5b56cf30a', '2a81745c-e88d-5048-8f99-64ae27a44138', '76037139-8ecd-5c66-93f5-39c2924b0130', 'e43c68e3-ab81-5f63-beee-78dd8485b270', 'ebd0f319-61c1-519f-bb99-e4dcb011644f', '80141910-9f41-511c-8cca-5d179ab2ac36', 'd32a47d5-84f4-52bf-8452-b5a811c483c0', '59055a73-4fcc-5452-a006-e3644ac7e94a', 'aec543c8-b702-550b-b8a5-2c7bf6530b69', 'f3a2f3be-cdc7-5cac-a144-afde96cdb068', '25a05f24-7e5c-585c-ae4f-48bfcf978cf6', '24f95da0-496e-5ff2-b116-b5fb90a06a69', '2afe3d70-2ad4-5b04-8a0c-277a629d596e', 'bae954dc-04cf-5299-80d0-adf7e1e0e7f8', '83bde24c-9328-53aa-a2ea-8799400cf723', '75503f1c-7aec-51e6-a2f3-63476fb02b57', '8bf97a84-5ed3-5b05-a3ce-b97daa199ab1', 'aab29dbc-ab45-57e6-9ad1-8838498987b8']"
2159,"['0a187903-507f-5edb-a202-e1d398cdecc5', '18f3d3fc-6bc3-5f43-8688-631e4fa361c3', '4b1c1b58-edc7-5382-9088-9d37a32aa506', '7cf55489-aa6b-58b0-9951-9ff0f96cac26', 'cbf35677-9b7c-5d40-a549-06d44c340b4a', '6f0895db-c8ec-5deb-b905-476b1e810590', '4953860b-37ee-56c4-ae37-6b17b8f50b9a', '596cadcf-7d11-5ccc-876c-73a100738a63', 'b4798a57-4cdd-56a1-b97c-5559d88368f6', 'd26836a0-3bc1-5f90-8f1d-922823d6a8e9', '78a730be-8f27-5a60-9b89-4fcbcfcf9e69', 'dc7e2e07-d114-59e3-8293-721cdbb031ed', '3bfdfea0-e588-5fd9-9e0b-1637190e9a68', '4804963d-99e6-53dd-aac9-7947cb46656c', 'b8e7fca5-ed0b-5acd-88b2-4aed3bb66bd2', '3d907a5c-e064-5faf-8f6d-e3641f44f6e0', 'b3f82067-68ca-5412-98fb-8df618b7f632', '1c0241ac-da79-5d29-a91d-05e5bb066d90', '9724eb6a-88ac-5620-8446-9a4ac8bc0891', '157b6b94-2afd-5150-8c62-7e0b2ee0419a', '80141910-9f41-511c-8cca-5d179ab2ac36', '52d27647-9af9-5c90-a25f-27ad81a92912', '30c5c5da-7945-5d74-9b3d-19954a9efd06', '24f95da0-496e-5ff2-b116-b5fb90a06a69', '59055a73-4fcc-5452-a006-e3644ac7e94a', 'af97eb2e-cb0e-5b91-a458-f7642011d3f2', 'c884903f-9a2b-5c27-8f2d-b3fd4235dd97', 'ebd0f319-61c1-519f-bb99-e4dcb011644f', '2a81745c-e88d-5048-8f99-64ae27a44138', '205f6d00-407d-5814-b5aa-ed7c07e79e0a', '14749ad1-b9e3-5543-859e-d90aca06bd98', '76037139-8ecd-5c66-93f5-39c2924b0130', '0c19312b-8681-5e96-8e77-063069b0c0d3', '83bde24c-9328-53aa-a2ea-8799400cf723', 'e43c68e3-ab81-5f63-beee-78dd8485b270', 'bd5262c3-5bee-500b-8168-3a20b1c9658e', '8bf97a84-5ed3-5b05-a3ce-b97daa199ab1', 'aec543c8-b702-550b-b8a5-2c7bf6530b69', 'f3a2f3be-cdc7-5cac-a144-afde96cdb068', '838d75b9-65c6-5d8b-a700-55193862e7c1', 'd32a47d5-84f4-52bf-8452-b5a811c483c0', 'f69bba68-d4ee-55bf-bc6d-5f17990b89a0', 'dc0c0c75-02b8-5bc8-880f-8c236c5e7d37', '9851c0b7-1584-5469-8ae7-c2a044b02326', '1d40674e-835e-5893-92d6-5b4bd3ce94a3', '75503f1c-7aec-51e6-a2f3-63476fb02b57', '92680c8f-02bf-534f-a984-7daac7d6e9ca', 'c368fd81-10f8-5578-a8db-30892ba31989', '9b163f45-7028-52bb-b6cf-a0032a12aa7f', '25a05f24-7e5c-585c-ae4f-48bfcf978cf6']"
2170,"['cbf35677-9b7c-5d40-a549-06d44c340b4a', '3d907a5c-e064-5faf-8f6d-e3641f44f6e0', '4b1c1b58-edc7-5382-9088-9d37a32aa506', '4953860b-37ee-56c4-ae37-6b17b8f50b9a', '7cf55489-aa6b-58b0-9951-9ff0f96cac26', '0c19312b-8681-5e96-8e77-063069b0c0d3', 'b3f82067-68ca-5412-98fb-8df618b7f632', 'b4798a57-4cdd-56a1-b97c-5559d88368f6', '18f3d3fc-6bc3-5f43-8688-631e4fa361c3', '9724eb6a-88ac-5620-8446-9a4ac8bc0891', '0a187903-507f-5edb-a202-e1d398cdecc5', 'af97eb2e-cb0e-5b91-a458-f7642011d3f2', 'd26836a0-3bc1-5f90-8f1d-922823d6a8e9', '205f6d00-407d-5814-b5aa-ed7c07e79e0a', '4804963d-99e6-53dd-aac9-7947cb46656c', '2a81745c-e88d-5048-8f99-64ae27a44138', '78a730be-8f27-5a60-9b89-4fcbcfcf9e69', '3bfdfea0-e588-5fd9-9e0b-1637190e9a68', '30c5c5da-7945-5d74-9b3d-19954a9efd06', 'dc7e2e07-d114-59e3-8293-721cdbb031ed', '14749ad1-b9e3-5543-859e-d90aca06bd98', '6f0895db-c8ec-5deb-b905-476b1e810590', '596cadcf-7d11-5ccc-876c-73a100738a63', 'b8e7fca5-ed0b-5acd-88b2-4aed3bb66bd2', '24f95da0-496e-5ff2-b116-b5fb90a06a69', 'bd5262c3-5bee-500b-8168-3a20b1c9658e', 'ebd0f319-61c1-519f-bb99-e4dcb011644f', 'e43c68e3-ab81-5f63-beee-78dd8485b270', '838d75b9-65c6-5d8b-a700-55193862e7c1', '92680c8f-02bf-534f-a984-7daac7d6e9ca', '52d27647-9af9-5c90-a25f-27ad81a92912', '75503f1c-7aec-51e6-a2f3-63476fb02b57', '1d40674e-835e-5893-92d6-5b4bd3ce94a3', 'b0fef7e2-a519-5761-94af-2a9816a456c8', '157b6b94-2afd-5150-8c62-7e0b2ee0419a', 'f3a2f3be-cdc7-5cac-a144-afde96cdb068', '1c0241ac-da79-5d29-a91d-05e5bb066d90', 'dc0c0c75-02b8-5bc8-880f-8c236c5e7d37', 'c884903f-9a2b-5c27-8f2d-b3fd4235dd97', 'aec543c8-b702-550b-b8a5-2c7bf6530b69', 'd32a47d5-84f4-52bf-8452-b5a811c483c0', '80141910-9f41-511c-8cca-5d179ab2ac36', 'f69bba68-d4ee-55bf-bc6d-5f17990b89a0', '59055a73-4fcc-5452-a006-e3644ac7e94a', '8bf97a84-5ed3-5b05-a3ce-b97daa199ab1', '00bdaa41-6224-5968-8fb7-2af5b56cf30a', 'ff622828-7bdf-577e-ae20-bf4f9d896219', '76037139-8ecd-5c66-93f5-39c2924b0130', '25a05f24-7e5c-585c-ae4f-48bfcf978cf6', '83bde24c-9328-53aa-a2ea-8799400cf723']"
2181,"['cbf35677-9b7c-5d40-a549-06d44c340b4a', '4b1c1b58-edc7-5382-9088-9d37a32aa506', 'd26836a0-3bc1-5f90-8f1d-922823d6a8e9', '6f0895db-c8ec-5deb-b905-476b1e810590', '0a187903-507f-5edb-a202-e1d398cdecc5', '18f3d3fc-6bc3-5f43-8688-631e4fa361c3', '4953860b-37ee-56c4-ae37-6b17b8f50b9a', 'b3f82067-68ca-5412-98fb-8df618b7f632', '7cf55489-aa6b-58b0-9951-9ff0f96cac26', 'dc7e2e07-d114-59e3-8293-721cdbb031ed', '1c0241ac-da79-5d29-a91d-05e5bb066d90', '3bfdfea0-e588-5fd9-9e0b-1637190e9a68', 'b4798a57-4cdd-56a1-b97c-5559d88368f6', 'af97eb2e-cb0e-5b91-a458-f7642011d3f2', '30c5c5da-7945-5d74-9b3d-19954a9efd06', '9724eb6a-88ac-5620-8446-9a4ac8bc0891', '157b6b94-2afd-5150-8c62-7e0b2ee0419a', '4804963d-99e6-53dd-aac9-7947cb46656c', '0c19312b-8681-5e96-8e77-063069b0c0d3', '3d907a5c-e064-5faf-8f6d-e3641f44f6e0', '596cadcf-7d11-5ccc-876c-73a100738a63', '205f6d00-407d-5814-b5aa-ed7c07e79e0a', '14749ad1-b9e3-5543-859e-d90aca06bd98', '76037139-8ecd-5c66-93f5-39c2924b0130', 'f69bba68-d4ee-55bf-bc6d-5f17990b89a0', '78a730be-8f27-5a60-9b89-4fcbcfcf9e69', '24f95da0-496e-5ff2-b116-b5fb90a06a69', 'c884903f-9a2b-5c27-8f2d-b3fd4235dd97', '2a81745c-e88d-5048-8f99-64ae27a44138', 'f3a2f3be-cdc7-5cac-a144-afde96cdb068', 'bd5262c3-5bee-500b-8168-3a20b1c9658e', '838d75b9-65c6-5d8b-a700-55193862e7c1', '52d27647-9af9-5c90-a25f-27ad81a92912', 'c368fd81-10f8-5578-a8db-30892ba31989', 'e43c68e3-ab81-5f63-beee-78dd8485b270', 'aab29dbc-ab45-57e6-9ad1-8838498987b8', '9b163f45-7028-52bb-b6cf-a0032a12aa7f', '1d40674e-835e-5893-92d6-5b4bd3ce94a3', 'aec543c8-b702-550b-b8a5-2c7bf6530b69', 'ebd0f319-61c1-519f-bb99-e4dcb011644f', '2afe3d70-2ad4-5b04-8a0c-277a629d596e', '83bde24c-9328-53aa-a2ea-8799400cf723', '92680c8f-02bf-534f-a984-7daac7d6e9ca', 'b8e7fca5-ed0b-5acd-88b2-4aed3bb66bd2', '80141910-9f41-511c-8cca-5d179ab2ac36', 'd32a47d5-84f4-52bf-8452-b5a811c483c0', '8bf97a84-5ed3-5b05-a3ce-b97daa199ab1', '59055a73-4fcc-5452-a006-e3644ac7e94a', 'dc0c0c75-02b8-5bc8-880f-8c236c5e7d37', 'b0fef7e2-a519-5761-94af-2a9816a456c8']"
2203,"['4953860b-37ee-56c4-ae37-6b17b8f50b9a', '7cf55489-aa6b-58b0-9951-9ff0f96cac26', 'd26836a0-3bc1-5f90-8f1d-922823d6a8e9', 'cbf35677-9b7c-5d40-a549-06d44c340b4a', '4b1c1b58-edc7-5382-9088-9d37a32aa506', '3d907a5c-e064-5faf-8f6d-e3641f44f6e0', 'e43c68e3-ab81-5f63-beee-78dd8485b270', '0c19312b-8681-5e96-8e77-063069b0c0d3', 'dc7e2e07-d114-59e3-8293-721cdbb031ed', '18f3d3fc-6bc3-5f43-8688-631e4fa361c3', '30c5c5da-7945-5d74-9b3d-19954a9efd06', '9724eb6a-88ac-5620-8446-9a4ac8bc0891', '4804963d-99e6-53dd-aac9-7947cb46656c', '3bfdfea0-e588-5fd9-9e0b-1637190e9a68', 'b3f82067-68ca-5412-98fb-8df618b7f632', '2a81745c-e88d-5048-8f99-64ae27a44138', 'dc0c0c75-02b8-5bc8-880f-8c236c5e7d37', '6f0895db-c8ec-5deb-b905-476b1e810590', 'b4798a57-4cdd-56a1-b97c-5559d88368f6', '205f6d00-407d-5814-b5aa-ed7c07e79e0a', 'bd5262c3-5bee-500b-8168-3a20b1c9658e', '78a730be-8f27-5a60-9b89-4fcbcfcf9e69', '0a187903-507f-5edb-a202-e1d398cdecc5', '24f95da0-496e-5ff2-b116-b5fb90a06a69', 'b8e7fca5-ed0b-5acd-88b2-4aed3bb66bd2', '596cadcf-7d11-5ccc-876c-73a100738a63', '14749ad1-b9e3-5543-859e-d90aca06bd98', 'af97eb2e-cb0e-5b91-a458-f7642011d3f2', '1c0241ac-da79-5d29-a91d-05e5bb066d90', 'aab29dbc-ab45-57e6-9ad1-8838498987b8', '76037139-8ecd-5c66-93f5-39c2924b0130', 'b0fef7e2-a519-5761-94af-2a9816a456c8', 'f3a2f3be-cdc7-5cac-a144-afde96cdb068', 'aec543c8-b702-550b-b8a5-2c7bf6530b69', '8bf97a84-5ed3-5b05-a3ce-b97daa199ab1', 'c884903f-9a2b-5c27-8f2d-b3fd4235dd97', '1d40674e-835e-5893-92d6-5b4bd3ce94a3', 'c368fd81-10f8-5578-a8db-30892ba31989', '838d75b9-65c6-5d8b-a700-55193862e7c1', 'f69bba68-d4ee-55bf-bc6d-5f17990b89a0', '80141910-9f41-511c-8cca-5d179ab2ac36', '27a4b704-e841-56bc-9456-19cb785d2f8f', 'd32a47d5-84f4-52bf-8452-b5a811c483c0', '25a05f24-7e5c-585c-ae4f-48bfcf978cf6', '52d27647-9af9-5c90-a25f-27ad81a92912', 'ebd0f319-61c1-519f-bb99-e4dcb011644f', '92680c8f-02bf-534f-a984-7daac7d6e9ca', '4b04d6df-1302-550f-93f1-af9dd159b920', '9851c0b7-1584-5469-8ae7-c2a044b02326', '75503f1c-7aec-51e6-a2f3-63476fb02b57']"
2260,"['4953860b-37ee-56c4-ae37-6b17b8f50b9a', 'd26836a0-3bc1-5f90-8f1d-922823d6a8e9', '2a81745c-e88d-5048-8f99-64ae27a44138', 'b3f82067-68ca-5412-98fb-8df618b7f632', 'dc7e2e07-d114-59e3-8293-721cdbb031ed', '18f3d3fc-6bc3-5f43-8688-631e4fa361c3', '4b1c1b58-edc7-5382-9088-9d37a32aa506', '3bfdfea0-e588-5fd9-9e0b-1637190e9a68', 'cbf35677-9b7c-5d40-a549-06d44c340b4a', '6f0895db-c8ec-5deb-b905-476b1e810590', 'bd5262c3-5bee-500b-8168-3a20b1c9658e', '205f6d00-407d-5814-b5aa-ed7c07e79e0a', 'f3a2f3be-cdc7-5cac-a144-afde96cdb068', 'aec543c8-b702-550b-b8a5-2c7bf6530b69', '7cf55489-aa6b-58b0-9951-9ff0f96cac26', '4804963d-99e6-53dd-aac9-7947cb46656c', '0a187903-507f-5edb-a202-e1d398cdecc5', 'f69bba68-d4ee-55bf-bc6d-5f17990b89a0', '3d907a5c-e064-5faf-8f6d-e3641f44f6e0', '596cadcf-7d11-5ccc-876c-73a100738a63', 'af97eb2e-cb0e-5b91-a458-f7642011d3f2', '83bde24c-9328-53aa-a2ea-8799400cf723', '9724eb6a-88ac-5620-8446-9a4ac8bc0891', 'c368fd81-10f8-5578-a8db-30892ba31989', 'dc0c0c75-02b8-5bc8-880f-8c236c5e7d37', '0c19312b-8681-5e96-8e77-063069b0c0d3', '24f95da0-496e-5ff2-b116-b5fb90a06a69', '1c0241ac-da79-5d29-a91d-05e5bb066d90', 'b8e7fca5-ed0b-5acd-88b2-4aed3bb66bd2', '30c5c5da-7945-5d74-9b3d-19954a9efd06', '157b6b94-2afd-5150-8c62-7e0b2ee0419a', '45bbf1e9-09ba-5f39-a5c6-bb9e777c798f', 'e43c68e3-ab81-5f63-beee-78dd8485b270', '52d27647-9af9-5c90-a25f-27ad81a92912', '2afe3d70-2ad4-5b04-8a0c-277a629d596e', '78a730be-8f27-5a60-9b89-4fcbcfcf9e69', 'b4798a57-4cdd-56a1-b97c-5559d88368f6', '59055a73-4fcc-5452-a006-e3644ac7e94a', 'd32a47d5-84f4-52bf-8452-b5a811c483c0', '80141910-9f41-511c-8cca-5d179ab2ac36', '00bdaa41-6224-5968-8fb7-2af5b56cf30a', 'aab29dbc-ab45-57e6-9ad1-8838498987b8', '75503f1c-7aec-51e6-a2f3-63476fb02b57', 'b0fef7e2-a519-5761-94af-2a9816a456c8', 'c823c1a6-80f5-58af-b80f-e877ecad0118', '9b163f45-7028-52bb-b6cf-a0032a12aa7f', '110901ad-0f6c-5157-9c7d-e1a8d44fb484', '14749ad1-b9e3-5543-859e-d90aca06bd98', '57df6be5-3323-541f-8f7c-62682587fdb3', 'ee0c8245-5107-52eb-9b3e-551eba98c7fa']"
2355,"['4b1c1b58-edc7-5382-9088-9d37a32aa506', '4953860b-37ee-56c4-ae37-6b17b8f50b9a', '6f0895db-c8ec-5deb-b905-476b1e810590', '0a187903-507f-5edb-a202-e1d398cdecc5', '18f3d3fc-6bc3-5f43-8688-631e4fa361c3', 'd26836a0-3bc1-5f90-8f1d-922823d6a8e9', '7cf55489-aa6b-58b0-9951-9ff0f96cac26', '1c0241ac-da79-5d29-a91d-05e5bb066d90', '80141910-9f41-511c-8cca-5d179ab2ac36', '596cadcf-7d11-5ccc-876c-73a100738a63', '4804963d-99e6-53dd-aac9-7947cb46656c', '9724eb6a-88ac-5620-8446-9a4ac8bc0891', '3bfdfea0-e588-5fd9-9e0b-1637190e9a68', 'e43c68e3-ab81-5f63-beee-78dd8485b270', '78a730be-8f27-5a60-9b89-4fcbcfcf9e69', 'dc7e2e07-d114-59e3-8293-721cdbb031ed', 'aec543c8-b702-550b-b8a5-2c7bf6530b69', 'af97eb2e-cb0e-5b91-a458-f7642011d3f2', 'cbf35677-9b7c-5d40-a549-06d44c340b4a', 'ebd0f319-61c1-519f-bb99-e4dcb011644f', 'b3f82067-68ca-5412-98fb-8df618b7f632', 'b8e7fca5-ed0b-5acd-88b2-4aed3bb66bd2', '30c5c5da-7945-5d74-9b3d-19954a9efd06', '2a81745c-e88d-5048-8f99-64ae27a44138', '3d907a5c-e064-5faf-8f6d-e3641f44f6e0', 'bd5262c3-5bee-500b-8168-3a20b1c9658e', '205f6d00-407d-5814-b5aa-ed7c07e79e0a', '52d27647-9af9-5c90-a25f-27ad81a92912', 'b4798a57-4cdd-56a1-b97c-5559d88368f6', '24f95da0-496e-5ff2-b116-b5fb90a06a69', '838d75b9-65c6-5d8b-a700-55193862e7c1', 'c884903f-9a2b-5c27-8f2d-b3fd4235dd97', 'f3a2f3be-cdc7-5cac-a144-afde96cdb068', '59055a73-4fcc-5452-a006-e3644ac7e94a', '8bf97a84-5ed3-5b05-a3ce-b97daa199ab1', '157b6b94-2afd-5150-8c62-7e0b2ee0419a', '9851c0b7-1584-5469-8ae7-c2a044b02326', '76037139-8ecd-5c66-93f5-39c2924b0130', '0c19312b-8681-5e96-8e77-063069b0c0d3', '9b163f45-7028-52bb-b6cf-a0032a12aa7f', '14749ad1-b9e3-5543-859e-d90aca06bd98', 'f69bba68-d4ee-55bf-bc6d-5f17990b89a0', 'c368fd81-10f8-5578-a8db-30892ba31989', '1d40674e-835e-5893-92d6-5b4bd3ce94a3', 'd32a47d5-84f4-52bf-8452-b5a811c483c0', 'dc0c0c75-02b8-5bc8-880f-8c236c5e7d37', '83bde24c-9328-53aa-a2ea-8799400cf723', '4b04d6df-1302-550f-93f1-af9dd159b920', '92680c8f-02bf-534f-a984-7daac7d6e9ca', 'ff622828-7bdf-577e-ae20-bf4f9d896219']"
2371,"['cbf35677-9b7c-5d40-a549-06d44c340b4a', '0a187903-507f-5edb-a202-e1d398cdecc5', 'd26836a0-3bc1-5f90-8f1d-922823d6a8e9', '6f0895db-c8ec-5deb-b905-476b1e810590', '7cf55489-aa6b-58b0-9951-9ff0f96cac26', '18f3d3fc-6bc3-5f43-8688-631e4fa361c3', '78a730be-8f27-5a60-9b89-4fcbcfcf9e69', 'b4798a57-4cdd-56a1-b97c-5559d88368f6', '9724eb6a-88ac-5620-8446-9a4ac8bc0891', 'b3f82067-68ca-5412-98fb-8df618b7f632', 'b8e7fca5-ed0b-5acd-88b2-4aed3bb66bd2', 'af97eb2e-cb0e-5b91-a458-f7642011d3f2', '3bfdfea0-e588-5fd9-9e0b-1637190e9a68', '596cadcf-7d11-5ccc-876c-73a100738a63', '3d907a5c-e064-5faf-8f6d-e3641f44f6e0', 'dc7e2e07-d114-59e3-8293-721cdbb031ed', '14749ad1-b9e3-5543-859e-d90aca06bd98', '4b1c1b58-edc7-5382-9088-9d37a32aa506', '1c0241ac-da79-5d29-a91d-05e5bb066d90', 'dc0c0c75-02b8-5bc8-880f-8c236c5e7d37', '0c19312b-8681-5e96-8e77-063069b0c0d3', '4953860b-37ee-56c4-ae37-6b17b8f50b9a', '30c5c5da-7945-5d74-9b3d-19954a9efd06', '157b6b94-2afd-5150-8c62-7e0b2ee0419a', '1d40674e-835e-5893-92d6-5b4bd3ce94a3', '24f95da0-496e-5ff2-b116-b5fb90a06a69', 'c884903f-9a2b-5c27-8f2d-b3fd4235dd97', '205f6d00-407d-5814-b5aa-ed7c07e79e0a', '52d27647-9af9-5c90-a25f-27ad81a92912', '4804963d-99e6-53dd-aac9-7947cb46656c', 'b0fef7e2-a519-5761-94af-2a9816a456c8', '59055a73-4fcc-5452-a006-e3644ac7e94a', '2a81745c-e88d-5048-8f99-64ae27a44138', 'e43c68e3-ab81-5f63-beee-78dd8485b270', '83bde24c-9328-53aa-a2ea-8799400cf723', 'c368fd81-10f8-5578-a8db-30892ba31989', '838d75b9-65c6-5d8b-a700-55193862e7c1', 'aab29dbc-ab45-57e6-9ad1-8838498987b8', '8bf97a84-5ed3-5b05-a3ce-b97daa199ab1', '80141910-9f41-511c-8cca-5d179ab2ac36', '76037139-8ecd-5c66-93f5-39c2924b0130', 'd32a47d5-84f4-52bf-8452-b5a811c483c0', '92680c8f-02bf-534f-a984-7daac7d6e9ca', '9b163f45-7028-52bb-b6cf-a0032a12aa7f', 'ebd0f319-61c1-519f-bb99-e4dcb011644f', 'f69bba68-d4ee-55bf-bc6d-5f17990b89a0', 'f3a2f3be-cdc7-5cac-a144-afde96cdb068', '27a4b704-e841-56bc-9456-19cb785d2f8f', 'bd5262c3-5bee-500b-8168-3a20b1c9658e', 'bae954dc-04cf-5299-80d0-adf7e1e0e7f8']"
2453,"['cbf35677-9b7c-5d40-a549-06d44c340b4a', '0a187903-507f-5edb-a202-e1d398cdecc5', 'b4798a57-4cdd-56a1-b97c-5559d88368f6', '78a730be-8f27-5a60-9b89-4fcbcfcf9e69', '0c19312b-8681-5e96-8e77-063069b0c0d3', '7cf55489-aa6b-58b0-9951-9ff0f96cac26', '4b1c1b58-edc7-5382-9088-9d37a32aa506', '596cadcf-7d11-5ccc-876c-73a100738a63', '18f3d3fc-6bc3-5f43-8688-631e4fa361c3', '6f0895db-c8ec-5deb-b905-476b1e810590', '9724eb6a-88ac-5620-8446-9a4ac8bc0891', 'd26836a0-3bc1-5f90-8f1d-922823d6a8e9', '83bde24c-9328-53aa-a2ea-8799400cf723', 'b8e7fca5-ed0b-5acd-88b2-4aed3bb66bd2', 'c884903f-9a2b-5c27-8f2d-b3fd4235dd97', '59055a73-4fcc-5452-a006-e3644ac7e94a', '157b6b94-2afd-5150-8c62-7e0b2ee0419a', '3d907a5c-e064-5faf-8f6d-e3641f44f6e0', 'af97eb2e-cb0e-5b91-a458-f7642011d3f2', '838d75b9-65c6-5d8b-a700-55193862e7c1', '3bfdfea0-e588-5fd9-9e0b-1637190e9a68', '30c5c5da-7945-5d74-9b3d-19954a9efd06', '1c0241ac-da79-5d29-a91d-05e5bb066d90', '52d27647-9af9-5c90-a25f-27ad81a92912', '4804963d-99e6-53dd-aac9-7947cb46656c', 'b3f82067-68ca-5412-98fb-8df618b7f632', '1d40674e-835e-5893-92d6-5b4bd3ce94a3', '14749ad1-b9e3-5543-859e-d90aca06bd98', 'dc0c0c75-02b8-5bc8-880f-8c236c5e7d37', '9851c0b7-1584-5469-8ae7-c2a044b02326', '75503f1c-7aec-51e6-a2f3-63476fb02b57', '4953860b-37ee-56c4-ae37-6b17b8f50b9a', '205f6d00-407d-5814-b5aa-ed7c07e79e0a', 'ff622828-7bdf-577e-ae20-bf4f9d896219', 'e43c68e3-ab81-5f63-beee-78dd8485b270', 'd32a47d5-84f4-52bf-8452-b5a811c483c0', 'ebd0f319-61c1-519f-bb99-e4dcb011644f', '24f95da0-496e-5ff2-b116-b5fb90a06a69', '80141910-9f41-511c-8cca-5d179ab2ac36', '76037139-8ecd-5c66-93f5-39c2924b0130', 'dc7e2e07-d114-59e3-8293-721cdbb031ed', '8bf97a84-5ed3-5b05-a3ce-b97daa199ab1', 'f69bba68-d4ee-55bf-bc6d-5f17990b89a0', '25a05f24-7e5c-585c-ae4f-48bfcf978cf6', 'c368fd81-10f8-5578-a8db-30892ba31989', 'aab29dbc-ab45-57e6-9ad1-8838498987b8', '92680c8f-02bf-534f-a984-7daac7d6e9ca', 'b0fef7e2-a519-5761-94af-2a9816a456c8', '2a81745c-e88d-5048-8f99-64ae27a44138', 'bae954dc-04cf-5299-80d0-adf7e1e0e7f8']"
2588,"['4953860b-37ee-56c4-ae37-6b17b8f50b9a', '18f3d3fc-6bc3-5f43-8688-631e4fa361c3', '7cf55489-aa6b-58b0-9951-9ff0f96cac26', 'b4798a57-4cdd-56a1-b97c-5559d88368f6', '4804963d-99e6-53dd-aac9-7947cb46656c', 'b8e7fca5-ed0b-5acd-88b2-4aed3bb66bd2', '3d907a5c-e064-5faf-8f6d-e3641f44f6e0', 'dc7e2e07-d114-59e3-8293-721cdbb031ed', '596cadcf-7d11-5ccc-876c-73a100738a63', '78a730be-8f27-5a60-9b89-4fcbcfcf9e69', '2a81745c-e88d-5048-8f99-64ae27a44138', '30c5c5da-7945-5d74-9b3d-19954a9efd06', '8bf97a84-5ed3-5b05-a3ce-b97daa199ab1', '76037139-8ecd-5c66-93f5-39c2924b0130', '9724eb6a-88ac-5620-8446-9a4ac8bc0891', '24f95da0-496e-5ff2-b116-b5fb90a06a69', 'd26836a0-3bc1-5f90-8f1d-922823d6a8e9', '157b6b94-2afd-5150-8c62-7e0b2ee0419a', '0a187903-507f-5edb-a202-e1d398cdecc5', '14749ad1-b9e3-5543-859e-d90aca06bd98', 'ebd0f319-61c1-519f-bb99-e4dcb011644f', '0c19312b-8681-5e96-8e77-063069b0c0d3', '6f0895db-c8ec-5deb-b905-476b1e810590', 'cbf35677-9b7c-5d40-a549-06d44c340b4a', 'aec543c8-b702-550b-b8a5-2c7bf6530b69', '3bfdfea0-e588-5fd9-9e0b-1637190e9a68', '80141910-9f41-511c-8cca-5d179ab2ac36', '52d27647-9af9-5c90-a25f-27ad81a92912', 'e43c68e3-ab81-5f63-beee-78dd8485b270', '838d75b9-65c6-5d8b-a700-55193862e7c1', '59055a73-4fcc-5452-a006-e3644ac7e94a', 'f3a2f3be-cdc7-5cac-a144-afde96cdb068', '4b1c1b58-edc7-5382-9088-9d37a32aa506', '75503f1c-7aec-51e6-a2f3-63476fb02b57', 'bd5262c3-5bee-500b-8168-3a20b1c9658e', 'dc0c0c75-02b8-5bc8-880f-8c236c5e7d37', 'b3f82067-68ca-5412-98fb-8df618b7f632', 'af97eb2e-cb0e-5b91-a458-f7642011d3f2', '205f6d00-407d-5814-b5aa-ed7c07e79e0a', '1c0241ac-da79-5d29-a91d-05e5bb066d90', '9851c0b7-1584-5469-8ae7-c2a044b02326', '25a05f24-7e5c-585c-ae4f-48bfcf978cf6', '542536fb-19cb-575d-a0cd-92e45594ffa9', 'f69bba68-d4ee-55bf-bc6d-5f17990b89a0', 'd32a47d5-84f4-52bf-8452-b5a811c483c0', 'c884903f-9a2b-5c27-8f2d-b3fd4235dd97', '83bde24c-9328-53aa-a2ea-8799400cf723', '92680c8f-02bf-534f-a984-7daac7d6e9ca', '1d40674e-835e-5893-92d6-5b4bd3ce94a3', 'b0fef7e2-a519-5761-94af-2a9816a456c8']"
2655,"['cbf35677-9b7c-5d40-a549-06d44c340b4a', '18f3d3fc-6bc3-5f43-8688-631e4fa361c3', '4953860b-37ee-56c4-ae37-6b17b8f50b9a', '6f0895db-c8ec-5deb-b905-476b1e810590', 'd26836a0-3bc1-5f90-8f1d-922823d6a8e9', 'dc7e2e07-d114-59e3-8293-721cdbb031ed', '3bfdfea0-e588-5fd9-9e0b-1637190e9a68', '4b1c1b58-edc7-5382-9088-9d37a32aa506', '4804963d-99e6-53dd-aac9-7947cb46656c', '9724eb6a-88ac-5620-8446-9a4ac8bc0891', '7cf55489-aa6b-58b0-9951-9ff0f96cac26', '3d907a5c-e064-5faf-8f6d-e3641f44f6e0', '2a81745c-e88d-5048-8f99-64ae27a44138', '205f6d00-407d-5814-b5aa-ed7c07e79e0a', '0c19312b-8681-5e96-8e77-063069b0c0d3', '157b6b94-2afd-5150-8c62-7e0b2ee0419a', 'b3f82067-68ca-5412-98fb-8df618b7f632', '1c0241ac-da79-5d29-a91d-05e5bb066d90', 'b4798a57-4cdd-56a1-b97c-5559d88368f6', '14749ad1-b9e3-5543-859e-d90aca06bd98', '24f95da0-496e-5ff2-b116-b5fb90a06a69', '0a187903-507f-5edb-a202-e1d398cdecc5', 'f3a2f3be-cdc7-5cac-a144-afde96cdb068', '838d75b9-65c6-5d8b-a700-55193862e7c1', '92680c8f-02bf-534f-a984-7daac7d6e9ca', 'b8e7fca5-ed0b-5acd-88b2-4aed3bb66bd2', 'dc0c0c75-02b8-5bc8-880f-8c236c5e7d37', 'af97eb2e-cb0e-5b91-a458-f7642011d3f2', '1d40674e-835e-5893-92d6-5b4bd3ce94a3', '30c5c5da-7945-5d74-9b3d-19954a9efd06', '78a730be-8f27-5a60-9b89-4fcbcfcf9e69', 'f69bba68-d4ee-55bf-bc6d-5f17990b89a0', 'd32a47d5-84f4-52bf-8452-b5a811c483c0', 'ebd0f319-61c1-519f-bb99-e4dcb011644f', '596cadcf-7d11-5ccc-876c-73a100738a63', '9b163f45-7028-52bb-b6cf-a0032a12aa7f', 'aec543c8-b702-550b-b8a5-2c7bf6530b69', 'c884903f-9a2b-5c27-8f2d-b3fd4235dd97', '8bf97a84-5ed3-5b05-a3ce-b97daa199ab1', '52d27647-9af9-5c90-a25f-27ad81a92912', '00bdaa41-6224-5968-8fb7-2af5b56cf30a', 'aab29dbc-ab45-57e6-9ad1-8838498987b8', 'bae954dc-04cf-5299-80d0-adf7e1e0e7f8', '59055a73-4fcc-5452-a006-e3644ac7e94a', '80141910-9f41-511c-8cca-5d179ab2ac36', 'b0fef7e2-a519-5761-94af-2a9816a456c8', 'bd5262c3-5bee-500b-8168-3a20b1c9658e', '75503f1c-7aec-51e6-a2f3-63476fb02b57', '57c85f93-4f37-5770-8236-f01b03dded66', '45bbf1e9-09ba-5f39-a5c6-bb9e777c798f']"
2751,"['4953860b-37ee-56c4-ae37-6b17b8f50b9a', '7cf55489-aa6b-58b0-9951-9ff0f96cac26', '18f3d3fc-6bc3-5f43-8688-631e4fa361c3', 'd26836a0-3bc1-5f90-8f1d-922823d6a8e9', 'cbf35677-9b7c-5d40-a549-06d44c340b4a', '3d907a5c-e064-5faf-8f6d-e3641f44f6e0', '4b1c1b58-edc7-5382-9088-9d37a32aa506', 'e43c68e3-ab81-5f63-beee-78dd8485b270', '30c5c5da-7945-5d74-9b3d-19954a9efd06', 'dc7e2e07-d114-59e3-8293-721cdbb031ed', '2a81745c-e88d-5048-8f99-64ae27a44138', '0c19312b-8681-5e96-8e77-063069b0c0d3', 'bd5262c3-5bee-500b-8168-3a20b1c9658e', '0a187903-507f-5edb-a202-e1d398cdecc5', '4804963d-99e6-53dd-aac9-7947cb46656c', '6f0895db-c8ec-5deb-b905-476b1e810590', 'b4798a57-4cdd-56a1-b97c-5559d88368f6', '3bfdfea0-e588-5fd9-9e0b-1637190e9a68', 'dc0c0c75-02b8-5bc8-880f-8c236c5e7d37', 'b3f82067-68ca-5412-98fb-8df618b7f632', '205f6d00-407d-5814-b5aa-ed7c07e79e0a', '596cadcf-7d11-5ccc-876c-73a100738a63', '9724eb6a-88ac-5620-8446-9a4ac8bc0891', 'f3a2f3be-cdc7-5cac-a144-afde96cdb068', 'b8e7fca5-ed0b-5acd-88b2-4aed3bb66bd2', '24f95da0-496e-5ff2-b116-b5fb90a06a69', 'c884903f-9a2b-5c27-8f2d-b3fd4235dd97', '52d27647-9af9-5c90-a25f-27ad81a92912', '14749ad1-b9e3-5543-859e-d90aca06bd98', '78a730be-8f27-5a60-9b89-4fcbcfcf9e69', 'ebd0f319-61c1-519f-bb99-e4dcb011644f', 'aab29dbc-ab45-57e6-9ad1-8838498987b8', 'aec543c8-b702-550b-b8a5-2c7bf6530b69', 'f69bba68-d4ee-55bf-bc6d-5f17990b89a0', '25a05f24-7e5c-585c-ae4f-48bfcf978cf6', '8bf97a84-5ed3-5b05-a3ce-b97daa199ab1', 'd32a47d5-84f4-52bf-8452-b5a811c483c0', 'af97eb2e-cb0e-5b91-a458-f7642011d3f2', '1c0241ac-da79-5d29-a91d-05e5bb066d90', '92680c8f-02bf-534f-a984-7daac7d6e9ca', '76037139-8ecd-5c66-93f5-39c2924b0130', '80141910-9f41-511c-8cca-5d179ab2ac36', '1d40674e-835e-5893-92d6-5b4bd3ce94a3', '75503f1c-7aec-51e6-a2f3-63476fb02b57', '838d75b9-65c6-5d8b-a700-55193862e7c1', '00bdaa41-6224-5968-8fb7-2af5b56cf30a', '83bde24c-9328-53aa-a2ea-8799400cf723', '59055a73-4fcc-5452-a006-e3644ac7e94a', 'b0fef7e2-a519-5761-94af-2a9816a456c8', '9851c0b7-1584-5469-8ae7-c2a044b02326']"
2774,"['7cf55489-aa6b-58b0-9951-9ff0f96cac26', 'cbf35677-9b7c-5d40-a549-06d44c340b4a', '4953860b-37ee-56c4-ae37-6b17b8f50b9a', '4b1c1b58-edc7-5382-9088-9d37a32aa506', '0c19312b-8681-5e96-8e77-063069b0c0d3', 'd26836a0-3bc1-5f90-8f1d-922823d6a8e9', '0a187903-507f-5edb-a202-e1d398cdecc5', '18f3d3fc-6bc3-5f43-8688-631e4fa361c3', 'b4798a57-4cdd-56a1-b97c-5559d88368f6', 'b3f82067-68ca-5412-98fb-8df618b7f632', '78a730be-8f27-5a60-9b89-4fcbcfcf9e69', '3d907a5c-e064-5faf-8f6d-e3641f44f6e0', '30c5c5da-7945-5d74-9b3d-19954a9efd06', '596cadcf-7d11-5ccc-876c-73a100738a63', '4804963d-99e6-53dd-aac9-7947cb46656c', '6f0895db-c8ec-5deb-b905-476b1e810590', 'dc7e2e07-d114-59e3-8293-721cdbb031ed', 'bd5262c3-5bee-500b-8168-3a20b1c9658e', '2a81745c-e88d-5048-8f99-64ae27a44138', 'f69bba68-d4ee-55bf-bc6d-5f17990b89a0', '24f95da0-496e-5ff2-b116-b5fb90a06a69', '76037139-8ecd-5c66-93f5-39c2924b0130', 'af97eb2e-cb0e-5b91-a458-f7642011d3f2', 'e43c68e3-ab81-5f63-beee-78dd8485b270', '3bfdfea0-e588-5fd9-9e0b-1637190e9a68', '157b6b94-2afd-5150-8c62-7e0b2ee0419a', 'f3a2f3be-cdc7-5cac-a144-afde96cdb068', '14749ad1-b9e3-5543-859e-d90aca06bd98', '9724eb6a-88ac-5620-8446-9a4ac8bc0891', '83bde24c-9328-53aa-a2ea-8799400cf723', 'aab29dbc-ab45-57e6-9ad1-8838498987b8', '80141910-9f41-511c-8cca-5d179ab2ac36', '1c0241ac-da79-5d29-a91d-05e5bb066d90', '52d27647-9af9-5c90-a25f-27ad81a92912', 'b8e7fca5-ed0b-5acd-88b2-4aed3bb66bd2', 'aec543c8-b702-550b-b8a5-2c7bf6530b69', '205f6d00-407d-5814-b5aa-ed7c07e79e0a', '25a05f24-7e5c-585c-ae4f-48bfcf978cf6', '75503f1c-7aec-51e6-a2f3-63476fb02b57', '838d75b9-65c6-5d8b-a700-55193862e7c1', '59055a73-4fcc-5452-a006-e3644ac7e94a', 'b0fef7e2-a519-5761-94af-2a9816a456c8', 'dc0c0c75-02b8-5bc8-880f-8c236c5e7d37', '92680c8f-02bf-534f-a984-7daac7d6e9ca', '8bf97a84-5ed3-5b05-a3ce-b97daa199ab1', 'c884903f-9a2b-5c27-8f2d-b3fd4235dd97', 'ebd0f319-61c1-519f-bb99-e4dcb011644f', '110901ad-0f6c-5157-9c7d-e1a8d44fb484', '9851c0b7-1584-5469-8ae7-c2a044b02326', '27a4b704-e841-56bc-9456-19cb785d2f8f']"
3124,"['d26836a0-3bc1-5f90-8f1d-922823d6a8e9', '4953860b-37ee-56c4-ae37-6b17b8f50b9a', '7cf55489-aa6b-58b0-9951-9ff0f96cac26', '4b1c1b58-edc7-5382-9088-9d37a32aa506', '0c19312b-8681-5e96-8e77-063069b0c0d3', '4804963d-99e6-53dd-aac9-7947cb46656c', 'b3f82067-68ca-5412-98fb-8df618b7f632', 'bd5262c3-5bee-500b-8168-3a20b1c9658e', '596cadcf-7d11-5ccc-876c-73a100738a63', '78a730be-8f27-5a60-9b89-4fcbcfcf9e69', '2a81745c-e88d-5048-8f99-64ae27a44138', '0a187903-507f-5edb-a202-e1d398cdecc5', 'cbf35677-9b7c-5d40-a549-06d44c340b4a', '3d907a5c-e064-5faf-8f6d-e3641f44f6e0', 'e43c68e3-ab81-5f63-beee-78dd8485b270', 'b4798a57-4cdd-56a1-b97c-5559d88368f6', 'dc0c0c75-02b8-5bc8-880f-8c236c5e7d37', '205f6d00-407d-5814-b5aa-ed7c07e79e0a', 'dc7e2e07-d114-59e3-8293-721cdbb031ed', 'b8e7fca5-ed0b-5acd-88b2-4aed3bb66bd2', '75503f1c-7aec-51e6-a2f3-63476fb02b57', '9724eb6a-88ac-5620-8446-9a4ac8bc0891', '25a05f24-7e5c-585c-ae4f-48bfcf978cf6', '30c5c5da-7945-5d74-9b3d-19954a9efd06', '18f3d3fc-6bc3-5f43-8688-631e4fa361c3', '83bde24c-9328-53aa-a2ea-8799400cf723', '9851c0b7-1584-5469-8ae7-c2a044b02326', '3bfdfea0-e588-5fd9-9e0b-1637190e9a68', '6f0895db-c8ec-5deb-b905-476b1e810590', '27a4b704-e841-56bc-9456-19cb785d2f8f', '24f95da0-496e-5ff2-b116-b5fb90a06a69', 'aec543c8-b702-550b-b8a5-2c7bf6530b69', 'b0fef7e2-a519-5761-94af-2a9816a456c8', 'f69bba68-d4ee-55bf-bc6d-5f17990b89a0', 'af97eb2e-cb0e-5b91-a458-f7642011d3f2', '838d75b9-65c6-5d8b-a700-55193862e7c1', '14749ad1-b9e3-5543-859e-d90aca06bd98', 'f3a2f3be-cdc7-5cac-a144-afde96cdb068', '52d27647-9af9-5c90-a25f-27ad81a92912', 'c368fd81-10f8-5578-a8db-30892ba31989', '8bf97a84-5ed3-5b05-a3ce-b97daa199ab1', '157b6b94-2afd-5150-8c62-7e0b2ee0419a', '45bbf1e9-09ba-5f39-a5c6-bb9e777c798f', 'c884903f-9a2b-5c27-8f2d-b3fd4235dd97', 'd32a47d5-84f4-52bf-8452-b5a811c483c0', '59055a73-4fcc-5452-a006-e3644ac7e94a', '1c0241ac-da79-5d29-a91d-05e5bb066d90', 'aab29dbc-ab45-57e6-9ad1-8838498987b8', 'ebd0f319-61c1-519f-bb99-e4dcb011644f', '76037139-8ecd-5c66-93f5-39c2924b0130']"
3150,"['cbf35677-9b7c-5d40-a549-06d44c340b4a', 'bd5262c3-5bee-500b-8168-3a20b1c9658e', '4b1c1b58-edc7-5382-9088-9d37a32aa506', '3d907a5c-e064-5faf-8f6d-e3641f44f6e0', '7cf55489-aa6b-58b0-9951-9ff0f96cac26', '30c5c5da-7945-5d74-9b3d-19954a9efd06', 'dc7e2e07-d114-59e3-8293-721cdbb031ed', '4953860b-37ee-56c4-ae37-6b17b8f50b9a', '0a187903-507f-5edb-a202-e1d398cdecc5', 'b3f82067-68ca-5412-98fb-8df618b7f632', 'b4798a57-4cdd-56a1-b97c-5559d88368f6', '3bfdfea0-e588-5fd9-9e0b-1637190e9a68', 'af97eb2e-cb0e-5b91-a458-f7642011d3f2', '0c19312b-8681-5e96-8e77-063069b0c0d3', 'e43c68e3-ab81-5f63-beee-78dd8485b270', '76037139-8ecd-5c66-93f5-39c2924b0130', '4804963d-99e6-53dd-aac9-7947cb46656c', '18f3d3fc-6bc3-5f43-8688-631e4fa361c3', '596cadcf-7d11-5ccc-876c-73a100738a63', 'd26836a0-3bc1-5f90-8f1d-922823d6a8e9', '205f6d00-407d-5814-b5aa-ed7c07e79e0a', '78a730be-8f27-5a60-9b89-4fcbcfcf9e69', '157b6b94-2afd-5150-8c62-7e0b2ee0419a', 'f3a2f3be-cdc7-5cac-a144-afde96cdb068', '24f95da0-496e-5ff2-b116-b5fb90a06a69', '9724eb6a-88ac-5620-8446-9a4ac8bc0891', '6f0895db-c8ec-5deb-b905-476b1e810590', '14749ad1-b9e3-5543-859e-d90aca06bd98', '80141910-9f41-511c-8cca-5d179ab2ac36', '52d27647-9af9-5c90-a25f-27ad81a92912', '838d75b9-65c6-5d8b-a700-55193862e7c1', 'f69bba68-d4ee-55bf-bc6d-5f17990b89a0', '2a81745c-e88d-5048-8f99-64ae27a44138', 'ebd0f319-61c1-519f-bb99-e4dcb011644f', 'c884903f-9a2b-5c27-8f2d-b3fd4235dd97', 'aab29dbc-ab45-57e6-9ad1-8838498987b8', '1c0241ac-da79-5d29-a91d-05e5bb066d90', '25a05f24-7e5c-585c-ae4f-48bfcf978cf6', '75503f1c-7aec-51e6-a2f3-63476fb02b57', 'b0fef7e2-a519-5761-94af-2a9816a456c8', '00bdaa41-6224-5968-8fb7-2af5b56cf30a', '92680c8f-02bf-534f-a984-7daac7d6e9ca', 'c908c300-9f38-5e96-9697-ca9492274e17', 'c368fd81-10f8-5578-a8db-30892ba31989', 'aec543c8-b702-550b-b8a5-2c7bf6530b69', '4b04d6df-1302-550f-93f1-af9dd159b920', 'b8e7fca5-ed0b-5acd-88b2-4aed3bb66bd2', '8bf97a84-5ed3-5b05-a3ce-b97daa199ab1', '110901ad-0f6c-5157-9c7d-e1a8d44fb484', 'd7491d10-257b-58c6-a8f6-5ac8e93eafdd']"
3202,"['7cf55489-aa6b-58b0-9951-9ff0f96cac26', '4b1c1b58-edc7-5382-9088-9d37a32aa506', '0a187903-507f-5edb-a202-e1d398cdecc5', '4953860b-37ee-56c4-ae37-6b17b8f50b9a', 'd26836a0-3bc1-5f90-8f1d-922823d6a8e9', '78a730be-8f27-5a60-9b89-4fcbcfcf9e69', '3d907a5c-e064-5faf-8f6d-e3641f44f6e0', '596cadcf-7d11-5ccc-876c-73a100738a63', 'b8e7fca5-ed0b-5acd-88b2-4aed3bb66bd2', '9724eb6a-88ac-5620-8446-9a4ac8bc0891', 'e43c68e3-ab81-5f63-beee-78dd8485b270', '4804963d-99e6-53dd-aac9-7947cb46656c', '0c19312b-8681-5e96-8e77-063069b0c0d3', 'cbf35677-9b7c-5d40-a549-06d44c340b4a', '18f3d3fc-6bc3-5f43-8688-631e4fa361c3', 'b3f82067-68ca-5412-98fb-8df618b7f632', '30c5c5da-7945-5d74-9b3d-19954a9efd06', 'b4798a57-4cdd-56a1-b97c-5559d88368f6', '6f0895db-c8ec-5deb-b905-476b1e810590', '2a81745c-e88d-5048-8f99-64ae27a44138', 'af97eb2e-cb0e-5b91-a458-f7642011d3f2', '205f6d00-407d-5814-b5aa-ed7c07e79e0a', '3bfdfea0-e588-5fd9-9e0b-1637190e9a68', 'dc7e2e07-d114-59e3-8293-721cdbb031ed', 'bd5262c3-5bee-500b-8168-3a20b1c9658e', '1c0241ac-da79-5d29-a91d-05e5bb066d90', 'aec543c8-b702-550b-b8a5-2c7bf6530b69', '80141910-9f41-511c-8cca-5d179ab2ac36', '9851c0b7-1584-5469-8ae7-c2a044b02326', 'dc0c0c75-02b8-5bc8-880f-8c236c5e7d37', '14749ad1-b9e3-5543-859e-d90aca06bd98', '52d27647-9af9-5c90-a25f-27ad81a92912', '59055a73-4fcc-5452-a006-e3644ac7e94a', 'ebd0f319-61c1-519f-bb99-e4dcb011644f', '838d75b9-65c6-5d8b-a700-55193862e7c1', '24f95da0-496e-5ff2-b116-b5fb90a06a69', '25a05f24-7e5c-585c-ae4f-48bfcf978cf6', 'c368fd81-10f8-5578-a8db-30892ba31989', '1d40674e-835e-5893-92d6-5b4bd3ce94a3', '83bde24c-9328-53aa-a2ea-8799400cf723', 'c884903f-9a2b-5c27-8f2d-b3fd4235dd97', '75503f1c-7aec-51e6-a2f3-63476fb02b57', '8bf97a84-5ed3-5b05-a3ce-b97daa199ab1', '76037139-8ecd-5c66-93f5-39c2924b0130', 'f69bba68-d4ee-55bf-bc6d-5f17990b89a0', '157b6b94-2afd-5150-8c62-7e0b2ee0419a', 'f3a2f3be-cdc7-5cac-a144-afde96cdb068', 'd32a47d5-84f4-52bf-8452-b5a811c483c0', 'aab29dbc-ab45-57e6-9ad1-8838498987b8', 'b0fef7e2-a519-5761-94af-2a9816a456c8']"
3226,"['4953860b-37ee-56c4-ae37-6b17b8f50b9a', '18f3d3fc-6bc3-5f43-8688-631e4fa361c3', '7cf55489-aa6b-58b0-9951-9ff0f96cac26', 'd26836a0-3bc1-5f90-8f1d-922823d6a8e9', '0a187903-507f-5edb-a202-e1d398cdecc5', '6f0895db-c8ec-5deb-b905-476b1e810590', 'dc7e2e07-d114-59e3-8293-721cdbb031ed', '2a81745c-e88d-5048-8f99-64ae27a44138', '4b1c1b58-edc7-5382-9088-9d37a32aa506', 'b8e7fca5-ed0b-5acd-88b2-4aed3bb66bd2', '3d907a5c-e064-5faf-8f6d-e3641f44f6e0', 'cbf35677-9b7c-5d40-a549-06d44c340b4a', '30c5c5da-7945-5d74-9b3d-19954a9efd06', 'e43c68e3-ab81-5f63-beee-78dd8485b270', '596cadcf-7d11-5ccc-876c-73a100738a63', 'b3f82067-68ca-5412-98fb-8df618b7f632', 'aec543c8-b702-550b-b8a5-2c7bf6530b69', '9724eb6a-88ac-5620-8446-9a4ac8bc0891', '4804963d-99e6-53dd-aac9-7947cb46656c', '3bfdfea0-e588-5fd9-9e0b-1637190e9a68', 'bd5262c3-5bee-500b-8168-3a20b1c9658e', '205f6d00-407d-5814-b5aa-ed7c07e79e0a', 'b4798a57-4cdd-56a1-b97c-5559d88368f6', '1c0241ac-da79-5d29-a91d-05e5bb066d90', '80141910-9f41-511c-8cca-5d179ab2ac36', 'af97eb2e-cb0e-5b91-a458-f7642011d3f2', 'f3a2f3be-cdc7-5cac-a144-afde96cdb068', '78a730be-8f27-5a60-9b89-4fcbcfcf9e69', '52d27647-9af9-5c90-a25f-27ad81a92912', '14749ad1-b9e3-5543-859e-d90aca06bd98', '0c19312b-8681-5e96-8e77-063069b0c0d3', '24f95da0-496e-5ff2-b116-b5fb90a06a69', '59055a73-4fcc-5452-a006-e3644ac7e94a', 'ebd0f319-61c1-519f-bb99-e4dcb011644f', '00bdaa41-6224-5968-8fb7-2af5b56cf30a', 'dc0c0c75-02b8-5bc8-880f-8c236c5e7d37', '8bf97a84-5ed3-5b05-a3ce-b97daa199ab1', '76037139-8ecd-5c66-93f5-39c2924b0130', 'f69bba68-d4ee-55bf-bc6d-5f17990b89a0', 'c884903f-9a2b-5c27-8f2d-b3fd4235dd97', 'd32a47d5-84f4-52bf-8452-b5a811c483c0', '1d40674e-835e-5893-92d6-5b4bd3ce94a3', '83bde24c-9328-53aa-a2ea-8799400cf723', '25a05f24-7e5c-585c-ae4f-48bfcf978cf6', 'c368fd81-10f8-5578-a8db-30892ba31989', '9b163f45-7028-52bb-b6cf-a0032a12aa7f', '2afe3d70-2ad4-5b04-8a0c-277a629d596e', '157b6b94-2afd-5150-8c62-7e0b2ee0419a', 'aab29dbc-ab45-57e6-9ad1-8838498987b8', '838d75b9-65c6-5d8b-a700-55193862e7c1']"
3257,"['cbf35677-9b7c-5d40-a549-06d44c340b4a', '18f3d3fc-6bc3-5f43-8688-631e4fa361c3', '7cf55489-aa6b-58b0-9951-9ff0f96cac26', 'b4798a57-4cdd-56a1-b97c-5559d88368f6', '4953860b-37ee-56c4-ae37-6b17b8f50b9a', '0a187903-507f-5edb-a202-e1d398cdecc5', 'd26836a0-3bc1-5f90-8f1d-922823d6a8e9', '4b1c1b58-edc7-5382-9088-9d37a32aa506', '3bfdfea0-e588-5fd9-9e0b-1637190e9a68', '0c19312b-8681-5e96-8e77-063069b0c0d3', '4804963d-99e6-53dd-aac9-7947cb46656c', '3d907a5c-e064-5faf-8f6d-e3641f44f6e0', '83bde24c-9328-53aa-a2ea-8799400cf723', '6f0895db-c8ec-5deb-b905-476b1e810590', 'dc7e2e07-d114-59e3-8293-721cdbb031ed', '52d27647-9af9-5c90-a25f-27ad81a92912', 'aab29dbc-ab45-57e6-9ad1-8838498987b8', '30c5c5da-7945-5d74-9b3d-19954a9efd06', '2a81745c-e88d-5048-8f99-64ae27a44138', 'dc0c0c75-02b8-5bc8-880f-8c236c5e7d37', '1c0241ac-da79-5d29-a91d-05e5bb066d90', 'f69bba68-d4ee-55bf-bc6d-5f17990b89a0', '596cadcf-7d11-5ccc-876c-73a100738a63', 'c884903f-9a2b-5c27-8f2d-b3fd4235dd97', 'b8e7fca5-ed0b-5acd-88b2-4aed3bb66bd2', '59055a73-4fcc-5452-a006-e3644ac7e94a', '76037139-8ecd-5c66-93f5-39c2924b0130', 'e43c68e3-ab81-5f63-beee-78dd8485b270', '14749ad1-b9e3-5543-859e-d90aca06bd98', '78a730be-8f27-5a60-9b89-4fcbcfcf9e69', '24f95da0-496e-5ff2-b116-b5fb90a06a69', '110901ad-0f6c-5157-9c7d-e1a8d44fb484', '80141910-9f41-511c-8cca-5d179ab2ac36', 'd32a47d5-84f4-52bf-8452-b5a811c483c0', 'bd5262c3-5bee-500b-8168-3a20b1c9658e', '1d40674e-835e-5893-92d6-5b4bd3ce94a3', 'b3f82067-68ca-5412-98fb-8df618b7f632', '205f6d00-407d-5814-b5aa-ed7c07e79e0a', '92680c8f-02bf-534f-a984-7daac7d6e9ca', '57df6be5-3323-541f-8f7c-62682587fdb3', '9724eb6a-88ac-5620-8446-9a4ac8bc0891', 'f3a2f3be-cdc7-5cac-a144-afde96cdb068', 'aec543c8-b702-550b-b8a5-2c7bf6530b69', 'c368fd81-10f8-5578-a8db-30892ba31989', '838d75b9-65c6-5d8b-a700-55193862e7c1', '25a05f24-7e5c-585c-ae4f-48bfcf978cf6', '8bf97a84-5ed3-5b05-a3ce-b97daa199ab1', 'af97eb2e-cb0e-5b91-a458-f7642011d3f2', '157b6b94-2afd-5150-8c62-7e0b2ee0419a', '00bdaa41-6224-5968-8fb7-2af5b56cf30a']"
3282,"['7cf55489-aa6b-58b0-9951-9ff0f96cac26', '4953860b-37ee-56c4-ae37-6b17b8f50b9a', '0a187903-507f-5edb-a202-e1d398cdecc5', '18f3d3fc-6bc3-5f43-8688-631e4fa361c3', 'd26836a0-3bc1-5f90-8f1d-922823d6a8e9', 'b4798a57-4cdd-56a1-b97c-5559d88368f6', 'cbf35677-9b7c-5d40-a549-06d44c340b4a', '596cadcf-7d11-5ccc-876c-73a100738a63', '30c5c5da-7945-5d74-9b3d-19954a9efd06', 'e43c68e3-ab81-5f63-beee-78dd8485b270', '6f0895db-c8ec-5deb-b905-476b1e810590', '52d27647-9af9-5c90-a25f-27ad81a92912', 'b8e7fca5-ed0b-5acd-88b2-4aed3bb66bd2', '2a81745c-e88d-5048-8f99-64ae27a44138', 'dc7e2e07-d114-59e3-8293-721cdbb031ed', '59055a73-4fcc-5452-a006-e3644ac7e94a', '3d907a5c-e064-5faf-8f6d-e3641f44f6e0', 'b3f82067-68ca-5412-98fb-8df618b7f632', '4b1c1b58-edc7-5382-9088-9d37a32aa506', '83bde24c-9328-53aa-a2ea-8799400cf723', '76037139-8ecd-5c66-93f5-39c2924b0130', '78a730be-8f27-5a60-9b89-4fcbcfcf9e69', 'bd5262c3-5bee-500b-8168-3a20b1c9658e', '14749ad1-b9e3-5543-859e-d90aca06bd98', 'af97eb2e-cb0e-5b91-a458-f7642011d3f2', 'c884903f-9a2b-5c27-8f2d-b3fd4235dd97', '4804963d-99e6-53dd-aac9-7947cb46656c', 'f69bba68-d4ee-55bf-bc6d-5f17990b89a0', '0c19312b-8681-5e96-8e77-063069b0c0d3', '25a05f24-7e5c-585c-ae4f-48bfcf978cf6', '3bfdfea0-e588-5fd9-9e0b-1637190e9a68', '80141910-9f41-511c-8cca-5d179ab2ac36', 'aec543c8-b702-550b-b8a5-2c7bf6530b69', '24f95da0-496e-5ff2-b116-b5fb90a06a69', '8bf97a84-5ed3-5b05-a3ce-b97daa199ab1', 'f3a2f3be-cdc7-5cac-a144-afde96cdb068', '1c0241ac-da79-5d29-a91d-05e5bb066d90', '9724eb6a-88ac-5620-8446-9a4ac8bc0891', 'aab29dbc-ab45-57e6-9ad1-8838498987b8', 'ebd0f319-61c1-519f-bb99-e4dcb011644f', '9851c0b7-1584-5469-8ae7-c2a044b02326', 'd32a47d5-84f4-52bf-8452-b5a811c483c0', '157b6b94-2afd-5150-8c62-7e0b2ee0419a', 'dc0c0c75-02b8-5bc8-880f-8c236c5e7d37', '205f6d00-407d-5814-b5aa-ed7c07e79e0a', '1d40674e-835e-5893-92d6-5b4bd3ce94a3', '00bdaa41-6224-5968-8fb7-2af5b56cf30a', '75503f1c-7aec-51e6-a2f3-63476fb02b57', '110901ad-0f6c-5157-9c7d-e1a8d44fb484', '838d75b9-65c6-5d8b-a700-55193862e7c1']"
3373,"['4b1c1b58-edc7-5382-9088-9d37a32aa506', 'cbf35677-9b7c-5d40-a549-06d44c340b4a', '0c19312b-8681-5e96-8e77-063069b0c0d3', '4804963d-99e6-53dd-aac9-7947cb46656c', '7cf55489-aa6b-58b0-9951-9ff0f96cac26', '4953860b-37ee-56c4-ae37-6b17b8f50b9a', '18f3d3fc-6bc3-5f43-8688-631e4fa361c3', '3d907a5c-e064-5faf-8f6d-e3641f44f6e0', 'b4798a57-4cdd-56a1-b97c-5559d88368f6', 'd26836a0-3bc1-5f90-8f1d-922823d6a8e9', '9724eb6a-88ac-5620-8446-9a4ac8bc0891', '0a187903-507f-5edb-a202-e1d398cdecc5', 'b3f82067-68ca-5412-98fb-8df618b7f632', '205f6d00-407d-5814-b5aa-ed7c07e79e0a', '3bfdfea0-e588-5fd9-9e0b-1637190e9a68', '2a81745c-e88d-5048-8f99-64ae27a44138', '78a730be-8f27-5a60-9b89-4fcbcfcf9e69', '596cadcf-7d11-5ccc-876c-73a100738a63', 'af97eb2e-cb0e-5b91-a458-f7642011d3f2', '14749ad1-b9e3-5543-859e-d90aca06bd98', 'dc7e2e07-d114-59e3-8293-721cdbb031ed', '30c5c5da-7945-5d74-9b3d-19954a9efd06', '76037139-8ecd-5c66-93f5-39c2924b0130', '1c0241ac-da79-5d29-a91d-05e5bb066d90', 'e43c68e3-ab81-5f63-beee-78dd8485b270', 'aec543c8-b702-550b-b8a5-2c7bf6530b69', '24f95da0-496e-5ff2-b116-b5fb90a06a69', 'c368fd81-10f8-5578-a8db-30892ba31989', '838d75b9-65c6-5d8b-a700-55193862e7c1', '6f0895db-c8ec-5deb-b905-476b1e810590', 'bd5262c3-5bee-500b-8168-3a20b1c9658e', '1d40674e-835e-5893-92d6-5b4bd3ce94a3', 'f69bba68-d4ee-55bf-bc6d-5f17990b89a0', '52d27647-9af9-5c90-a25f-27ad81a92912', '157b6b94-2afd-5150-8c62-7e0b2ee0419a', 'b8e7fca5-ed0b-5acd-88b2-4aed3bb66bd2', 'c884903f-9a2b-5c27-8f2d-b3fd4235dd97', '83bde24c-9328-53aa-a2ea-8799400cf723', 'dc0c0c75-02b8-5bc8-880f-8c236c5e7d37', 'd32a47d5-84f4-52bf-8452-b5a811c483c0', 'ebd0f319-61c1-519f-bb99-e4dcb011644f', '25a05f24-7e5c-585c-ae4f-48bfcf978cf6', '92680c8f-02bf-534f-a984-7daac7d6e9ca', 'b0fef7e2-a519-5761-94af-2a9816a456c8', 'aab29dbc-ab45-57e6-9ad1-8838498987b8', '8bf97a84-5ed3-5b05-a3ce-b97daa199ab1', '80141910-9f41-511c-8cca-5d179ab2ac36', 'f3a2f3be-cdc7-5cac-a144-afde96cdb068', '59055a73-4fcc-5452-a006-e3644ac7e94a', '27a4b704-e841-56bc-9456-19cb785d2f8f']"
3388,"['0a187903-507f-5edb-a202-e1d398cdecc5', 'cbf35677-9b7c-5d40-a549-06d44c340b4a', '30c5c5da-7945-5d74-9b3d-19954a9efd06', '6f0895db-c8ec-5deb-b905-476b1e810590', '4953860b-37ee-56c4-ae37-6b17b8f50b9a', 'd26836a0-3bc1-5f90-8f1d-922823d6a8e9', '18f3d3fc-6bc3-5f43-8688-631e4fa361c3', '7cf55489-aa6b-58b0-9951-9ff0f96cac26', 'e43c68e3-ab81-5f63-beee-78dd8485b270', 'bd5262c3-5bee-500b-8168-3a20b1c9658e', '4b1c1b58-edc7-5382-9088-9d37a32aa506', '3bfdfea0-e588-5fd9-9e0b-1637190e9a68', '596cadcf-7d11-5ccc-876c-73a100738a63', 'dc7e2e07-d114-59e3-8293-721cdbb031ed', '3d907a5c-e064-5faf-8f6d-e3641f44f6e0', 'b4798a57-4cdd-56a1-b97c-5559d88368f6', 'af97eb2e-cb0e-5b91-a458-f7642011d3f2', 'c884903f-9a2b-5c27-8f2d-b3fd4235dd97', '9724eb6a-88ac-5620-8446-9a4ac8bc0891', '52d27647-9af9-5c90-a25f-27ad81a92912', '1c0241ac-da79-5d29-a91d-05e5bb066d90', 'b3f82067-68ca-5412-98fb-8df618b7f632', '59055a73-4fcc-5452-a006-e3644ac7e94a', 'f3a2f3be-cdc7-5cac-a144-afde96cdb068', '4804963d-99e6-53dd-aac9-7947cb46656c', '0c19312b-8681-5e96-8e77-063069b0c0d3', 'ebd0f319-61c1-519f-bb99-e4dcb011644f', 'dc0c0c75-02b8-5bc8-880f-8c236c5e7d37', '205f6d00-407d-5814-b5aa-ed7c07e79e0a', '80141910-9f41-511c-8cca-5d179ab2ac36', '2a81745c-e88d-5048-8f99-64ae27a44138', '838d75b9-65c6-5d8b-a700-55193862e7c1', '78a730be-8f27-5a60-9b89-4fcbcfcf9e69', 'f69bba68-d4ee-55bf-bc6d-5f17990b89a0', '157b6b94-2afd-5150-8c62-7e0b2ee0419a', 'ff622828-7bdf-577e-ae20-bf4f9d896219', 'b8e7fca5-ed0b-5acd-88b2-4aed3bb66bd2', '83bde24c-9328-53aa-a2ea-8799400cf723', 'c368fd81-10f8-5578-a8db-30892ba31989', '25a05f24-7e5c-585c-ae4f-48bfcf978cf6', '9851c0b7-1584-5469-8ae7-c2a044b02326', '76037139-8ecd-5c66-93f5-39c2924b0130', '542536fb-19cb-575d-a0cd-92e45594ffa9', '8bf97a84-5ed3-5b05-a3ce-b97daa199ab1', '75503f1c-7aec-51e6-a2f3-63476fb02b57', '1d40674e-835e-5893-92d6-5b4bd3ce94a3', '24f95da0-496e-5ff2-b116-b5fb90a06a69', '14749ad1-b9e3-5543-859e-d90aca06bd98', '9b163f45-7028-52bb-b6cf-a0032a12aa7f', 'aec543c8-b702-550b-b8a5-2c7bf6530b69']"
3445,"['4953860b-37ee-56c4-ae37-6b17b8f50b9a', 'cbf35677-9b7c-5d40-a549-06d44c340b4a', '7cf55489-aa6b-58b0-9951-9ff0f96cac26', '18f3d3fc-6bc3-5f43-8688-631e4fa361c3', 'd26836a0-3bc1-5f90-8f1d-922823d6a8e9', '4b1c1b58-edc7-5382-9088-9d37a32aa506', '0a187903-507f-5edb-a202-e1d398cdecc5', 'b4798a57-4cdd-56a1-b97c-5559d88368f6', '4804963d-99e6-53dd-aac9-7947cb46656c', 'dc7e2e07-d114-59e3-8293-721cdbb031ed', '6f0895db-c8ec-5deb-b905-476b1e810590', '3d907a5c-e064-5faf-8f6d-e3641f44f6e0', '3bfdfea0-e588-5fd9-9e0b-1637190e9a68', 'b3f82067-68ca-5412-98fb-8df618b7f632', '596cadcf-7d11-5ccc-876c-73a100738a63', '30c5c5da-7945-5d74-9b3d-19954a9efd06', '2a81745c-e88d-5048-8f99-64ae27a44138', '0c19312b-8681-5e96-8e77-063069b0c0d3', '9724eb6a-88ac-5620-8446-9a4ac8bc0891', '78a730be-8f27-5a60-9b89-4fcbcfcf9e69', 'af97eb2e-cb0e-5b91-a458-f7642011d3f2', 'bd5262c3-5bee-500b-8168-3a20b1c9658e', 'e43c68e3-ab81-5f63-beee-78dd8485b270', '1c0241ac-da79-5d29-a91d-05e5bb066d90', 'b8e7fca5-ed0b-5acd-88b2-4aed3bb66bd2', '24f95da0-496e-5ff2-b116-b5fb90a06a69', '14749ad1-b9e3-5543-859e-d90aca06bd98', '76037139-8ecd-5c66-93f5-39c2924b0130', '52d27647-9af9-5c90-a25f-27ad81a92912', '157b6b94-2afd-5150-8c62-7e0b2ee0419a', '205f6d00-407d-5814-b5aa-ed7c07e79e0a', 'f69bba68-d4ee-55bf-bc6d-5f17990b89a0', 'aec543c8-b702-550b-b8a5-2c7bf6530b69', 'f3a2f3be-cdc7-5cac-a144-afde96cdb068', 'c884903f-9a2b-5c27-8f2d-b3fd4235dd97', '80141910-9f41-511c-8cca-5d179ab2ac36', '59055a73-4fcc-5452-a006-e3644ac7e94a', '838d75b9-65c6-5d8b-a700-55193862e7c1', '83bde24c-9328-53aa-a2ea-8799400cf723', 'ebd0f319-61c1-519f-bb99-e4dcb011644f', 'dc0c0c75-02b8-5bc8-880f-8c236c5e7d37', '8bf97a84-5ed3-5b05-a3ce-b97daa199ab1', '1d40674e-835e-5893-92d6-5b4bd3ce94a3', 'aab29dbc-ab45-57e6-9ad1-8838498987b8', 'd32a47d5-84f4-52bf-8452-b5a811c483c0', '25a05f24-7e5c-585c-ae4f-48bfcf978cf6', 'c368fd81-10f8-5578-a8db-30892ba31989', '92680c8f-02bf-534f-a984-7daac7d6e9ca', '75503f1c-7aec-51e6-a2f3-63476fb02b57', '9851c0b7-1584-5469-8ae7-c2a044b02326']"
3530,"['0a187903-507f-5edb-a202-e1d398cdecc5', 'd26836a0-3bc1-5f90-8f1d-922823d6a8e9', '4b1c1b58-edc7-5382-9088-9d37a32aa506', 'cbf35677-9b7c-5d40-a549-06d44c340b4a', '7cf55489-aa6b-58b0-9951-9ff0f96cac26', '4953860b-37ee-56c4-ae37-6b17b8f50b9a', 'b3f82067-68ca-5412-98fb-8df618b7f632', '83bde24c-9328-53aa-a2ea-8799400cf723', '596cadcf-7d11-5ccc-876c-73a100738a63', '0c19312b-8681-5e96-8e77-063069b0c0d3', '18f3d3fc-6bc3-5f43-8688-631e4fa361c3', 'b4798a57-4cdd-56a1-b97c-5559d88368f6', 'f69bba68-d4ee-55bf-bc6d-5f17990b89a0', '6f0895db-c8ec-5deb-b905-476b1e810590', '52d27647-9af9-5c90-a25f-27ad81a92912', 'af97eb2e-cb0e-5b91-a458-f7642011d3f2', '25a05f24-7e5c-585c-ae4f-48bfcf978cf6', '30c5c5da-7945-5d74-9b3d-19954a9efd06', '2a81745c-e88d-5048-8f99-64ae27a44138', 'e43c68e3-ab81-5f63-beee-78dd8485b270', '78a730be-8f27-5a60-9b89-4fcbcfcf9e69', '1c0241ac-da79-5d29-a91d-05e5bb066d90', '59055a73-4fcc-5452-a006-e3644ac7e94a', '14749ad1-b9e3-5543-859e-d90aca06bd98', '4804963d-99e6-53dd-aac9-7947cb46656c', 'c884903f-9a2b-5c27-8f2d-b3fd4235dd97', '205f6d00-407d-5814-b5aa-ed7c07e79e0a', '3d907a5c-e064-5faf-8f6d-e3641f44f6e0', 'aec543c8-b702-550b-b8a5-2c7bf6530b69', '76037139-8ecd-5c66-93f5-39c2924b0130', 'aab29dbc-ab45-57e6-9ad1-8838498987b8', 'bd5262c3-5bee-500b-8168-3a20b1c9658e', '9724eb6a-88ac-5620-8446-9a4ac8bc0891', 'c368fd81-10f8-5578-a8db-30892ba31989', 'd32a47d5-84f4-52bf-8452-b5a811c483c0', 'b8e7fca5-ed0b-5acd-88b2-4aed3bb66bd2', '1d40674e-835e-5893-92d6-5b4bd3ce94a3', '9851c0b7-1584-5469-8ae7-c2a044b02326', 'dc7e2e07-d114-59e3-8293-721cdbb031ed', '9b163f45-7028-52bb-b6cf-a0032a12aa7f', '3bfdfea0-e588-5fd9-9e0b-1637190e9a68', '110901ad-0f6c-5157-9c7d-e1a8d44fb484', '157b6b94-2afd-5150-8c62-7e0b2ee0419a', 'f3a2f3be-cdc7-5cac-a144-afde96cdb068', 'ff622828-7bdf-577e-ae20-bf4f9d896219', '27a4b704-e841-56bc-9456-19cb785d2f8f', '80141910-9f41-511c-8cca-5d179ab2ac36', '24f95da0-496e-5ff2-b116-b5fb90a06a69', '2afe3d70-2ad4-5b04-8a0c-277a629d596e', 'ebd0f319-61c1-519f-bb99-e4dcb011644f']"
3592,"['4953860b-37ee-56c4-ae37-6b17b8f50b9a', '18f3d3fc-6bc3-5f43-8688-631e4fa361c3', 'cbf35677-9b7c-5d40-a549-06d44c340b4a', '3d907a5c-e064-5faf-8f6d-e3641f44f6e0', '0c19312b-8681-5e96-8e77-063069b0c0d3', '7cf55489-aa6b-58b0-9951-9ff0f96cac26', '2a81745c-e88d-5048-8f99-64ae27a44138', '4804963d-99e6-53dd-aac9-7947cb46656c', '3bfdfea0-e588-5fd9-9e0b-1637190e9a68', '4b1c1b58-edc7-5382-9088-9d37a32aa506', 'd26836a0-3bc1-5f90-8f1d-922823d6a8e9', '78a730be-8f27-5a60-9b89-4fcbcfcf9e69', '596cadcf-7d11-5ccc-876c-73a100738a63', 'dc0c0c75-02b8-5bc8-880f-8c236c5e7d37', 'b4798a57-4cdd-56a1-b97c-5559d88368f6', '24f95da0-496e-5ff2-b116-b5fb90a06a69', 'b8e7fca5-ed0b-5acd-88b2-4aed3bb66bd2', 'b3f82067-68ca-5412-98fb-8df618b7f632', 'dc7e2e07-d114-59e3-8293-721cdbb031ed', '6f0895db-c8ec-5deb-b905-476b1e810590', 'bd5262c3-5bee-500b-8168-3a20b1c9658e', '9724eb6a-88ac-5620-8446-9a4ac8bc0891', '0a187903-507f-5edb-a202-e1d398cdecc5', 'af97eb2e-cb0e-5b91-a458-f7642011d3f2', '30c5c5da-7945-5d74-9b3d-19954a9efd06', '92680c8f-02bf-534f-a984-7daac7d6e9ca', 'e43c68e3-ab81-5f63-beee-78dd8485b270', '205f6d00-407d-5814-b5aa-ed7c07e79e0a', 'f3a2f3be-cdc7-5cac-a144-afde96cdb068', '75503f1c-7aec-51e6-a2f3-63476fb02b57', '83bde24c-9328-53aa-a2ea-8799400cf723', '80141910-9f41-511c-8cca-5d179ab2ac36', 'aec543c8-b702-550b-b8a5-2c7bf6530b69', '52d27647-9af9-5c90-a25f-27ad81a92912', 'f69bba68-d4ee-55bf-bc6d-5f17990b89a0', '27a4b704-e841-56bc-9456-19cb785d2f8f', 'aab29dbc-ab45-57e6-9ad1-8838498987b8', 'b0fef7e2-a519-5761-94af-2a9816a456c8', '838d75b9-65c6-5d8b-a700-55193862e7c1', '59055a73-4fcc-5452-a006-e3644ac7e94a', '157b6b94-2afd-5150-8c62-7e0b2ee0419a', '14749ad1-b9e3-5543-859e-d90aca06bd98', '1c0241ac-da79-5d29-a91d-05e5bb066d90', 'ebd0f319-61c1-519f-bb99-e4dcb011644f', '8bf97a84-5ed3-5b05-a3ce-b97daa199ab1', '4b04d6df-1302-550f-93f1-af9dd159b920', '1d40674e-835e-5893-92d6-5b4bd3ce94a3', '9851c0b7-1584-5469-8ae7-c2a044b02326', 'd32a47d5-84f4-52bf-8452-b5a811c483c0', '76037139-8ecd-5c66-93f5-39c2924b0130']"
3609,"['cbf35677-9b7c-5d40-a549-06d44c340b4a', 'b4798a57-4cdd-56a1-b97c-5559d88368f6', '7cf55489-aa6b-58b0-9951-9ff0f96cac26', '18f3d3fc-6bc3-5f43-8688-631e4fa361c3', '157b6b94-2afd-5150-8c62-7e0b2ee0419a', '4953860b-37ee-56c4-ae37-6b17b8f50b9a', 'dc7e2e07-d114-59e3-8293-721cdbb031ed', '14749ad1-b9e3-5543-859e-d90aca06bd98', '0a187903-507f-5edb-a202-e1d398cdecc5', '6f0895db-c8ec-5deb-b905-476b1e810590', 'd26836a0-3bc1-5f90-8f1d-922823d6a8e9', '76037139-8ecd-5c66-93f5-39c2924b0130', '24f95da0-496e-5ff2-b116-b5fb90a06a69', 'b3f82067-68ca-5412-98fb-8df618b7f632', '3bfdfea0-e588-5fd9-9e0b-1637190e9a68', 'b8e7fca5-ed0b-5acd-88b2-4aed3bb66bd2', '30c5c5da-7945-5d74-9b3d-19954a9efd06', '78a730be-8f27-5a60-9b89-4fcbcfcf9e69', '596cadcf-7d11-5ccc-876c-73a100738a63', '8bf97a84-5ed3-5b05-a3ce-b97daa199ab1', '52d27647-9af9-5c90-a25f-27ad81a92912', 'af97eb2e-cb0e-5b91-a458-f7642011d3f2', '3d907a5c-e064-5faf-8f6d-e3641f44f6e0', 'f3a2f3be-cdc7-5cac-a144-afde96cdb068', 'c884903f-9a2b-5c27-8f2d-b3fd4235dd97', '9724eb6a-88ac-5620-8446-9a4ac8bc0891', 'aab29dbc-ab45-57e6-9ad1-8838498987b8', '59055a73-4fcc-5452-a006-e3644ac7e94a', '80141910-9f41-511c-8cca-5d179ab2ac36', 'f69bba68-d4ee-55bf-bc6d-5f17990b89a0', '1c0241ac-da79-5d29-a91d-05e5bb066d90', 'd32a47d5-84f4-52bf-8452-b5a811c483c0', '83bde24c-9328-53aa-a2ea-8799400cf723', 'b0fef7e2-a519-5761-94af-2a9816a456c8', '0c19312b-8681-5e96-8e77-063069b0c0d3', '838d75b9-65c6-5d8b-a700-55193862e7c1', '4804963d-99e6-53dd-aac9-7947cb46656c', '4b1c1b58-edc7-5382-9088-9d37a32aa506', '2a81745c-e88d-5048-8f99-64ae27a44138', 'dc0c0c75-02b8-5bc8-880f-8c236c5e7d37', '92680c8f-02bf-534f-a984-7daac7d6e9ca', '00bdaa41-6224-5968-8fb7-2af5b56cf30a', 'ebd0f319-61c1-519f-bb99-e4dcb011644f', '1d40674e-835e-5893-92d6-5b4bd3ce94a3', 'bd5262c3-5bee-500b-8168-3a20b1c9658e', 'e43c68e3-ab81-5f63-beee-78dd8485b270', '542536fb-19cb-575d-a0cd-92e45594ffa9', '75503f1c-7aec-51e6-a2f3-63476fb02b57', '205f6d00-407d-5814-b5aa-ed7c07e79e0a', '9b163f45-7028-52bb-b6cf-a0032a12aa7f']"
3663,"['4953860b-37ee-56c4-ae37-6b17b8f50b9a', 'cbf35677-9b7c-5d40-a549-06d44c340b4a', '7cf55489-aa6b-58b0-9951-9ff0f96cac26', '18f3d3fc-6bc3-5f43-8688-631e4fa361c3', 'd26836a0-3bc1-5f90-8f1d-922823d6a8e9', '4b1c1b58-edc7-5382-9088-9d37a32aa506', '0a187903-507f-5edb-a202-e1d398cdecc5', 'b4798a57-4cdd-56a1-b97c-5559d88368f6', '4804963d-99e6-53dd-aac9-7947cb46656c', 'dc7e2e07-d114-59e3-8293-721cdbb031ed', '6f0895db-c8ec-5deb-b905-476b1e810590', '3d907a5c-e064-5faf-8f6d-e3641f44f6e0', '3bfdfea0-e588-5fd9-9e0b-1637190e9a68', 'b3f82067-68ca-5412-98fb-8df618b7f632', '596cadcf-7d11-5ccc-876c-73a100738a63', '30c5c5da-7945-5d74-9b3d-19954a9efd06', '2a81745c-e88d-5048-8f99-64ae27a44138', '0c19312b-8681-5e96-8e77-063069b0c0d3', '9724eb6a-88ac-5620-8446-9a4ac8bc0891', '78a730be-8f27-5a60-9b89-4fcbcfcf9e69', 'af97eb2e-cb0e-5b91-a458-f7642011d3f2', 'bd5262c3-5bee-500b-8168-3a20b1c9658e', 'e43c68e3-ab81-5f63-beee-78dd8485b270', '1c0241ac-da79-5d29-a91d-05e5bb066d90', 'b8e7fca5-ed0b-5acd-88b2-4aed3bb66bd2', '24f95da0-496e-5ff2-b116-b5fb90a06a69', '14749ad1-b9e3-5543-859e-d90aca06bd98', '76037139-8ecd-5c66-93f5-39c2924b0130', '52d27647-9af9-5c90-a25f-27ad81a92912', '157b6b94-2afd-5150-8c62-7e0b2ee0419a', '205f6d00-407d-5814-b5aa-ed7c07e79e0a', 'f69bba68-d4ee-55bf-bc6d-5f17990b89a0', 'aec543c8-b702-550b-b8a5-2c7bf6530b69', 'f3a2f3be-cdc7-5cac-a144-afde96cdb068', 'c884903f-9a2b-5c27-8f2d-b3fd4235dd97', '80141910-9f41-511c-8cca-5d179ab2ac36', '59055a73-4fcc-5452-a006-e3644ac7e94a', '838d75b9-65c6-5d8b-a700-55193862e7c1', '83bde24c-9328-53aa-a2ea-8799400cf723', 'ebd0f319-61c1-519f-bb99-e4dcb011644f', 'dc0c0c75-02b8-5bc8-880f-8c236c5e7d37', '8bf97a84-5ed3-5b05-a3ce-b97daa199ab1', '1d40674e-835e-5893-92d6-5b4bd3ce94a3', 'aab29dbc-ab45-57e6-9ad1-8838498987b8', 'd32a47d5-84f4-52bf-8452-b5a811c483c0', '25a05f24-7e5c-585c-ae4f-48bfcf978cf6', 'c368fd81-10f8-5578-a8db-30892ba31989', '92680c8f-02bf-534f-a984-7daac7d6e9ca', '75503f1c-7aec-51e6-a2f3-63476fb02b57', '9851c0b7-1584-5469-8ae7-c2a044b02326']"
3686,"['4953860b-37ee-56c4-ae37-6b17b8f50b9a', '18f3d3fc-6bc3-5f43-8688-631e4fa361c3', '7cf55489-aa6b-58b0-9951-9ff0f96cac26', '4804963d-99e6-53dd-aac9-7947cb46656c', 'dc7e2e07-d114-59e3-8293-721cdbb031ed', 'd26836a0-3bc1-5f90-8f1d-922823d6a8e9', '3bfdfea0-e588-5fd9-9e0b-1637190e9a68', '2a81745c-e88d-5048-8f99-64ae27a44138', '76037139-8ecd-5c66-93f5-39c2924b0130', 'b4798a57-4cdd-56a1-b97c-5559d88368f6', '30c5c5da-7945-5d74-9b3d-19954a9efd06', '3d907a5c-e064-5faf-8f6d-e3641f44f6e0', '6f0895db-c8ec-5deb-b905-476b1e810590', '4b1c1b58-edc7-5382-9088-9d37a32aa506', '0a187903-507f-5edb-a202-e1d398cdecc5', 'aec543c8-b702-550b-b8a5-2c7bf6530b69', '80141910-9f41-511c-8cca-5d179ab2ac36', 'cbf35677-9b7c-5d40-a549-06d44c340b4a', 'f3a2f3be-cdc7-5cac-a144-afde96cdb068', 'ebd0f319-61c1-519f-bb99-e4dcb011644f', '8bf97a84-5ed3-5b05-a3ce-b97daa199ab1', 'e43c68e3-ab81-5f63-beee-78dd8485b270', '24f95da0-496e-5ff2-b116-b5fb90a06a69', '9724eb6a-88ac-5620-8446-9a4ac8bc0891', '1c0241ac-da79-5d29-a91d-05e5bb066d90', '596cadcf-7d11-5ccc-876c-73a100738a63', '157b6b94-2afd-5150-8c62-7e0b2ee0419a', 'b8e7fca5-ed0b-5acd-88b2-4aed3bb66bd2', '52d27647-9af9-5c90-a25f-27ad81a92912', 'bd5262c3-5bee-500b-8168-3a20b1c9658e', 'f69bba68-d4ee-55bf-bc6d-5f17990b89a0', '14749ad1-b9e3-5543-859e-d90aca06bd98', '59055a73-4fcc-5452-a006-e3644ac7e94a', '838d75b9-65c6-5d8b-a700-55193862e7c1', '0c19312b-8681-5e96-8e77-063069b0c0d3', 'd32a47d5-84f4-52bf-8452-b5a811c483c0', '205f6d00-407d-5814-b5aa-ed7c07e79e0a', '78a730be-8f27-5a60-9b89-4fcbcfcf9e69', 'c884903f-9a2b-5c27-8f2d-b3fd4235dd97', 'dc0c0c75-02b8-5bc8-880f-8c236c5e7d37', 'b3f82067-68ca-5412-98fb-8df618b7f632', 'af97eb2e-cb0e-5b91-a458-f7642011d3f2', '1d40674e-835e-5893-92d6-5b4bd3ce94a3', '9851c0b7-1584-5469-8ae7-c2a044b02326', '25a05f24-7e5c-585c-ae4f-48bfcf978cf6', '00bdaa41-6224-5968-8fb7-2af5b56cf30a', '83bde24c-9328-53aa-a2ea-8799400cf723', '92680c8f-02bf-534f-a984-7daac7d6e9ca', 'aab29dbc-ab45-57e6-9ad1-8838498987b8', '542536fb-19cb-575d-a0cd-92e45594ffa9']"
3817,"['18f3d3fc-6bc3-5f43-8688-631e4fa361c3', 'cbf35677-9b7c-5d40-a549-06d44c340b4a', '0a187903-507f-5edb-a202-e1d398cdecc5', '157b6b94-2afd-5150-8c62-7e0b2ee0419a', '596cadcf-7d11-5ccc-876c-73a100738a63', '7cf55489-aa6b-58b0-9951-9ff0f96cac26', '78a730be-8f27-5a60-9b89-4fcbcfcf9e69', '1c0241ac-da79-5d29-a91d-05e5bb066d90', 'b4798a57-4cdd-56a1-b97c-5559d88368f6', '6f0895db-c8ec-5deb-b905-476b1e810590', '4804963d-99e6-53dd-aac9-7947cb46656c', '4b1c1b58-edc7-5382-9088-9d37a32aa506', '59055a73-4fcc-5452-a006-e3644ac7e94a', '0c19312b-8681-5e96-8e77-063069b0c0d3', 'd26836a0-3bc1-5f90-8f1d-922823d6a8e9', '4953860b-37ee-56c4-ae37-6b17b8f50b9a', '76037139-8ecd-5c66-93f5-39c2924b0130', '83bde24c-9328-53aa-a2ea-8799400cf723', '838d75b9-65c6-5d8b-a700-55193862e7c1', '52d27647-9af9-5c90-a25f-27ad81a92912', '9724eb6a-88ac-5620-8446-9a4ac8bc0891', 'af97eb2e-cb0e-5b91-a458-f7642011d3f2', 'b8e7fca5-ed0b-5acd-88b2-4aed3bb66bd2', '30c5c5da-7945-5d74-9b3d-19954a9efd06', '14749ad1-b9e3-5543-859e-d90aca06bd98', 'f69bba68-d4ee-55bf-bc6d-5f17990b89a0', '80141910-9f41-511c-8cca-5d179ab2ac36', '3bfdfea0-e588-5fd9-9e0b-1637190e9a68', '9851c0b7-1584-5469-8ae7-c2a044b02326', 'c884903f-9a2b-5c27-8f2d-b3fd4235dd97', 'ebd0f319-61c1-519f-bb99-e4dcb011644f', '24f95da0-496e-5ff2-b116-b5fb90a06a69', '3d907a5c-e064-5faf-8f6d-e3641f44f6e0', 'b3f82067-68ca-5412-98fb-8df618b7f632', '8bf97a84-5ed3-5b05-a3ce-b97daa199ab1', '2a81745c-e88d-5048-8f99-64ae27a44138', 'aec543c8-b702-550b-b8a5-2c7bf6530b69', '1d40674e-835e-5893-92d6-5b4bd3ce94a3', 'dc7e2e07-d114-59e3-8293-721cdbb031ed', 'dc0c0c75-02b8-5bc8-880f-8c236c5e7d37', 'e43c68e3-ab81-5f63-beee-78dd8485b270', 'ff622828-7bdf-577e-ae20-bf4f9d896219', 'aab29dbc-ab45-57e6-9ad1-8838498987b8', '25a05f24-7e5c-585c-ae4f-48bfcf978cf6', '9b163f45-7028-52bb-b6cf-a0032a12aa7f', '542536fb-19cb-575d-a0cd-92e45594ffa9', '205f6d00-407d-5814-b5aa-ed7c07e79e0a', 'f3a2f3be-cdc7-5cac-a144-afde96cdb068', 'd32a47d5-84f4-52bf-8452-b5a811c483c0', '75503f1c-7aec-51e6-a2f3-63476fb02b57']"
3877,"['0a187903-507f-5edb-a202-e1d398cdecc5', 'cbf35677-9b7c-5d40-a549-06d44c340b4a', '4953860b-37ee-56c4-ae37-6b17b8f50b9a', 'd26836a0-3bc1-5f90-8f1d-922823d6a8e9', '18f3d3fc-6bc3-5f43-8688-631e4fa361c3', '4b1c1b58-edc7-5382-9088-9d37a32aa506', '6f0895db-c8ec-5deb-b905-476b1e810590', '7cf55489-aa6b-58b0-9951-9ff0f96cac26', 'c884903f-9a2b-5c27-8f2d-b3fd4235dd97', 'e43c68e3-ab81-5f63-beee-78dd8485b270', '30c5c5da-7945-5d74-9b3d-19954a9efd06', '3bfdfea0-e588-5fd9-9e0b-1637190e9a68', 'b4798a57-4cdd-56a1-b97c-5559d88368f6', 'bd5262c3-5bee-500b-8168-3a20b1c9658e', 'dc7e2e07-d114-59e3-8293-721cdbb031ed', '1c0241ac-da79-5d29-a91d-05e5bb066d90', '52d27647-9af9-5c90-a25f-27ad81a92912', '4804963d-99e6-53dd-aac9-7947cb46656c', '596cadcf-7d11-5ccc-876c-73a100738a63', 'f69bba68-d4ee-55bf-bc6d-5f17990b89a0', '83bde24c-9328-53aa-a2ea-8799400cf723', '59055a73-4fcc-5452-a006-e3644ac7e94a', '76037139-8ecd-5c66-93f5-39c2924b0130', 'aab29dbc-ab45-57e6-9ad1-8838498987b8', '3d907a5c-e064-5faf-8f6d-e3641f44f6e0', '2a81745c-e88d-5048-8f99-64ae27a44138', 'c368fd81-10f8-5578-a8db-30892ba31989', 'f3a2f3be-cdc7-5cac-a144-afde96cdb068', '25a05f24-7e5c-585c-ae4f-48bfcf978cf6', 'd32a47d5-84f4-52bf-8452-b5a811c483c0', 'b3f82067-68ca-5412-98fb-8df618b7f632', '9b163f45-7028-52bb-b6cf-a0032a12aa7f', 'ebd0f319-61c1-519f-bb99-e4dcb011644f', '80141910-9f41-511c-8cca-5d179ab2ac36', '9851c0b7-1584-5469-8ae7-c2a044b02326', 'dc0c0c75-02b8-5bc8-880f-8c236c5e7d37', '0c19312b-8681-5e96-8e77-063069b0c0d3', '1d40674e-835e-5893-92d6-5b4bd3ce94a3', '205f6d00-407d-5814-b5aa-ed7c07e79e0a', '8bf97a84-5ed3-5b05-a3ce-b97daa199ab1', '838d75b9-65c6-5d8b-a700-55193862e7c1', 'b8e7fca5-ed0b-5acd-88b2-4aed3bb66bd2', '9724eb6a-88ac-5620-8446-9a4ac8bc0891', 'aec543c8-b702-550b-b8a5-2c7bf6530b69', '24f95da0-496e-5ff2-b116-b5fb90a06a69', 'af97eb2e-cb0e-5b91-a458-f7642011d3f2', '14749ad1-b9e3-5543-859e-d90aca06bd98', '2afe3d70-2ad4-5b04-8a0c-277a629d596e', '78a730be-8f27-5a60-9b89-4fcbcfcf9e69', '157b6b94-2afd-5150-8c62-7e0b2ee0419a']"
3912,"['0a187903-507f-5edb-a202-e1d398cdecc5', 'cbf35677-9b7c-5d40-a549-06d44c340b4a', '4b1c1b58-edc7-5382-9088-9d37a32aa506', '18f3d3fc-6bc3-5f43-8688-631e4fa361c3', '6f0895db-c8ec-5deb-b905-476b1e810590', '7cf55489-aa6b-58b0-9951-9ff0f96cac26', 'b4798a57-4cdd-56a1-b97c-5559d88368f6', 'd26836a0-3bc1-5f90-8f1d-922823d6a8e9', '83bde24c-9328-53aa-a2ea-8799400cf723', '4953860b-37ee-56c4-ae37-6b17b8f50b9a', 'c884903f-9a2b-5c27-8f2d-b3fd4235dd97', 'f69bba68-d4ee-55bf-bc6d-5f17990b89a0', '1c0241ac-da79-5d29-a91d-05e5bb066d90', '52d27647-9af9-5c90-a25f-27ad81a92912', '59055a73-4fcc-5452-a006-e3644ac7e94a', '596cadcf-7d11-5ccc-876c-73a100738a63', '0c19312b-8681-5e96-8e77-063069b0c0d3', '30c5c5da-7945-5d74-9b3d-19954a9efd06', '9851c0b7-1584-5469-8ae7-c2a044b02326', '80141910-9f41-511c-8cca-5d179ab2ac36', '4804963d-99e6-53dd-aac9-7947cb46656c', 'aab29dbc-ab45-57e6-9ad1-8838498987b8', '157b6b94-2afd-5150-8c62-7e0b2ee0419a', '3bfdfea0-e588-5fd9-9e0b-1637190e9a68', '9b163f45-7028-52bb-b6cf-a0032a12aa7f', '76037139-8ecd-5c66-93f5-39c2924b0130', '78a730be-8f27-5a60-9b89-4fcbcfcf9e69', '838d75b9-65c6-5d8b-a700-55193862e7c1', 'd32a47d5-84f4-52bf-8452-b5a811c483c0', '25a05f24-7e5c-585c-ae4f-48bfcf978cf6', 'e43c68e3-ab81-5f63-beee-78dd8485b270', 'b3f82067-68ca-5412-98fb-8df618b7f632', 'f3a2f3be-cdc7-5cac-a144-afde96cdb068', 'ebd0f319-61c1-519f-bb99-e4dcb011644f', '14749ad1-b9e3-5543-859e-d90aca06bd98', '3d907a5c-e064-5faf-8f6d-e3641f44f6e0', 'af97eb2e-cb0e-5b91-a458-f7642011d3f2', 'dc7e2e07-d114-59e3-8293-721cdbb031ed', '1d40674e-835e-5893-92d6-5b4bd3ce94a3', 'bd5262c3-5bee-500b-8168-3a20b1c9658e', '24f95da0-496e-5ff2-b116-b5fb90a06a69', '8bf97a84-5ed3-5b05-a3ce-b97daa199ab1', 'ff622828-7bdf-577e-ae20-bf4f9d896219', '57df6be5-3323-541f-8f7c-62682587fdb3', '92680c8f-02bf-534f-a984-7daac7d6e9ca', 'b8e7fca5-ed0b-5acd-88b2-4aed3bb66bd2', '2a81745c-e88d-5048-8f99-64ae27a44138', 'dc0c0c75-02b8-5bc8-880f-8c236c5e7d37', '9724eb6a-88ac-5620-8446-9a4ac8bc0891', '75503f1c-7aec-51e6-a2f3-63476fb02b57']"
3913,"['4953860b-37ee-56c4-ae37-6b17b8f50b9a', '18f3d3fc-6bc3-5f43-8688-631e4fa361c3', 'cbf35677-9b7c-5d40-a549-06d44c340b4a', '7cf55489-aa6b-58b0-9951-9ff0f96cac26', '9724eb6a-88ac-5620-8446-9a4ac8bc0891', 'd26836a0-3bc1-5f90-8f1d-922823d6a8e9', '0c19312b-8681-5e96-8e77-063069b0c0d3', '4804963d-99e6-53dd-aac9-7947cb46656c', '3bfdfea0-e588-5fd9-9e0b-1637190e9a68', 'b3f82067-68ca-5412-98fb-8df618b7f632', '4b1c1b58-edc7-5382-9088-9d37a32aa506', 'dc7e2e07-d114-59e3-8293-721cdbb031ed', '6f0895db-c8ec-5deb-b905-476b1e810590', '3d907a5c-e064-5faf-8f6d-e3641f44f6e0', '157b6b94-2afd-5150-8c62-7e0b2ee0419a', '78a730be-8f27-5a60-9b89-4fcbcfcf9e69', '24f95da0-496e-5ff2-b116-b5fb90a06a69', 'af97eb2e-cb0e-5b91-a458-f7642011d3f2', '2a81745c-e88d-5048-8f99-64ae27a44138', 'b4798a57-4cdd-56a1-b97c-5559d88368f6', '205f6d00-407d-5814-b5aa-ed7c07e79e0a', '1c0241ac-da79-5d29-a91d-05e5bb066d90', '0a187903-507f-5edb-a202-e1d398cdecc5', '596cadcf-7d11-5ccc-876c-73a100738a63', '30c5c5da-7945-5d74-9b3d-19954a9efd06', 'f3a2f3be-cdc7-5cac-a144-afde96cdb068', '14749ad1-b9e3-5543-859e-d90aca06bd98', 'dc0c0c75-02b8-5bc8-880f-8c236c5e7d37', '76037139-8ecd-5c66-93f5-39c2924b0130', 'b8e7fca5-ed0b-5acd-88b2-4aed3bb66bd2', 'aec543c8-b702-550b-b8a5-2c7bf6530b69', '838d75b9-65c6-5d8b-a700-55193862e7c1', '80141910-9f41-511c-8cca-5d179ab2ac36', 'f69bba68-d4ee-55bf-bc6d-5f17990b89a0', '8bf97a84-5ed3-5b05-a3ce-b97daa199ab1', 'e43c68e3-ab81-5f63-beee-78dd8485b270', '52d27647-9af9-5c90-a25f-27ad81a92912', 'b0fef7e2-a519-5761-94af-2a9816a456c8', 'bd5262c3-5bee-500b-8168-3a20b1c9658e', '92680c8f-02bf-534f-a984-7daac7d6e9ca', 'd32a47d5-84f4-52bf-8452-b5a811c483c0', '83bde24c-9328-53aa-a2ea-8799400cf723', 'ebd0f319-61c1-519f-bb99-e4dcb011644f', '59055a73-4fcc-5452-a006-e3644ac7e94a', '75503f1c-7aec-51e6-a2f3-63476fb02b57', '1d40674e-835e-5893-92d6-5b4bd3ce94a3', 'aab29dbc-ab45-57e6-9ad1-8838498987b8', '542536fb-19cb-575d-a0cd-92e45594ffa9', 'c884903f-9a2b-5c27-8f2d-b3fd4235dd97', 'c368fd81-10f8-5578-a8db-30892ba31989']"
3916,"['4953860b-37ee-56c4-ae37-6b17b8f50b9a', 'bd5262c3-5bee-500b-8168-3a20b1c9658e', '18f3d3fc-6bc3-5f43-8688-631e4fa361c3', '2a81745c-e88d-5048-8f99-64ae27a44138', 'dc7e2e07-d114-59e3-8293-721cdbb031ed', 'd26836a0-3bc1-5f90-8f1d-922823d6a8e9', '7cf55489-aa6b-58b0-9951-9ff0f96cac26', '4804963d-99e6-53dd-aac9-7947cb46656c', '0a187903-507f-5edb-a202-e1d398cdecc5', 'aec543c8-b702-550b-b8a5-2c7bf6530b69', 'f3a2f3be-cdc7-5cac-a144-afde96cdb068', '3bfdfea0-e588-5fd9-9e0b-1637190e9a68', '4b1c1b58-edc7-5382-9088-9d37a32aa506', '596cadcf-7d11-5ccc-876c-73a100738a63', 'b3f82067-68ca-5412-98fb-8df618b7f632', '3d907a5c-e064-5faf-8f6d-e3641f44f6e0', '30c5c5da-7945-5d74-9b3d-19954a9efd06', 'cbf35677-9b7c-5d40-a549-06d44c340b4a', 'f69bba68-d4ee-55bf-bc6d-5f17990b89a0', '6f0895db-c8ec-5deb-b905-476b1e810590', 'e43c68e3-ab81-5f63-beee-78dd8485b270', '157b6b94-2afd-5150-8c62-7e0b2ee0419a', 'b4798a57-4cdd-56a1-b97c-5559d88368f6', '52d27647-9af9-5c90-a25f-27ad81a92912', '24f95da0-496e-5ff2-b116-b5fb90a06a69', 'af97eb2e-cb0e-5b91-a458-f7642011d3f2', '59055a73-4fcc-5452-a006-e3644ac7e94a', '76037139-8ecd-5c66-93f5-39c2924b0130', '205f6d00-407d-5814-b5aa-ed7c07e79e0a', 'ebd0f319-61c1-519f-bb99-e4dcb011644f', 'b8e7fca5-ed0b-5acd-88b2-4aed3bb66bd2', '9724eb6a-88ac-5620-8446-9a4ac8bc0891', '25a05f24-7e5c-585c-ae4f-48bfcf978cf6', '83bde24c-9328-53aa-a2ea-8799400cf723', '80141910-9f41-511c-8cca-5d179ab2ac36', '0c19312b-8681-5e96-8e77-063069b0c0d3', '14749ad1-b9e3-5543-859e-d90aca06bd98', '8bf97a84-5ed3-5b05-a3ce-b97daa199ab1', '78a730be-8f27-5a60-9b89-4fcbcfcf9e69', '75503f1c-7aec-51e6-a2f3-63476fb02b57', '1c0241ac-da79-5d29-a91d-05e5bb066d90', 'c368fd81-10f8-5578-a8db-30892ba31989', '00bdaa41-6224-5968-8fb7-2af5b56cf30a', '838d75b9-65c6-5d8b-a700-55193862e7c1', 'ff622828-7bdf-577e-ae20-bf4f9d896219', 'd32a47d5-84f4-52bf-8452-b5a811c483c0', 'c884903f-9a2b-5c27-8f2d-b3fd4235dd97', 'dc0c0c75-02b8-5bc8-880f-8c236c5e7d37', 'd7491d10-257b-58c6-a8f6-5ac8e93eafdd', '92680c8f-02bf-534f-a984-7daac7d6e9ca']"
4192,"['4953860b-37ee-56c4-ae37-6b17b8f50b9a', 'cbf35677-9b7c-5d40-a549-06d44c340b4a', '7cf55489-aa6b-58b0-9951-9ff0f96cac26', '18f3d3fc-6bc3-5f43-8688-631e4fa361c3', 'd26836a0-3bc1-5f90-8f1d-922823d6a8e9', '4b1c1b58-edc7-5382-9088-9d37a32aa506', '0a187903-507f-5edb-a202-e1d398cdecc5', 'b4798a57-4cdd-56a1-b97c-5559d88368f6', '4804963d-99e6-53dd-aac9-7947cb46656c', 'dc7e2e07-d114-59e3-8293-721cdbb031ed', '6f0895db-c8ec-5deb-b905-476b1e810590', '3d907a5c-e064-5faf-8f6d-e3641f44f6e0', '3bfdfea0-e588-5fd9-9e0b-1637190e9a68', 'b3f82067-68ca-5412-98fb-8df618b7f632', '596cadcf-7d11-5ccc-876c-73a100738a63', '30c5c5da-7945-5d74-9b3d-19954a9efd06', '2a81745c-e88d-5048-8f99-64ae27a44138', '0c19312b-8681-5e96-8e77-063069b0c0d3', '9724eb6a-88ac-5620-8446-9a4ac8bc0891', '78a730be-8f27-5a60-9b89-4fcbcfcf9e69', 'af97eb2e-cb0e-5b91-a458-f7642011d3f2', 'bd5262c3-5bee-500b-8168-3a20b1c9658e', 'e43c68e3-ab81-5f63-beee-78dd8485b270', '1c0241ac-da79-5d29-a91d-05e5bb066d90', 'b8e7fca5-ed0b-5acd-88b2-4aed3bb66bd2', '24f95da0-496e-5ff2-b116-b5fb90a06a69', '14749ad1-b9e3-5543-859e-d90aca06bd98', '76037139-8ecd-5c66-93f5-39c2924b0130', '52d27647-9af9-5c90-a25f-27ad81a92912', '157b6b94-2afd-5150-8c62-7e0b2ee0419a', '205f6d00-407d-5814-b5aa-ed7c07e79e0a', 'f69bba68-d4ee-55bf-bc6d-5f17990b89a0', 'aec543c8-b702-550b-b8a5-2c7bf6530b69', 'f3a2f3be-cdc7-5cac-a144-afde96cdb068', 'c884903f-9a2b-5c27-8f2d-b3fd4235dd97', '80141910-9f41-511c-8cca-5d179ab2ac36', '59055a73-4fcc-5452-a006-e3644ac7e94a', '838d75b9-65c6-5d8b-a700-55193862e7c1', '83bde24c-9328-53aa-a2ea-8799400cf723', 'ebd0f319-61c1-519f-bb99-e4dcb011644f', 'dc0c0c75-02b8-5bc8-880f-8c236c5e7d37', '8bf97a84-5ed3-5b05-a3ce-b97daa199ab1', '1d40674e-835e-5893-92d6-5b4bd3ce94a3', 'aab29dbc-ab45-57e6-9ad1-8838498987b8', 'd32a47d5-84f4-52bf-8452-b5a811c483c0', '25a05f24-7e5c-585c-ae4f-48bfcf978cf6', 'c368fd81-10f8-5578-a8db-30892ba31989', '92680c8f-02bf-534f-a984-7daac7d6e9ca', '75503f1c-7aec-51e6-a2f3-63476fb02b57', '9851c0b7-1584-5469-8ae7-c2a044b02326']"
4194,"['4953860b-37ee-56c4-ae37-6b17b8f50b9a', 'd26836a0-3bc1-5f90-8f1d-922823d6a8e9', '18f3d3fc-6bc3-5f43-8688-631e4fa361c3', '7cf55489-aa6b-58b0-9951-9ff0f96cac26', 'cbf35677-9b7c-5d40-a549-06d44c340b4a', '9724eb6a-88ac-5620-8446-9a4ac8bc0891', '4804963d-99e6-53dd-aac9-7947cb46656c', '3bfdfea0-e588-5fd9-9e0b-1637190e9a68', '1c0241ac-da79-5d29-a91d-05e5bb066d90', '4b1c1b58-edc7-5382-9088-9d37a32aa506', '76037139-8ecd-5c66-93f5-39c2924b0130', 'b4798a57-4cdd-56a1-b97c-5559d88368f6', '78a730be-8f27-5a60-9b89-4fcbcfcf9e69', '0c19312b-8681-5e96-8e77-063069b0c0d3', '6f0895db-c8ec-5deb-b905-476b1e810590', '30c5c5da-7945-5d74-9b3d-19954a9efd06', 'af97eb2e-cb0e-5b91-a458-f7642011d3f2', '14749ad1-b9e3-5543-859e-d90aca06bd98', '0a187903-507f-5edb-a202-e1d398cdecc5', 'e43c68e3-ab81-5f63-beee-78dd8485b270', 'dc7e2e07-d114-59e3-8293-721cdbb031ed', '2a81745c-e88d-5048-8f99-64ae27a44138', '838d75b9-65c6-5d8b-a700-55193862e7c1', '157b6b94-2afd-5150-8c62-7e0b2ee0419a', '1d40674e-835e-5893-92d6-5b4bd3ce94a3', 'b3f82067-68ca-5412-98fb-8df618b7f632', 'b8e7fca5-ed0b-5acd-88b2-4aed3bb66bd2', '3d907a5c-e064-5faf-8f6d-e3641f44f6e0', 'dc0c0c75-02b8-5bc8-880f-8c236c5e7d37', '596cadcf-7d11-5ccc-876c-73a100738a63', '24f95da0-496e-5ff2-b116-b5fb90a06a69', 'c368fd81-10f8-5578-a8db-30892ba31989', 'aec543c8-b702-550b-b8a5-2c7bf6530b69', '80141910-9f41-511c-8cca-5d179ab2ac36', '8bf97a84-5ed3-5b05-a3ce-b97daa199ab1', 'f69bba68-d4ee-55bf-bc6d-5f17990b89a0', 'c884903f-9a2b-5c27-8f2d-b3fd4235dd97', 'aab29dbc-ab45-57e6-9ad1-8838498987b8', '52d27647-9af9-5c90-a25f-27ad81a92912', 'ebd0f319-61c1-519f-bb99-e4dcb011644f', '59055a73-4fcc-5452-a006-e3644ac7e94a', 'bae954dc-04cf-5299-80d0-adf7e1e0e7f8', '205f6d00-407d-5814-b5aa-ed7c07e79e0a', 'd32a47d5-84f4-52bf-8452-b5a811c483c0', '9851c0b7-1584-5469-8ae7-c2a044b02326', 'f3a2f3be-cdc7-5cac-a144-afde96cdb068', 'bd5262c3-5bee-500b-8168-3a20b1c9658e', '92680c8f-02bf-534f-a984-7daac7d6e9ca', '9b163f45-7028-52bb-b6cf-a0032a12aa7f', '83bde24c-9328-53aa-a2ea-8799400cf723']"
4196,"['18f3d3fc-6bc3-5f43-8688-631e4fa361c3', 'cbf35677-9b7c-5d40-a549-06d44c340b4a', '4953860b-37ee-56c4-ae37-6b17b8f50b9a', '4b1c1b58-edc7-5382-9088-9d37a32aa506', '0a187903-507f-5edb-a202-e1d398cdecc5', 'd26836a0-3bc1-5f90-8f1d-922823d6a8e9', '6f0895db-c8ec-5deb-b905-476b1e810590', '76037139-8ecd-5c66-93f5-39c2924b0130', 'f69bba68-d4ee-55bf-bc6d-5f17990b89a0', '3bfdfea0-e588-5fd9-9e0b-1637190e9a68', '1c0241ac-da79-5d29-a91d-05e5bb066d90', '7cf55489-aa6b-58b0-9951-9ff0f96cac26', 'f3a2f3be-cdc7-5cac-a144-afde96cdb068', '596cadcf-7d11-5ccc-876c-73a100738a63', '83bde24c-9328-53aa-a2ea-8799400cf723', 'b3f82067-68ca-5412-98fb-8df618b7f632', '52d27647-9af9-5c90-a25f-27ad81a92912', '4804963d-99e6-53dd-aac9-7947cb46656c', '9b163f45-7028-52bb-b6cf-a0032a12aa7f', '2a81745c-e88d-5048-8f99-64ae27a44138', 'c884903f-9a2b-5c27-8f2d-b3fd4235dd97', '0c19312b-8681-5e96-8e77-063069b0c0d3', 'af97eb2e-cb0e-5b91-a458-f7642011d3f2', '30c5c5da-7945-5d74-9b3d-19954a9efd06', 'dc7e2e07-d114-59e3-8293-721cdbb031ed', '157b6b94-2afd-5150-8c62-7e0b2ee0419a', 'b4798a57-4cdd-56a1-b97c-5559d88368f6', 'aab29dbc-ab45-57e6-9ad1-8838498987b8', '24f95da0-496e-5ff2-b116-b5fb90a06a69', '3d907a5c-e064-5faf-8f6d-e3641f44f6e0', 'e43c68e3-ab81-5f63-beee-78dd8485b270', '59055a73-4fcc-5452-a006-e3644ac7e94a', 'c368fd81-10f8-5578-a8db-30892ba31989', 'aec543c8-b702-550b-b8a5-2c7bf6530b69', '9724eb6a-88ac-5620-8446-9a4ac8bc0891', '92680c8f-02bf-534f-a984-7daac7d6e9ca', '2afe3d70-2ad4-5b04-8a0c-277a629d596e', 'bd5262c3-5bee-500b-8168-3a20b1c9658e', '205f6d00-407d-5814-b5aa-ed7c07e79e0a', 'd32a47d5-84f4-52bf-8452-b5a811c483c0', '14749ad1-b9e3-5543-859e-d90aca06bd98', '80141910-9f41-511c-8cca-5d179ab2ac36', '838d75b9-65c6-5d8b-a700-55193862e7c1', 'ebd0f319-61c1-519f-bb99-e4dcb011644f', 'dc0c0c75-02b8-5bc8-880f-8c236c5e7d37', 'ff622828-7bdf-577e-ae20-bf4f9d896219', '1d40674e-835e-5893-92d6-5b4bd3ce94a3', '8bf97a84-5ed3-5b05-a3ce-b97daa199ab1', '110901ad-0f6c-5157-9c7d-e1a8d44fb484', '25a05f24-7e5c-585c-ae4f-48bfcf978cf6']"
4199,"['18f3d3fc-6bc3-5f43-8688-631e4fa361c3', '4953860b-37ee-56c4-ae37-6b17b8f50b9a', '7cf55489-aa6b-58b0-9951-9ff0f96cac26', 'cbf35677-9b7c-5d40-a549-06d44c340b4a', '0c19312b-8681-5e96-8e77-063069b0c0d3', '76037139-8ecd-5c66-93f5-39c2924b0130', '3d907a5c-e064-5faf-8f6d-e3641f44f6e0', '4804963d-99e6-53dd-aac9-7947cb46656c', '14749ad1-b9e3-5543-859e-d90aca06bd98', 'b4798a57-4cdd-56a1-b97c-5559d88368f6', '9724eb6a-88ac-5620-8446-9a4ac8bc0891', 'd26836a0-3bc1-5f90-8f1d-922823d6a8e9', '2a81745c-e88d-5048-8f99-64ae27a44138', '4b1c1b58-edc7-5382-9088-9d37a32aa506', '30c5c5da-7945-5d74-9b3d-19954a9efd06', '24f95da0-496e-5ff2-b116-b5fb90a06a69', '3bfdfea0-e588-5fd9-9e0b-1637190e9a68', 'dc7e2e07-d114-59e3-8293-721cdbb031ed', '1c0241ac-da79-5d29-a91d-05e5bb066d90', 'b3f82067-68ca-5412-98fb-8df618b7f632', '6f0895db-c8ec-5deb-b905-476b1e810590', '0a187903-507f-5edb-a202-e1d398cdecc5', '205f6d00-407d-5814-b5aa-ed7c07e79e0a', 'af97eb2e-cb0e-5b91-a458-f7642011d3f2', 'e43c68e3-ab81-5f63-beee-78dd8485b270', '596cadcf-7d11-5ccc-876c-73a100738a63', '78a730be-8f27-5a60-9b89-4fcbcfcf9e69', 'dc0c0c75-02b8-5bc8-880f-8c236c5e7d37', 'f3a2f3be-cdc7-5cac-a144-afde96cdb068', '8bf97a84-5ed3-5b05-a3ce-b97daa199ab1', 'aec543c8-b702-550b-b8a5-2c7bf6530b69', '52d27647-9af9-5c90-a25f-27ad81a92912', 'f69bba68-d4ee-55bf-bc6d-5f17990b89a0', '92680c8f-02bf-534f-a984-7daac7d6e9ca', '157b6b94-2afd-5150-8c62-7e0b2ee0419a', '838d75b9-65c6-5d8b-a700-55193862e7c1', '80141910-9f41-511c-8cca-5d179ab2ac36', 'd32a47d5-84f4-52bf-8452-b5a811c483c0', 'aab29dbc-ab45-57e6-9ad1-8838498987b8', '1d40674e-835e-5893-92d6-5b4bd3ce94a3', 'c884903f-9a2b-5c27-8f2d-b3fd4235dd97', 'ebd0f319-61c1-519f-bb99-e4dcb011644f', 'b0fef7e2-a519-5761-94af-2a9816a456c8', 'b8e7fca5-ed0b-5acd-88b2-4aed3bb66bd2', '27a4b704-e841-56bc-9456-19cb785d2f8f', '83bde24c-9328-53aa-a2ea-8799400cf723', '59055a73-4fcc-5452-a006-e3644ac7e94a', '25a05f24-7e5c-585c-ae4f-48bfcf978cf6', '00bdaa41-6224-5968-8fb7-2af5b56cf30a', '542536fb-19cb-575d-a0cd-92e45594ffa9']"
4200,"['4b1c1b58-edc7-5382-9088-9d37a32aa506', 'cbf35677-9b7c-5d40-a549-06d44c340b4a', '4953860b-37ee-56c4-ae37-6b17b8f50b9a', '76037139-8ecd-5c66-93f5-39c2924b0130', '7cf55489-aa6b-58b0-9951-9ff0f96cac26', 'f69bba68-d4ee-55bf-bc6d-5f17990b89a0', '18f3d3fc-6bc3-5f43-8688-631e4fa361c3', '0c19312b-8681-5e96-8e77-063069b0c0d3', '4804963d-99e6-53dd-aac9-7947cb46656c', '80141910-9f41-511c-8cca-5d179ab2ac36', '157b6b94-2afd-5150-8c62-7e0b2ee0419a', 'b3f82067-68ca-5412-98fb-8df618b7f632', '0a187903-507f-5edb-a202-e1d398cdecc5', 'f3a2f3be-cdc7-5cac-a144-afde96cdb068', '3bfdfea0-e588-5fd9-9e0b-1637190e9a68', '1c0241ac-da79-5d29-a91d-05e5bb066d90', '24f95da0-496e-5ff2-b116-b5fb90a06a69', 'bd5262c3-5bee-500b-8168-3a20b1c9658e', '596cadcf-7d11-5ccc-876c-73a100738a63', '3d907a5c-e064-5faf-8f6d-e3641f44f6e0', 'aec543c8-b702-550b-b8a5-2c7bf6530b69', '30c5c5da-7945-5d74-9b3d-19954a9efd06', '78a730be-8f27-5a60-9b89-4fcbcfcf9e69', 'b4798a57-4cdd-56a1-b97c-5559d88368f6', 'af97eb2e-cb0e-5b91-a458-f7642011d3f2', 'dc7e2e07-d114-59e3-8293-721cdbb031ed', 'aab29dbc-ab45-57e6-9ad1-8838498987b8', '6f0895db-c8ec-5deb-b905-476b1e810590', 'd26836a0-3bc1-5f90-8f1d-922823d6a8e9', '83bde24c-9328-53aa-a2ea-8799400cf723', 'c908c300-9f38-5e96-9697-ca9492274e17', '52d27647-9af9-5c90-a25f-27ad81a92912', '2a81745c-e88d-5048-8f99-64ae27a44138', 'e43c68e3-ab81-5f63-beee-78dd8485b270', '838d75b9-65c6-5d8b-a700-55193862e7c1', '92680c8f-02bf-534f-a984-7daac7d6e9ca', '205f6d00-407d-5814-b5aa-ed7c07e79e0a', '9724eb6a-88ac-5620-8446-9a4ac8bc0891', '110901ad-0f6c-5157-9c7d-e1a8d44fb484', 'c368fd81-10f8-5578-a8db-30892ba31989', '14749ad1-b9e3-5543-859e-d90aca06bd98', '4b04d6df-1302-550f-93f1-af9dd159b920', '25a05f24-7e5c-585c-ae4f-48bfcf978cf6', 'ebd0f319-61c1-519f-bb99-e4dcb011644f', '59055a73-4fcc-5452-a006-e3644ac7e94a', 'c884903f-9a2b-5c27-8f2d-b3fd4235dd97', 'ff622828-7bdf-577e-ae20-bf4f9d896219', '8bf97a84-5ed3-5b05-a3ce-b97daa199ab1', '542536fb-19cb-575d-a0cd-92e45594ffa9', '9851c0b7-1584-5469-8ae7-c2a044b02326']"
4201,"['4b1c1b58-edc7-5382-9088-9d37a32aa506', 'cbf35677-9b7c-5d40-a549-06d44c340b4a', '7cf55489-aa6b-58b0-9951-9ff0f96cac26', '3bfdfea0-e588-5fd9-9e0b-1637190e9a68', '3d907a5c-e064-5faf-8f6d-e3641f44f6e0', '9724eb6a-88ac-5620-8446-9a4ac8bc0891', '4953860b-37ee-56c4-ae37-6b17b8f50b9a', '4804963d-99e6-53dd-aac9-7947cb46656c', 'b4798a57-4cdd-56a1-b97c-5559d88368f6', 'b3f82067-68ca-5412-98fb-8df618b7f632', '0a187903-507f-5edb-a202-e1d398cdecc5', '1c0241ac-da79-5d29-a91d-05e5bb066d90', 'dc7e2e07-d114-59e3-8293-721cdbb031ed', '0c19312b-8681-5e96-8e77-063069b0c0d3', '76037139-8ecd-5c66-93f5-39c2924b0130', '18f3d3fc-6bc3-5f43-8688-631e4fa361c3', '205f6d00-407d-5814-b5aa-ed7c07e79e0a', '30c5c5da-7945-5d74-9b3d-19954a9efd06', '6f0895db-c8ec-5deb-b905-476b1e810590', 'd26836a0-3bc1-5f90-8f1d-922823d6a8e9', '78a730be-8f27-5a60-9b89-4fcbcfcf9e69', '838d75b9-65c6-5d8b-a700-55193862e7c1', '14749ad1-b9e3-5543-859e-d90aca06bd98', 'e43c68e3-ab81-5f63-beee-78dd8485b270', '24f95da0-496e-5ff2-b116-b5fb90a06a69', 'c884903f-9a2b-5c27-8f2d-b3fd4235dd97', 'af97eb2e-cb0e-5b91-a458-f7642011d3f2', 'ebd0f319-61c1-519f-bb99-e4dcb011644f', '80141910-9f41-511c-8cca-5d179ab2ac36', '1d40674e-835e-5893-92d6-5b4bd3ce94a3', 'c368fd81-10f8-5578-a8db-30892ba31989', '596cadcf-7d11-5ccc-876c-73a100738a63', 'd32a47d5-84f4-52bf-8452-b5a811c483c0', '157b6b94-2afd-5150-8c62-7e0b2ee0419a', 'bd5262c3-5bee-500b-8168-3a20b1c9658e', '8bf97a84-5ed3-5b05-a3ce-b97daa199ab1', 'bae954dc-04cf-5299-80d0-adf7e1e0e7f8', '92680c8f-02bf-534f-a984-7daac7d6e9ca', 'c908c300-9f38-5e96-9697-ca9492274e17', 'aab29dbc-ab45-57e6-9ad1-8838498987b8', 'aec543c8-b702-550b-b8a5-2c7bf6530b69', '2a81745c-e88d-5048-8f99-64ae27a44138', 'f3a2f3be-cdc7-5cac-a144-afde96cdb068', '52d27647-9af9-5c90-a25f-27ad81a92912', 'b8e7fca5-ed0b-5acd-88b2-4aed3bb66bd2', 'f69bba68-d4ee-55bf-bc6d-5f17990b89a0', '00bdaa41-6224-5968-8fb7-2af5b56cf30a', 'b0fef7e2-a519-5761-94af-2a9816a456c8', 'dc0c0c75-02b8-5bc8-880f-8c236c5e7d37', '4b04d6df-1302-550f-93f1-af9dd159b920']"
4202,"['cbf35677-9b7c-5d40-a549-06d44c340b4a', 'd26836a0-3bc1-5f90-8f1d-922823d6a8e9', '4953860b-37ee-56c4-ae37-6b17b8f50b9a', '18f3d3fc-6bc3-5f43-8688-631e4fa361c3', '0a187903-507f-5edb-a202-e1d398cdecc5', 'b3f82067-68ca-5412-98fb-8df618b7f632', '7cf55489-aa6b-58b0-9951-9ff0f96cac26', '3bfdfea0-e588-5fd9-9e0b-1637190e9a68', '2a81745c-e88d-5048-8f99-64ae27a44138', 'dc7e2e07-d114-59e3-8293-721cdbb031ed', '6f0895db-c8ec-5deb-b905-476b1e810590', '4b1c1b58-edc7-5382-9088-9d37a32aa506', '3d907a5c-e064-5faf-8f6d-e3641f44f6e0', 'af97eb2e-cb0e-5b91-a458-f7642011d3f2', 'b4798a57-4cdd-56a1-b97c-5559d88368f6', 'b8e7fca5-ed0b-5acd-88b2-4aed3bb66bd2', '205f6d00-407d-5814-b5aa-ed7c07e79e0a', '9724eb6a-88ac-5620-8446-9a4ac8bc0891', '596cadcf-7d11-5ccc-876c-73a100738a63', '30c5c5da-7945-5d74-9b3d-19954a9efd06', 'bd5262c3-5bee-500b-8168-3a20b1c9658e', 'c368fd81-10f8-5578-a8db-30892ba31989', '4804963d-99e6-53dd-aac9-7947cb46656c', '83bde24c-9328-53aa-a2ea-8799400cf723', '0c19312b-8681-5e96-8e77-063069b0c0d3', 'dc0c0c75-02b8-5bc8-880f-8c236c5e7d37', '1c0241ac-da79-5d29-a91d-05e5bb066d90', 'e43c68e3-ab81-5f63-beee-78dd8485b270', '52d27647-9af9-5c90-a25f-27ad81a92912', 'f69bba68-d4ee-55bf-bc6d-5f17990b89a0', '78a730be-8f27-5a60-9b89-4fcbcfcf9e69', '14749ad1-b9e3-5543-859e-d90aca06bd98', '59055a73-4fcc-5452-a006-e3644ac7e94a', 'aec543c8-b702-550b-b8a5-2c7bf6530b69', '1d40674e-835e-5893-92d6-5b4bd3ce94a3', 'f3a2f3be-cdc7-5cac-a144-afde96cdb068', '24f95da0-496e-5ff2-b116-b5fb90a06a69', '00bdaa41-6224-5968-8fb7-2af5b56cf30a', 'aab29dbc-ab45-57e6-9ad1-8838498987b8', 'd32a47d5-84f4-52bf-8452-b5a811c483c0', 'c884903f-9a2b-5c27-8f2d-b3fd4235dd97', '80141910-9f41-511c-8cca-5d179ab2ac36', '157b6b94-2afd-5150-8c62-7e0b2ee0419a', '110901ad-0f6c-5157-9c7d-e1a8d44fb484', 'b0fef7e2-a519-5761-94af-2a9816a456c8', '45bbf1e9-09ba-5f39-a5c6-bb9e777c798f', '2afe3d70-2ad4-5b04-8a0c-277a629d596e', '92680c8f-02bf-534f-a984-7daac7d6e9ca', '25a05f24-7e5c-585c-ae4f-48bfcf978cf6', '76037139-8ecd-5c66-93f5-39c2924b0130']"
4213,"['4953860b-37ee-56c4-ae37-6b17b8f50b9a', 'cbf35677-9b7c-5d40-a549-06d44c340b4a', '7cf55489-aa6b-58b0-9951-9ff0f96cac26', '18f3d3fc-6bc3-5f43-8688-631e4fa361c3', 'd26836a0-3bc1-5f90-8f1d-922823d6a8e9', '4b1c1b58-edc7-5382-9088-9d37a32aa506', '0a187903-507f-5edb-a202-e1d398cdecc5', 'b4798a57-4cdd-56a1-b97c-5559d88368f6', '4804963d-99e6-53dd-aac9-7947cb46656c', 'dc7e2e07-d114-59e3-8293-721cdbb031ed', '6f0895db-c8ec-5deb-b905-476b1e810590', '3d907a5c-e064-5faf-8f6d-e3641f44f6e0', '3bfdfea0-e588-5fd9-9e0b-1637190e9a68', 'b3f82067-68ca-5412-98fb-8df618b7f632', '596cadcf-7d11-5ccc-876c-73a100738a63', '30c5c5da-7945-5d74-9b3d-19954a9efd06', '2a81745c-e88d-5048-8f99-64ae27a44138', '0c19312b-8681-5e96-8e77-063069b0c0d3', '9724eb6a-88ac-5620-8446-9a4ac8bc0891', '78a730be-8f27-5a60-9b89-4fcbcfcf9e69', 'af97eb2e-cb0e-5b91-a458-f7642011d3f2', 'bd5262c3-5bee-500b-8168-3a20b1c9658e', 'e43c68e3-ab81-5f63-beee-78dd8485b270', '1c0241ac-da79-5d29-a91d-05e5bb066d90', 'b8e7fca5-ed0b-5acd-88b2-4aed3bb66bd2', '24f95da0-496e-5ff2-b116-b5fb90a06a69', '14749ad1-b9e3-5543-859e-d90aca06bd98', '76037139-8ecd-5c66-93f5-39c2924b0130', '52d27647-9af9-5c90-a25f-27ad81a92912', '157b6b94-2afd-5150-8c62-7e0b2ee0419a', '205f6d00-407d-5814-b5aa-ed7c07e79e0a', 'f69bba68-d4ee-55bf-bc6d-5f17990b89a0', 'aec543c8-b702-550b-b8a5-2c7bf6530b69', 'f3a2f3be-cdc7-5cac-a144-afde96cdb068', 'c884903f-9a2b-5c27-8f2d-b3fd4235dd97', '80141910-9f41-511c-8cca-5d179ab2ac36', '59055a73-4fcc-5452-a006-e3644ac7e94a', '838d75b9-65c6-5d8b-a700-55193862e7c1', '83bde24c-9328-53aa-a2ea-8799400cf723', 'ebd0f319-61c1-519f-bb99-e4dcb011644f', 'dc0c0c75-02b8-5bc8-880f-8c236c5e7d37', '8bf97a84-5ed3-5b05-a3ce-b97daa199ab1', '1d40674e-835e-5893-92d6-5b4bd3ce94a3', 'aab29dbc-ab45-57e6-9ad1-8838498987b8', 'd32a47d5-84f4-52bf-8452-b5a811c483c0', '25a05f24-7e5c-585c-ae4f-48bfcf978cf6', 'c368fd81-10f8-5578-a8db-30892ba31989', '92680c8f-02bf-534f-a984-7daac7d6e9ca', '75503f1c-7aec-51e6-a2f3-63476fb02b57', '9851c0b7-1584-5469-8ae7-c2a044b02326']"
4214,"['4953860b-37ee-56c4-ae37-6b17b8f50b9a', 'd26836a0-3bc1-5f90-8f1d-922823d6a8e9', 'cbf35677-9b7c-5d40-a549-06d44c340b4a', '7cf55489-aa6b-58b0-9951-9ff0f96cac26', '18f3d3fc-6bc3-5f43-8688-631e4fa361c3', '4b1c1b58-edc7-5382-9088-9d37a32aa506', 'b3f82067-68ca-5412-98fb-8df618b7f632', 'dc7e2e07-d114-59e3-8293-721cdbb031ed', '0a187903-507f-5edb-a202-e1d398cdecc5', '3bfdfea0-e588-5fd9-9e0b-1637190e9a68', 'b4798a57-4cdd-56a1-b97c-5559d88368f6', '6f0895db-c8ec-5deb-b905-476b1e810590', '4804963d-99e6-53dd-aac9-7947cb46656c', '157b6b94-2afd-5150-8c62-7e0b2ee0419a', '596cadcf-7d11-5ccc-876c-73a100738a63', '2a81745c-e88d-5048-8f99-64ae27a44138', '9724eb6a-88ac-5620-8446-9a4ac8bc0891', '24f95da0-496e-5ff2-b116-b5fb90a06a69', '14749ad1-b9e3-5543-859e-d90aca06bd98', 'af97eb2e-cb0e-5b91-a458-f7642011d3f2', '3d907a5c-e064-5faf-8f6d-e3641f44f6e0', '30c5c5da-7945-5d74-9b3d-19954a9efd06', '76037139-8ecd-5c66-93f5-39c2924b0130', 'bd5262c3-5bee-500b-8168-3a20b1c9658e', 'f69bba68-d4ee-55bf-bc6d-5f17990b89a0', '78a730be-8f27-5a60-9b89-4fcbcfcf9e69', '205f6d00-407d-5814-b5aa-ed7c07e79e0a', '1c0241ac-da79-5d29-a91d-05e5bb066d90', 'f3a2f3be-cdc7-5cac-a144-afde96cdb068', 'e43c68e3-ab81-5f63-beee-78dd8485b270', 'b8e7fca5-ed0b-5acd-88b2-4aed3bb66bd2', '52d27647-9af9-5c90-a25f-27ad81a92912', '0c19312b-8681-5e96-8e77-063069b0c0d3', 'c884903f-9a2b-5c27-8f2d-b3fd4235dd97', 'aec543c8-b702-550b-b8a5-2c7bf6530b69', 'c368fd81-10f8-5578-a8db-30892ba31989', 'd32a47d5-84f4-52bf-8452-b5a811c483c0', '83bde24c-9328-53aa-a2ea-8799400cf723', '8bf97a84-5ed3-5b05-a3ce-b97daa199ab1', '838d75b9-65c6-5d8b-a700-55193862e7c1', '1d40674e-835e-5893-92d6-5b4bd3ce94a3', '59055a73-4fcc-5452-a006-e3644ac7e94a', 'ebd0f319-61c1-519f-bb99-e4dcb011644f', 'aab29dbc-ab45-57e6-9ad1-8838498987b8', 'dc0c0c75-02b8-5bc8-880f-8c236c5e7d37', '80141910-9f41-511c-8cca-5d179ab2ac36', '25a05f24-7e5c-585c-ae4f-48bfcf978cf6', '2afe3d70-2ad4-5b04-8a0c-277a629d596e', '00bdaa41-6224-5968-8fb7-2af5b56cf30a', 'b0fef7e2-a519-5761-94af-2a9816a456c8']"
4217,"['4953860b-37ee-56c4-ae37-6b17b8f50b9a', 'cbf35677-9b7c-5d40-a549-06d44c340b4a', '7cf55489-aa6b-58b0-9951-9ff0f96cac26', '18f3d3fc-6bc3-5f43-8688-631e4fa361c3', 'd26836a0-3bc1-5f90-8f1d-922823d6a8e9', '4b1c1b58-edc7-5382-9088-9d37a32aa506', '0a187903-507f-5edb-a202-e1d398cdecc5', 'b4798a57-4cdd-56a1-b97c-5559d88368f6', '4804963d-99e6-53dd-aac9-7947cb46656c', 'dc7e2e07-d114-59e3-8293-721cdbb031ed', '6f0895db-c8ec-5deb-b905-476b1e810590', '3d907a5c-e064-5faf-8f6d-e3641f44f6e0', '3bfdfea0-e588-5fd9-9e0b-1637190e9a68', 'b3f82067-68ca-5412-98fb-8df618b7f632', '596cadcf-7d11-5ccc-876c-73a100738a63', '30c5c5da-7945-5d74-9b3d-19954a9efd06', '2a81745c-e88d-5048-8f99-64ae27a44138', '0c19312b-8681-5e96-8e77-063069b0c0d3', '9724eb6a-88ac-5620-8446-9a4ac8bc0891', '78a730be-8f27-5a60-9b89-4fcbcfcf9e69', 'af97eb2e-cb0e-5b91-a458-f7642011d3f2', 'bd5262c3-5bee-500b-8168-3a20b1c9658e', 'e43c68e3-ab81-5f63-beee-78dd8485b270', '1c0241ac-da79-5d29-a91d-05e5bb066d90', 'b8e7fca5-ed0b-5acd-88b2-4aed3bb66bd2', '24f95da0-496e-5ff2-b116-b5fb90a06a69', '14749ad1-b9e3-5543-859e-d90aca06bd98', '76037139-8ecd-5c66-93f5-39c2924b0130', '52d27647-9af9-5c90-a25f-27ad81a92912', '157b6b94-2afd-5150-8c62-7e0b2ee0419a', '205f6d00-407d-5814-b5aa-ed7c07e79e0a', 'f69bba68-d4ee-55bf-bc6d-5f17990b89a0', 'aec543c8-b702-550b-b8a5-2c7bf6530b69', 'f3a2f3be-cdc7-5cac-a144-afde96cdb068', 'c884903f-9a2b-5c27-8f2d-b3fd4235dd97', '80141910-9f41-511c-8cca-5d179ab2ac36', '59055a73-4fcc-5452-a006-e3644ac7e94a', '838d75b9-65c6-5d8b-a700-55193862e7c1', '83bde24c-9328-53aa-a2ea-8799400cf723', 'ebd0f319-61c1-519f-bb99-e4dcb011644f', 'dc0c0c75-02b8-5bc8-880f-8c236c5e7d37', '8bf97a84-5ed3-5b05-a3ce-b97daa199ab1', '1d40674e-835e-5893-92d6-5b4bd3ce94a3', 'aab29dbc-ab45-57e6-9ad1-8838498987b8', 'd32a47d5-84f4-52bf-8452-b5a811c483c0', '25a05f24-7e5c-585c-ae4f-48bfcf978cf6', 'c368fd81-10f8-5578-a8db-30892ba31989', '92680c8f-02bf-534f-a984-7daac7d6e9ca', '75503f1c-7aec-51e6-a2f3-63476fb02b57', '9851c0b7-1584-5469-8ae7-c2a044b02326']"
4220,"['4b1c1b58-edc7-5382-9088-9d37a32aa506', '4804963d-99e6-53dd-aac9-7947cb46656c', '0c19312b-8681-5e96-8e77-063069b0c0d3', 'cbf35677-9b7c-5d40-a549-06d44c340b4a', '9724eb6a-88ac-5620-8446-9a4ac8bc0891', 'b4798a57-4cdd-56a1-b97c-5559d88368f6', '18f3d3fc-6bc3-5f43-8688-631e4fa361c3', '3d907a5c-e064-5faf-8f6d-e3641f44f6e0', '7cf55489-aa6b-58b0-9951-9ff0f96cac26', '4953860b-37ee-56c4-ae37-6b17b8f50b9a', '3bfdfea0-e588-5fd9-9e0b-1637190e9a68', 'd26836a0-3bc1-5f90-8f1d-922823d6a8e9', '205f6d00-407d-5814-b5aa-ed7c07e79e0a', '78a730be-8f27-5a60-9b89-4fcbcfcf9e69', '838d75b9-65c6-5d8b-a700-55193862e7c1', '596cadcf-7d11-5ccc-876c-73a100738a63', '0a187903-507f-5edb-a202-e1d398cdecc5', 'dc0c0c75-02b8-5bc8-880f-8c236c5e7d37', 'b3f82067-68ca-5412-98fb-8df618b7f632', 'e43c68e3-ab81-5f63-beee-78dd8485b270', '24f95da0-496e-5ff2-b116-b5fb90a06a69', '2a81745c-e88d-5048-8f99-64ae27a44138', 'dc7e2e07-d114-59e3-8293-721cdbb031ed', '1d40674e-835e-5893-92d6-5b4bd3ce94a3', 'c884903f-9a2b-5c27-8f2d-b3fd4235dd97', '14749ad1-b9e3-5543-859e-d90aca06bd98', '1c0241ac-da79-5d29-a91d-05e5bb066d90', '30c5c5da-7945-5d74-9b3d-19954a9efd06', 'd32a47d5-84f4-52bf-8452-b5a811c483c0', '76037139-8ecd-5c66-93f5-39c2924b0130', '6f0895db-c8ec-5deb-b905-476b1e810590', 'b8e7fca5-ed0b-5acd-88b2-4aed3bb66bd2', 'c368fd81-10f8-5578-a8db-30892ba31989', 'ebd0f319-61c1-519f-bb99-e4dcb011644f', '157b6b94-2afd-5150-8c62-7e0b2ee0419a', 'af97eb2e-cb0e-5b91-a458-f7642011d3f2', '9851c0b7-1584-5469-8ae7-c2a044b02326', '83bde24c-9328-53aa-a2ea-8799400cf723', 'bd5262c3-5bee-500b-8168-3a20b1c9658e', '8bf97a84-5ed3-5b05-a3ce-b97daa199ab1', 'aec543c8-b702-550b-b8a5-2c7bf6530b69', '25a05f24-7e5c-585c-ae4f-48bfcf978cf6', '52d27647-9af9-5c90-a25f-27ad81a92912', '92680c8f-02bf-534f-a984-7daac7d6e9ca', '27a4b704-e841-56bc-9456-19cb785d2f8f', '75503f1c-7aec-51e6-a2f3-63476fb02b57', 'b0fef7e2-a519-5761-94af-2a9816a456c8', 'f69bba68-d4ee-55bf-bc6d-5f17990b89a0', 'bae954dc-04cf-5299-80d0-adf7e1e0e7f8', '59055a73-4fcc-5452-a006-e3644ac7e94a']"
4225,"['4953860b-37ee-56c4-ae37-6b17b8f50b9a', 'cbf35677-9b7c-5d40-a549-06d44c340b4a', '7cf55489-aa6b-58b0-9951-9ff0f96cac26', '18f3d3fc-6bc3-5f43-8688-631e4fa361c3', 'd26836a0-3bc1-5f90-8f1d-922823d6a8e9', '4b1c1b58-edc7-5382-9088-9d37a32aa506', '0a187903-507f-5edb-a202-e1d398cdecc5', 'b4798a57-4cdd-56a1-b97c-5559d88368f6', '4804963d-99e6-53dd-aac9-7947cb46656c', 'dc7e2e07-d114-59e3-8293-721cdbb031ed', '6f0895db-c8ec-5deb-b905-476b1e810590', '3d907a5c-e064-5faf-8f6d-e3641f44f6e0', '3bfdfea0-e588-5fd9-9e0b-1637190e9a68', 'b3f82067-68ca-5412-98fb-8df618b7f632', '596cadcf-7d11-5ccc-876c-73a100738a63', '30c5c5da-7945-5d74-9b3d-19954a9efd06', '2a81745c-e88d-5048-8f99-64ae27a44138', '0c19312b-8681-5e96-8e77-063069b0c0d3', '9724eb6a-88ac-5620-8446-9a4ac8bc0891', '78a730be-8f27-5a60-9b89-4fcbcfcf9e69', 'af97eb2e-cb0e-5b91-a458-f7642011d3f2', 'bd5262c3-5bee-500b-8168-3a20b1c9658e', 'e43c68e3-ab81-5f63-beee-78dd8485b270', '1c0241ac-da79-5d29-a91d-05e5bb066d90', 'b8e7fca5-ed0b-5acd-88b2-4aed3bb66bd2', '24f95da0-496e-5ff2-b116-b5fb90a06a69', '14749ad1-b9e3-5543-859e-d90aca06bd98', '76037139-8ecd-5c66-93f5-39c2924b0130', '52d27647-9af9-5c90-a25f-27ad81a92912', '157b6b94-2afd-5150-8c62-7e0b2ee0419a', '205f6d00-407d-5814-b5aa-ed7c07e79e0a', 'f69bba68-d4ee-55bf-bc6d-5f17990b89a0', 'aec543c8-b702-550b-b8a5-2c7bf6530b69', 'f3a2f3be-cdc7-5cac-a144-afde96cdb068', 'c884903f-9a2b-5c27-8f2d-b3fd4235dd97', '80141910-9f41-511c-8cca-5d179ab2ac36', '59055a73-4fcc-5452-a006-e3644ac7e94a', '838d75b9-65c6-5d8b-a700-55193862e7c1', '83bde24c-9328-53aa-a2ea-8799400cf723', 'ebd0f319-61c1-519f-bb99-e4dcb011644f', 'dc0c0c75-02b8-5bc8-880f-8c236c5e7d37', '8bf97a84-5ed3-5b05-a3ce-b97daa199ab1', '1d40674e-835e-5893-92d6-5b4bd3ce94a3', 'aab29dbc-ab45-57e6-9ad1-8838498987b8', 'd32a47d5-84f4-52bf-8452-b5a811c483c0', '25a05f24-7e5c-585c-ae4f-48bfcf978cf6', 'c368fd81-10f8-5578-a8db-30892ba31989', '92680c8f-02bf-534f-a984-7daac7d6e9ca', '75503f1c-7aec-51e6-a2f3-63476fb02b57', '9851c0b7-1584-5469-8ae7-c2a044b02326']"
4226,"['d26836a0-3bc1-5f90-8f1d-922823d6a8e9', '4953860b-37ee-56c4-ae37-6b17b8f50b9a', '7cf55489-aa6b-58b0-9951-9ff0f96cac26', '2a81745c-e88d-5048-8f99-64ae27a44138', '4b1c1b58-edc7-5382-9088-9d37a32aa506', 'b8e7fca5-ed0b-5acd-88b2-4aed3bb66bd2', 'aec543c8-b702-550b-b8a5-2c7bf6530b69', '4804963d-99e6-53dd-aac9-7947cb46656c', '0a187903-507f-5edb-a202-e1d398cdecc5', 'e43c68e3-ab81-5f63-beee-78dd8485b270', 'dc7e2e07-d114-59e3-8293-721cdbb031ed', 'b3f82067-68ca-5412-98fb-8df618b7f632', 'bd5262c3-5bee-500b-8168-3a20b1c9658e', '9724eb6a-88ac-5620-8446-9a4ac8bc0891', '18f3d3fc-6bc3-5f43-8688-631e4fa361c3', '205f6d00-407d-5814-b5aa-ed7c07e79e0a', 'b4798a57-4cdd-56a1-b97c-5559d88368f6', '78a730be-8f27-5a60-9b89-4fcbcfcf9e69', '14749ad1-b9e3-5543-859e-d90aca06bd98', '3d907a5c-e064-5faf-8f6d-e3641f44f6e0', '596cadcf-7d11-5ccc-876c-73a100738a63', '30c5c5da-7945-5d74-9b3d-19954a9efd06', 'c368fd81-10f8-5578-a8db-30892ba31989', '25a05f24-7e5c-585c-ae4f-48bfcf978cf6', 'af97eb2e-cb0e-5b91-a458-f7642011d3f2', 'cbf35677-9b7c-5d40-a549-06d44c340b4a', '6f0895db-c8ec-5deb-b905-476b1e810590', '3bfdfea0-e588-5fd9-9e0b-1637190e9a68', '1c0241ac-da79-5d29-a91d-05e5bb066d90', '1d40674e-835e-5893-92d6-5b4bd3ce94a3', '0c19312b-8681-5e96-8e77-063069b0c0d3', '76037139-8ecd-5c66-93f5-39c2924b0130', 'ebd0f319-61c1-519f-bb99-e4dcb011644f', '00bdaa41-6224-5968-8fb7-2af5b56cf30a', '24f95da0-496e-5ff2-b116-b5fb90a06a69', 'f69bba68-d4ee-55bf-bc6d-5f17990b89a0', '52d27647-9af9-5c90-a25f-27ad81a92912', '8bf97a84-5ed3-5b05-a3ce-b97daa199ab1', '45bbf1e9-09ba-5f39-a5c6-bb9e777c798f', '2afe3d70-2ad4-5b04-8a0c-277a629d596e', 'd32a47d5-84f4-52bf-8452-b5a811c483c0', '59055a73-4fcc-5452-a006-e3644ac7e94a', '80141910-9f41-511c-8cca-5d179ab2ac36', '838d75b9-65c6-5d8b-a700-55193862e7c1', 'bae954dc-04cf-5299-80d0-adf7e1e0e7f8', 'c884903f-9a2b-5c27-8f2d-b3fd4235dd97', '157b6b94-2afd-5150-8c62-7e0b2ee0419a', '9851c0b7-1584-5469-8ae7-c2a044b02326', 'dc0c0c75-02b8-5bc8-880f-8c236c5e7d37', '83bde24c-9328-53aa-a2ea-8799400cf723']"
4232,"['4953860b-37ee-56c4-ae37-6b17b8f50b9a', '18f3d3fc-6bc3-5f43-8688-631e4fa361c3', '4b1c1b58-edc7-5382-9088-9d37a32aa506', 'cbf35677-9b7c-5d40-a549-06d44c340b4a', '4804963d-99e6-53dd-aac9-7947cb46656c', 'd26836a0-3bc1-5f90-8f1d-922823d6a8e9', 'dc7e2e07-d114-59e3-8293-721cdbb031ed', '7cf55489-aa6b-58b0-9951-9ff0f96cac26', '14749ad1-b9e3-5543-859e-d90aca06bd98', '205f6d00-407d-5814-b5aa-ed7c07e79e0a', '76037139-8ecd-5c66-93f5-39c2924b0130', '3bfdfea0-e588-5fd9-9e0b-1637190e9a68', '2a81745c-e88d-5048-8f99-64ae27a44138', 'b4798a57-4cdd-56a1-b97c-5559d88368f6', '0c19312b-8681-5e96-8e77-063069b0c0d3', '9724eb6a-88ac-5620-8446-9a4ac8bc0891', '1c0241ac-da79-5d29-a91d-05e5bb066d90', '3d907a5c-e064-5faf-8f6d-e3641f44f6e0', 'b3f82067-68ca-5412-98fb-8df618b7f632', 'aec543c8-b702-550b-b8a5-2c7bf6530b69', '6f0895db-c8ec-5deb-b905-476b1e810590', 'f69bba68-d4ee-55bf-bc6d-5f17990b89a0', '24f95da0-496e-5ff2-b116-b5fb90a06a69', '30c5c5da-7945-5d74-9b3d-19954a9efd06', 'd32a47d5-84f4-52bf-8452-b5a811c483c0', '0a187903-507f-5edb-a202-e1d398cdecc5', '1d40674e-835e-5893-92d6-5b4bd3ce94a3', '838d75b9-65c6-5d8b-a700-55193862e7c1', '2afe3d70-2ad4-5b04-8a0c-277a629d596e', 'c884903f-9a2b-5c27-8f2d-b3fd4235dd97', '157b6b94-2afd-5150-8c62-7e0b2ee0419a', '00bdaa41-6224-5968-8fb7-2af5b56cf30a', 'f3a2f3be-cdc7-5cac-a144-afde96cdb068', 'e43c68e3-ab81-5f63-beee-78dd8485b270', 'c368fd81-10f8-5578-a8db-30892ba31989', 'ebd0f319-61c1-519f-bb99-e4dcb011644f', '8bf97a84-5ed3-5b05-a3ce-b97daa199ab1', 'aab29dbc-ab45-57e6-9ad1-8838498987b8', '92680c8f-02bf-534f-a984-7daac7d6e9ca', 'af97eb2e-cb0e-5b91-a458-f7642011d3f2', 'bae954dc-04cf-5299-80d0-adf7e1e0e7f8', 'bd5262c3-5bee-500b-8168-3a20b1c9658e', '52d27647-9af9-5c90-a25f-27ad81a92912', '596cadcf-7d11-5ccc-876c-73a100738a63', 'dc0c0c75-02b8-5bc8-880f-8c236c5e7d37', '25a05f24-7e5c-585c-ae4f-48bfcf978cf6', '78a730be-8f27-5a60-9b89-4fcbcfcf9e69', '9b163f45-7028-52bb-b6cf-a0032a12aa7f', '45bbf1e9-09ba-5f39-a5c6-bb9e777c798f', 'b8e7fca5-ed0b-5acd-88b2-4aed3bb66bd2']"
4234,"['4953860b-37ee-56c4-ae37-6b17b8f50b9a', '18f3d3fc-6bc3-5f43-8688-631e4fa361c3', 'dc7e2e07-d114-59e3-8293-721cdbb031ed', '7cf55489-aa6b-58b0-9951-9ff0f96cac26', 'd26836a0-3bc1-5f90-8f1d-922823d6a8e9', '76037139-8ecd-5c66-93f5-39c2924b0130', 'b4798a57-4cdd-56a1-b97c-5559d88368f6', '14749ad1-b9e3-5543-859e-d90aca06bd98', 'cbf35677-9b7c-5d40-a549-06d44c340b4a', '0a187903-507f-5edb-a202-e1d398cdecc5', '4b1c1b58-edc7-5382-9088-9d37a32aa506', '205f6d00-407d-5814-b5aa-ed7c07e79e0a', '157b6b94-2afd-5150-8c62-7e0b2ee0419a', '9724eb6a-88ac-5620-8446-9a4ac8bc0891', '6f0895db-c8ec-5deb-b905-476b1e810590', '4804963d-99e6-53dd-aac9-7947cb46656c', '3bfdfea0-e588-5fd9-9e0b-1637190e9a68', 'b3f82067-68ca-5412-98fb-8df618b7f632', '30c5c5da-7945-5d74-9b3d-19954a9efd06', 'f3a2f3be-cdc7-5cac-a144-afde96cdb068', 'd32a47d5-84f4-52bf-8452-b5a811c483c0', '3d907a5c-e064-5faf-8f6d-e3641f44f6e0', '8bf97a84-5ed3-5b05-a3ce-b97daa199ab1', '24f95da0-496e-5ff2-b116-b5fb90a06a69', '1c0241ac-da79-5d29-a91d-05e5bb066d90', '2a81745c-e88d-5048-8f99-64ae27a44138', 'c884903f-9a2b-5c27-8f2d-b3fd4235dd97', '00bdaa41-6224-5968-8fb7-2af5b56cf30a', 'ebd0f319-61c1-519f-bb99-e4dcb011644f', '0c19312b-8681-5e96-8e77-063069b0c0d3', '52d27647-9af9-5c90-a25f-27ad81a92912', 'f69bba68-d4ee-55bf-bc6d-5f17990b89a0', '596cadcf-7d11-5ccc-876c-73a100738a63', '838d75b9-65c6-5d8b-a700-55193862e7c1', 'aec543c8-b702-550b-b8a5-2c7bf6530b69', 'af97eb2e-cb0e-5b91-a458-f7642011d3f2', '2afe3d70-2ad4-5b04-8a0c-277a629d596e', '1d40674e-835e-5893-92d6-5b4bd3ce94a3', 'e43c68e3-ab81-5f63-beee-78dd8485b270', '78a730be-8f27-5a60-9b89-4fcbcfcf9e69', 'b8e7fca5-ed0b-5acd-88b2-4aed3bb66bd2', '80141910-9f41-511c-8cca-5d179ab2ac36', '25a05f24-7e5c-585c-ae4f-48bfcf978cf6', 'bd5262c3-5bee-500b-8168-3a20b1c9658e', '59055a73-4fcc-5452-a006-e3644ac7e94a', 'dc0c0c75-02b8-5bc8-880f-8c236c5e7d37', '9b163f45-7028-52bb-b6cf-a0032a12aa7f', '92680c8f-02bf-534f-a984-7daac7d6e9ca', '83bde24c-9328-53aa-a2ea-8799400cf723', 'c368fd81-10f8-5578-a8db-30892ba31989']"
4236,"['18f3d3fc-6bc3-5f43-8688-631e4fa361c3', '4953860b-37ee-56c4-ae37-6b17b8f50b9a', 'cbf35677-9b7c-5d40-a549-06d44c340b4a', '7cf55489-aa6b-58b0-9951-9ff0f96cac26', '4b1c1b58-edc7-5382-9088-9d37a32aa506', '3bfdfea0-e588-5fd9-9e0b-1637190e9a68', '6f0895db-c8ec-5deb-b905-476b1e810590', 'd26836a0-3bc1-5f90-8f1d-922823d6a8e9', '4804963d-99e6-53dd-aac9-7947cb46656c', 'b4798a57-4cdd-56a1-b97c-5559d88368f6', 'dc7e2e07-d114-59e3-8293-721cdbb031ed', '0a187903-507f-5edb-a202-e1d398cdecc5', '76037139-8ecd-5c66-93f5-39c2924b0130', '3d907a5c-e064-5faf-8f6d-e3641f44f6e0', '30c5c5da-7945-5d74-9b3d-19954a9efd06', '1c0241ac-da79-5d29-a91d-05e5bb066d90', 'f3a2f3be-cdc7-5cac-a144-afde96cdb068', '24f95da0-496e-5ff2-b116-b5fb90a06a69', 'f69bba68-d4ee-55bf-bc6d-5f17990b89a0', 'c884903f-9a2b-5c27-8f2d-b3fd4235dd97', '0c19312b-8681-5e96-8e77-063069b0c0d3', '2a81745c-e88d-5048-8f99-64ae27a44138', '52d27647-9af9-5c90-a25f-27ad81a92912', '596cadcf-7d11-5ccc-876c-73a100738a63', '157b6b94-2afd-5150-8c62-7e0b2ee0419a', 'b3f82067-68ca-5412-98fb-8df618b7f632', '80141910-9f41-511c-8cca-5d179ab2ac36', '14749ad1-b9e3-5543-859e-d90aca06bd98', 'd32a47d5-84f4-52bf-8452-b5a811c483c0', 'e43c68e3-ab81-5f63-beee-78dd8485b270', 'bd5262c3-5bee-500b-8168-3a20b1c9658e', '9724eb6a-88ac-5620-8446-9a4ac8bc0891', '838d75b9-65c6-5d8b-a700-55193862e7c1', 'aab29dbc-ab45-57e6-9ad1-8838498987b8', 'ebd0f319-61c1-519f-bb99-e4dcb011644f', '92680c8f-02bf-534f-a984-7daac7d6e9ca', '8bf97a84-5ed3-5b05-a3ce-b97daa199ab1', '205f6d00-407d-5814-b5aa-ed7c07e79e0a', 'dc0c0c75-02b8-5bc8-880f-8c236c5e7d37', '59055a73-4fcc-5452-a006-e3644ac7e94a', '83bde24c-9328-53aa-a2ea-8799400cf723', 'aec543c8-b702-550b-b8a5-2c7bf6530b69', 'af97eb2e-cb0e-5b91-a458-f7642011d3f2', '78a730be-8f27-5a60-9b89-4fcbcfcf9e69', '1d40674e-835e-5893-92d6-5b4bd3ce94a3', '9b163f45-7028-52bb-b6cf-a0032a12aa7f', 'b8e7fca5-ed0b-5acd-88b2-4aed3bb66bd2', '00bdaa41-6224-5968-8fb7-2af5b56cf30a', '25a05f24-7e5c-585c-ae4f-48bfcf978cf6', 'c368fd81-10f8-5578-a8db-30892ba31989']"
4237,"['4953860b-37ee-56c4-ae37-6b17b8f50b9a', '18f3d3fc-6bc3-5f43-8688-631e4fa361c3', 'd26836a0-3bc1-5f90-8f1d-922823d6a8e9', 'dc7e2e07-d114-59e3-8293-721cdbb031ed', 'cbf35677-9b7c-5d40-a549-06d44c340b4a', '7cf55489-aa6b-58b0-9951-9ff0f96cac26', 'b4798a57-4cdd-56a1-b97c-5559d88368f6', '2a81745c-e88d-5048-8f99-64ae27a44138', '157b6b94-2afd-5150-8c62-7e0b2ee0419a', '4804963d-99e6-53dd-aac9-7947cb46656c', 'b8e7fca5-ed0b-5acd-88b2-4aed3bb66bd2', '9724eb6a-88ac-5620-8446-9a4ac8bc0891', '0a187903-507f-5edb-a202-e1d398cdecc5', '596cadcf-7d11-5ccc-876c-73a100738a63', '3d907a5c-e064-5faf-8f6d-e3641f44f6e0', '14749ad1-b9e3-5543-859e-d90aca06bd98', 'b3f82067-68ca-5412-98fb-8df618b7f632', '30c5c5da-7945-5d74-9b3d-19954a9efd06', '6f0895db-c8ec-5deb-b905-476b1e810590', 'bd5262c3-5bee-500b-8168-3a20b1c9658e', 'af97eb2e-cb0e-5b91-a458-f7642011d3f2', '78a730be-8f27-5a60-9b89-4fcbcfcf9e69', '3bfdfea0-e588-5fd9-9e0b-1637190e9a68', '4b1c1b58-edc7-5382-9088-9d37a32aa506', '24f95da0-496e-5ff2-b116-b5fb90a06a69', 'aec543c8-b702-550b-b8a5-2c7bf6530b69', '205f6d00-407d-5814-b5aa-ed7c07e79e0a', '0c19312b-8681-5e96-8e77-063069b0c0d3', '838d75b9-65c6-5d8b-a700-55193862e7c1', '52d27647-9af9-5c90-a25f-27ad81a92912', '59055a73-4fcc-5452-a006-e3644ac7e94a', '76037139-8ecd-5c66-93f5-39c2924b0130', 'ebd0f319-61c1-519f-bb99-e4dcb011644f', 'f69bba68-d4ee-55bf-bc6d-5f17990b89a0', '8bf97a84-5ed3-5b05-a3ce-b97daa199ab1', '75503f1c-7aec-51e6-a2f3-63476fb02b57', 'f3a2f3be-cdc7-5cac-a144-afde96cdb068', '25a05f24-7e5c-585c-ae4f-48bfcf978cf6', '1c0241ac-da79-5d29-a91d-05e5bb066d90', 'e43c68e3-ab81-5f63-beee-78dd8485b270', 'dc0c0c75-02b8-5bc8-880f-8c236c5e7d37', '1d40674e-835e-5893-92d6-5b4bd3ce94a3', '83bde24c-9328-53aa-a2ea-8799400cf723', 'c884903f-9a2b-5c27-8f2d-b3fd4235dd97', 'c368fd81-10f8-5578-a8db-30892ba31989', '110901ad-0f6c-5157-9c7d-e1a8d44fb484', '00bdaa41-6224-5968-8fb7-2af5b56cf30a', 'd32a47d5-84f4-52bf-8452-b5a811c483c0', 'b0fef7e2-a519-5761-94af-2a9816a456c8', 'bae954dc-04cf-5299-80d0-adf7e1e0e7f8']"
4242,"['cbf35677-9b7c-5d40-a549-06d44c340b4a', '4b1c1b58-edc7-5382-9088-9d37a32aa506', '0c19312b-8681-5e96-8e77-063069b0c0d3', '18f3d3fc-6bc3-5f43-8688-631e4fa361c3', '7cf55489-aa6b-58b0-9951-9ff0f96cac26', '0a187903-507f-5edb-a202-e1d398cdecc5', '4953860b-37ee-56c4-ae37-6b17b8f50b9a', 'b4798a57-4cdd-56a1-b97c-5559d88368f6', '4804963d-99e6-53dd-aac9-7947cb46656c', '3d907a5c-e064-5faf-8f6d-e3641f44f6e0', 'd26836a0-3bc1-5f90-8f1d-922823d6a8e9', '30c5c5da-7945-5d74-9b3d-19954a9efd06', '6f0895db-c8ec-5deb-b905-476b1e810590', '205f6d00-407d-5814-b5aa-ed7c07e79e0a', '3bfdfea0-e588-5fd9-9e0b-1637190e9a68', '1c0241ac-da79-5d29-a91d-05e5bb066d90', 'dc7e2e07-d114-59e3-8293-721cdbb031ed', 'f69bba68-d4ee-55bf-bc6d-5f17990b89a0', 'b3f82067-68ca-5412-98fb-8df618b7f632', '838d75b9-65c6-5d8b-a700-55193862e7c1', '76037139-8ecd-5c66-93f5-39c2924b0130', '9724eb6a-88ac-5620-8446-9a4ac8bc0891', '14749ad1-b9e3-5543-859e-d90aca06bd98', '157b6b94-2afd-5150-8c62-7e0b2ee0419a', 'c884903f-9a2b-5c27-8f2d-b3fd4235dd97', '78a730be-8f27-5a60-9b89-4fcbcfcf9e69', '596cadcf-7d11-5ccc-876c-73a100738a63', 'aab29dbc-ab45-57e6-9ad1-8838498987b8', '83bde24c-9328-53aa-a2ea-8799400cf723', '52d27647-9af9-5c90-a25f-27ad81a92912', 'f3a2f3be-cdc7-5cac-a144-afde96cdb068', '24f95da0-496e-5ff2-b116-b5fb90a06a69', '2a81745c-e88d-5048-8f99-64ae27a44138', 'bd5262c3-5bee-500b-8168-3a20b1c9658e', '92680c8f-02bf-534f-a984-7daac7d6e9ca', 'af97eb2e-cb0e-5b91-a458-f7642011d3f2', 'e43c68e3-ab81-5f63-beee-78dd8485b270', '25a05f24-7e5c-585c-ae4f-48bfcf978cf6', 'dc0c0c75-02b8-5bc8-880f-8c236c5e7d37', 'd32a47d5-84f4-52bf-8452-b5a811c483c0', '75503f1c-7aec-51e6-a2f3-63476fb02b57', '80141910-9f41-511c-8cca-5d179ab2ac36', '1d40674e-835e-5893-92d6-5b4bd3ce94a3', 'ebd0f319-61c1-519f-bb99-e4dcb011644f', 'aec543c8-b702-550b-b8a5-2c7bf6530b69', '59055a73-4fcc-5452-a006-e3644ac7e94a', 'c368fd81-10f8-5578-a8db-30892ba31989', '110901ad-0f6c-5157-9c7d-e1a8d44fb484', '8bf97a84-5ed3-5b05-a3ce-b97daa199ab1', 'ee0c8245-5107-52eb-9b3e-551eba98c7fa']"
4243,"['4b1c1b58-edc7-5382-9088-9d37a32aa506', '4953860b-37ee-56c4-ae37-6b17b8f50b9a', 'cbf35677-9b7c-5d40-a549-06d44c340b4a', '18f3d3fc-6bc3-5f43-8688-631e4fa361c3', '4804963d-99e6-53dd-aac9-7947cb46656c', '3bfdfea0-e588-5fd9-9e0b-1637190e9a68', '7cf55489-aa6b-58b0-9951-9ff0f96cac26', 'dc7e2e07-d114-59e3-8293-721cdbb031ed', '24f95da0-496e-5ff2-b116-b5fb90a06a69', 'b4798a57-4cdd-56a1-b97c-5559d88368f6', 'd26836a0-3bc1-5f90-8f1d-922823d6a8e9', '6f0895db-c8ec-5deb-b905-476b1e810590', '3d907a5c-e064-5faf-8f6d-e3641f44f6e0', '76037139-8ecd-5c66-93f5-39c2924b0130', '0c19312b-8681-5e96-8e77-063069b0c0d3', '157b6b94-2afd-5150-8c62-7e0b2ee0419a', 'b3f82067-68ca-5412-98fb-8df618b7f632', '78a730be-8f27-5a60-9b89-4fcbcfcf9e69', '838d75b9-65c6-5d8b-a700-55193862e7c1', '596cadcf-7d11-5ccc-876c-73a100738a63', 'bd5262c3-5bee-500b-8168-3a20b1c9658e', '0a187903-507f-5edb-a202-e1d398cdecc5', '8bf97a84-5ed3-5b05-a3ce-b97daa199ab1', '9724eb6a-88ac-5620-8446-9a4ac8bc0891', 'c884903f-9a2b-5c27-8f2d-b3fd4235dd97', 'dc0c0c75-02b8-5bc8-880f-8c236c5e7d37', '1c0241ac-da79-5d29-a91d-05e5bb066d90', '30c5c5da-7945-5d74-9b3d-19954a9efd06', '2a81745c-e88d-5048-8f99-64ae27a44138', 'f3a2f3be-cdc7-5cac-a144-afde96cdb068', 'aab29dbc-ab45-57e6-9ad1-8838498987b8', '92680c8f-02bf-534f-a984-7daac7d6e9ca', 'e43c68e3-ab81-5f63-beee-78dd8485b270', 'f69bba68-d4ee-55bf-bc6d-5f17990b89a0', 'd32a47d5-84f4-52bf-8452-b5a811c483c0', 'ebd0f319-61c1-519f-bb99-e4dcb011644f', 'b8e7fca5-ed0b-5acd-88b2-4aed3bb66bd2', '14749ad1-b9e3-5543-859e-d90aca06bd98', '205f6d00-407d-5814-b5aa-ed7c07e79e0a', '80141910-9f41-511c-8cca-5d179ab2ac36', 'aec543c8-b702-550b-b8a5-2c7bf6530b69', '52d27647-9af9-5c90-a25f-27ad81a92912', 'c908c300-9f38-5e96-9697-ca9492274e17', '9851c0b7-1584-5469-8ae7-c2a044b02326', '83bde24c-9328-53aa-a2ea-8799400cf723', 'bae954dc-04cf-5299-80d0-adf7e1e0e7f8', '1d40674e-835e-5893-92d6-5b4bd3ce94a3', 'b0fef7e2-a519-5761-94af-2a9816a456c8', 'af97eb2e-cb0e-5b91-a458-f7642011d3f2', 'c368fd81-10f8-5578-a8db-30892ba31989']"
4245,"['cbf35677-9b7c-5d40-a549-06d44c340b4a', '157b6b94-2afd-5150-8c62-7e0b2ee0419a', 'd26836a0-3bc1-5f90-8f1d-922823d6a8e9', '0a187903-507f-5edb-a202-e1d398cdecc5', 'b4798a57-4cdd-56a1-b97c-5559d88368f6', '7cf55489-aa6b-58b0-9951-9ff0f96cac26', '4953860b-37ee-56c4-ae37-6b17b8f50b9a', '30c5c5da-7945-5d74-9b3d-19954a9efd06', '0c19312b-8681-5e96-8e77-063069b0c0d3', 'af97eb2e-cb0e-5b91-a458-f7642011d3f2', '3bfdfea0-e588-5fd9-9e0b-1637190e9a68', 'f69bba68-d4ee-55bf-bc6d-5f17990b89a0', 'b3f82067-68ca-5412-98fb-8df618b7f632', '838d75b9-65c6-5d8b-a700-55193862e7c1', '78a730be-8f27-5a60-9b89-4fcbcfcf9e69', '4b1c1b58-edc7-5382-9088-9d37a32aa506', '9724eb6a-88ac-5620-8446-9a4ac8bc0891', '18f3d3fc-6bc3-5f43-8688-631e4fa361c3', '6f0895db-c8ec-5deb-b905-476b1e810590', '4804963d-99e6-53dd-aac9-7947cb46656c', '596cadcf-7d11-5ccc-876c-73a100738a63', '1c0241ac-da79-5d29-a91d-05e5bb066d90', '59055a73-4fcc-5452-a006-e3644ac7e94a', '83bde24c-9328-53aa-a2ea-8799400cf723', '52d27647-9af9-5c90-a25f-27ad81a92912', '76037139-8ecd-5c66-93f5-39c2924b0130', '14749ad1-b9e3-5543-859e-d90aca06bd98', 'ff622828-7bdf-577e-ae20-bf4f9d896219', 'dc7e2e07-d114-59e3-8293-721cdbb031ed', 'c884903f-9a2b-5c27-8f2d-b3fd4235dd97', 'bd5262c3-5bee-500b-8168-3a20b1c9658e', 'c368fd81-10f8-5578-a8db-30892ba31989', 'e43c68e3-ab81-5f63-beee-78dd8485b270', '25a05f24-7e5c-585c-ae4f-48bfcf978cf6', '3d907a5c-e064-5faf-8f6d-e3641f44f6e0', '75503f1c-7aec-51e6-a2f3-63476fb02b57', 'dc0c0c75-02b8-5bc8-880f-8c236c5e7d37', '1d40674e-835e-5893-92d6-5b4bd3ce94a3', '9851c0b7-1584-5469-8ae7-c2a044b02326', 'aab29dbc-ab45-57e6-9ad1-8838498987b8', 'f3a2f3be-cdc7-5cac-a144-afde96cdb068', '24f95da0-496e-5ff2-b116-b5fb90a06a69', 'b8e7fca5-ed0b-5acd-88b2-4aed3bb66bd2', '2a81745c-e88d-5048-8f99-64ae27a44138', '205f6d00-407d-5814-b5aa-ed7c07e79e0a', 'ebd0f319-61c1-519f-bb99-e4dcb011644f', '8bf97a84-5ed3-5b05-a3ce-b97daa199ab1', '80141910-9f41-511c-8cca-5d179ab2ac36', '542536fb-19cb-575d-a0cd-92e45594ffa9', 'b0fef7e2-a519-5761-94af-2a9816a456c8']"
4246,"['cbf35677-9b7c-5d40-a549-06d44c340b4a', '0a187903-507f-5edb-a202-e1d398cdecc5', 'b4798a57-4cdd-56a1-b97c-5559d88368f6', '18f3d3fc-6bc3-5f43-8688-631e4fa361c3', '7cf55489-aa6b-58b0-9951-9ff0f96cac26', '4953860b-37ee-56c4-ae37-6b17b8f50b9a', '4b1c1b58-edc7-5382-9088-9d37a32aa506', '6f0895db-c8ec-5deb-b905-476b1e810590', '30c5c5da-7945-5d74-9b3d-19954a9efd06', '59055a73-4fcc-5452-a006-e3644ac7e94a', '596cadcf-7d11-5ccc-876c-73a100738a63', '52d27647-9af9-5c90-a25f-27ad81a92912', 'bd5262c3-5bee-500b-8168-3a20b1c9658e', '157b6b94-2afd-5150-8c62-7e0b2ee0419a', 'd26836a0-3bc1-5f90-8f1d-922823d6a8e9', '4804963d-99e6-53dd-aac9-7947cb46656c', 'c884903f-9a2b-5c27-8f2d-b3fd4235dd97', '3d907a5c-e064-5faf-8f6d-e3641f44f6e0', '0c19312b-8681-5e96-8e77-063069b0c0d3', '83bde24c-9328-53aa-a2ea-8799400cf723', 'f69bba68-d4ee-55bf-bc6d-5f17990b89a0', 'ebd0f319-61c1-519f-bb99-e4dcb011644f', '3bfdfea0-e588-5fd9-9e0b-1637190e9a68', '838d75b9-65c6-5d8b-a700-55193862e7c1', '78a730be-8f27-5a60-9b89-4fcbcfcf9e69', 'b8e7fca5-ed0b-5acd-88b2-4aed3bb66bd2', 'dc7e2e07-d114-59e3-8293-721cdbb031ed', '80141910-9f41-511c-8cca-5d179ab2ac36', '1c0241ac-da79-5d29-a91d-05e5bb066d90', '75503f1c-7aec-51e6-a2f3-63476fb02b57', '25a05f24-7e5c-585c-ae4f-48bfcf978cf6', 'af97eb2e-cb0e-5b91-a458-f7642011d3f2', 'e43c68e3-ab81-5f63-beee-78dd8485b270', '76037139-8ecd-5c66-93f5-39c2924b0130', '2a81745c-e88d-5048-8f99-64ae27a44138', '14749ad1-b9e3-5543-859e-d90aca06bd98', 'aab29dbc-ab45-57e6-9ad1-8838498987b8', 'f3a2f3be-cdc7-5cac-a144-afde96cdb068', '24f95da0-496e-5ff2-b116-b5fb90a06a69', 'b3f82067-68ca-5412-98fb-8df618b7f632', 'ff622828-7bdf-577e-ae20-bf4f9d896219', '92680c8f-02bf-534f-a984-7daac7d6e9ca', '57df6be5-3323-541f-8f7c-62682587fdb3', '8bf97a84-5ed3-5b05-a3ce-b97daa199ab1', '9851c0b7-1584-5469-8ae7-c2a044b02326', '9724eb6a-88ac-5620-8446-9a4ac8bc0891', '1d40674e-835e-5893-92d6-5b4bd3ce94a3', 'c908c300-9f38-5e96-9697-ca9492274e17', '110901ad-0f6c-5157-9c7d-e1a8d44fb484', 'aec543c8-b702-550b-b8a5-2c7bf6530b69']"
4249,"['4b1c1b58-edc7-5382-9088-9d37a32aa506', 'cbf35677-9b7c-5d40-a549-06d44c340b4a', '18f3d3fc-6bc3-5f43-8688-631e4fa361c3', '4804963d-99e6-53dd-aac9-7947cb46656c', '4953860b-37ee-56c4-ae37-6b17b8f50b9a', '7cf55489-aa6b-58b0-9951-9ff0f96cac26', 'd26836a0-3bc1-5f90-8f1d-922823d6a8e9', '0c19312b-8681-5e96-8e77-063069b0c0d3', '6f0895db-c8ec-5deb-b905-476b1e810590', '3d907a5c-e064-5faf-8f6d-e3641f44f6e0', '78a730be-8f27-5a60-9b89-4fcbcfcf9e69', '9724eb6a-88ac-5620-8446-9a4ac8bc0891', 'b4798a57-4cdd-56a1-b97c-5559d88368f6', 'b8e7fca5-ed0b-5acd-88b2-4aed3bb66bd2', '1c0241ac-da79-5d29-a91d-05e5bb066d90', '3bfdfea0-e588-5fd9-9e0b-1637190e9a68', '0a187903-507f-5edb-a202-e1d398cdecc5', 'dc7e2e07-d114-59e3-8293-721cdbb031ed', '2a81745c-e88d-5048-8f99-64ae27a44138', '205f6d00-407d-5814-b5aa-ed7c07e79e0a', '838d75b9-65c6-5d8b-a700-55193862e7c1', 'b3f82067-68ca-5412-98fb-8df618b7f632', '14749ad1-b9e3-5543-859e-d90aca06bd98', '24f95da0-496e-5ff2-b116-b5fb90a06a69', '30c5c5da-7945-5d74-9b3d-19954a9efd06', '596cadcf-7d11-5ccc-876c-73a100738a63', 'dc0c0c75-02b8-5bc8-880f-8c236c5e7d37', 'aec543c8-b702-550b-b8a5-2c7bf6530b69', '1d40674e-835e-5893-92d6-5b4bd3ce94a3', 'af97eb2e-cb0e-5b91-a458-f7642011d3f2', '157b6b94-2afd-5150-8c62-7e0b2ee0419a', 'ebd0f319-61c1-519f-bb99-e4dcb011644f', '92680c8f-02bf-534f-a984-7daac7d6e9ca', 'f69bba68-d4ee-55bf-bc6d-5f17990b89a0', '80141910-9f41-511c-8cca-5d179ab2ac36', 'e43c68e3-ab81-5f63-beee-78dd8485b270', 'aab29dbc-ab45-57e6-9ad1-8838498987b8', 'bae954dc-04cf-5299-80d0-adf7e1e0e7f8', 'c884903f-9a2b-5c27-8f2d-b3fd4235dd97', 'bd5262c3-5bee-500b-8168-3a20b1c9658e', '52d27647-9af9-5c90-a25f-27ad81a92912', 'd32a47d5-84f4-52bf-8452-b5a811c483c0', '8bf97a84-5ed3-5b05-a3ce-b97daa199ab1', '75503f1c-7aec-51e6-a2f3-63476fb02b57', '59055a73-4fcc-5452-a006-e3644ac7e94a', 'f3a2f3be-cdc7-5cac-a144-afde96cdb068', '83bde24c-9328-53aa-a2ea-8799400cf723', '76037139-8ecd-5c66-93f5-39c2924b0130', 'c368fd81-10f8-5578-a8db-30892ba31989', '9b163f45-7028-52bb-b6cf-a0032a12aa7f']"
4253,"['cbf35677-9b7c-5d40-a549-06d44c340b4a', '157b6b94-2afd-5150-8c62-7e0b2ee0419a', '4b1c1b58-edc7-5382-9088-9d37a32aa506', '0c19312b-8681-5e96-8e77-063069b0c0d3', '0a187903-507f-5edb-a202-e1d398cdecc5', '18f3d3fc-6bc3-5f43-8688-631e4fa361c3', '1c0241ac-da79-5d29-a91d-05e5bb066d90', '7cf55489-aa6b-58b0-9951-9ff0f96cac26', 'b4798a57-4cdd-56a1-b97c-5559d88368f6', '78a730be-8f27-5a60-9b89-4fcbcfcf9e69', '4804963d-99e6-53dd-aac9-7947cb46656c', '6f0895db-c8ec-5deb-b905-476b1e810590', '76037139-8ecd-5c66-93f5-39c2924b0130', '838d75b9-65c6-5d8b-a700-55193862e7c1', '596cadcf-7d11-5ccc-876c-73a100738a63', 'd26836a0-3bc1-5f90-8f1d-922823d6a8e9', '4953860b-37ee-56c4-ae37-6b17b8f50b9a', '9724eb6a-88ac-5620-8446-9a4ac8bc0891', 'af97eb2e-cb0e-5b91-a458-f7642011d3f2', 'f69bba68-d4ee-55bf-bc6d-5f17990b89a0', '30c5c5da-7945-5d74-9b3d-19954a9efd06', 'b3f82067-68ca-5412-98fb-8df618b7f632', '14749ad1-b9e3-5543-859e-d90aca06bd98', '3bfdfea0-e588-5fd9-9e0b-1637190e9a68', '83bde24c-9328-53aa-a2ea-8799400cf723', '24f95da0-496e-5ff2-b116-b5fb90a06a69', '52d27647-9af9-5c90-a25f-27ad81a92912', '3d907a5c-e064-5faf-8f6d-e3641f44f6e0', 'c884903f-9a2b-5c27-8f2d-b3fd4235dd97', '59055a73-4fcc-5452-a006-e3644ac7e94a', 'dc7e2e07-d114-59e3-8293-721cdbb031ed', '205f6d00-407d-5814-b5aa-ed7c07e79e0a', '80141910-9f41-511c-8cca-5d179ab2ac36', 'ebd0f319-61c1-519f-bb99-e4dcb011644f', 'f3a2f3be-cdc7-5cac-a144-afde96cdb068', 'aab29dbc-ab45-57e6-9ad1-8838498987b8', '8bf97a84-5ed3-5b05-a3ce-b97daa199ab1', 'ff622828-7bdf-577e-ae20-bf4f9d896219', '92680c8f-02bf-534f-a984-7daac7d6e9ca', '25a05f24-7e5c-585c-ae4f-48bfcf978cf6', 'aec543c8-b702-550b-b8a5-2c7bf6530b69', '1d40674e-835e-5893-92d6-5b4bd3ce94a3', '9851c0b7-1584-5469-8ae7-c2a044b02326', 'c368fd81-10f8-5578-a8db-30892ba31989', '542536fb-19cb-575d-a0cd-92e45594ffa9', '9b163f45-7028-52bb-b6cf-a0032a12aa7f', 'e43c68e3-ab81-5f63-beee-78dd8485b270', '2a81745c-e88d-5048-8f99-64ae27a44138', '75503f1c-7aec-51e6-a2f3-63476fb02b57', 'dc0c0c75-02b8-5bc8-880f-8c236c5e7d37']"
4255,"['7cf55489-aa6b-58b0-9951-9ff0f96cac26', '18f3d3fc-6bc3-5f43-8688-631e4fa361c3', '4953860b-37ee-56c4-ae37-6b17b8f50b9a', 'b4798a57-4cdd-56a1-b97c-5559d88368f6', 'cbf35677-9b7c-5d40-a549-06d44c340b4a', '0c19312b-8681-5e96-8e77-063069b0c0d3', '596cadcf-7d11-5ccc-876c-73a100738a63', '3d907a5c-e064-5faf-8f6d-e3641f44f6e0', '78a730be-8f27-5a60-9b89-4fcbcfcf9e69', '76037139-8ecd-5c66-93f5-39c2924b0130', '4804963d-99e6-53dd-aac9-7947cb46656c', '0a187903-507f-5edb-a202-e1d398cdecc5', 'd26836a0-3bc1-5f90-8f1d-922823d6a8e9', '30c5c5da-7945-5d74-9b3d-19954a9efd06', '2a81745c-e88d-5048-8f99-64ae27a44138', 'af97eb2e-cb0e-5b91-a458-f7642011d3f2', 'e43c68e3-ab81-5f63-beee-78dd8485b270', 'b8e7fca5-ed0b-5acd-88b2-4aed3bb66bd2', '52d27647-9af9-5c90-a25f-27ad81a92912', '9724eb6a-88ac-5620-8446-9a4ac8bc0891', '83bde24c-9328-53aa-a2ea-8799400cf723', '24f95da0-496e-5ff2-b116-b5fb90a06a69', '14749ad1-b9e3-5543-859e-d90aca06bd98', 'b3f82067-68ca-5412-98fb-8df618b7f632', '157b6b94-2afd-5150-8c62-7e0b2ee0419a', '59055a73-4fcc-5452-a006-e3644ac7e94a', '3bfdfea0-e588-5fd9-9e0b-1637190e9a68', 'dc7e2e07-d114-59e3-8293-721cdbb031ed', '4b1c1b58-edc7-5382-9088-9d37a32aa506', 'dc0c0c75-02b8-5bc8-880f-8c236c5e7d37', 'f69bba68-d4ee-55bf-bc6d-5f17990b89a0', 'bd5262c3-5bee-500b-8168-3a20b1c9658e', '6f0895db-c8ec-5deb-b905-476b1e810590', 'aec543c8-b702-550b-b8a5-2c7bf6530b69', '80141910-9f41-511c-8cca-5d179ab2ac36', '8bf97a84-5ed3-5b05-a3ce-b97daa199ab1', '25a05f24-7e5c-585c-ae4f-48bfcf978cf6', '1c0241ac-da79-5d29-a91d-05e5bb066d90', 'f3a2f3be-cdc7-5cac-a144-afde96cdb068', '838d75b9-65c6-5d8b-a700-55193862e7c1', 'aab29dbc-ab45-57e6-9ad1-8838498987b8', '9851c0b7-1584-5469-8ae7-c2a044b02326', '75503f1c-7aec-51e6-a2f3-63476fb02b57', 'b0fef7e2-a519-5761-94af-2a9816a456c8', 'ebd0f319-61c1-519f-bb99-e4dcb011644f', '27a4b704-e841-56bc-9456-19cb785d2f8f', '205f6d00-407d-5814-b5aa-ed7c07e79e0a', 'c884903f-9a2b-5c27-8f2d-b3fd4235dd97', '92680c8f-02bf-534f-a984-7daac7d6e9ca', '542536fb-19cb-575d-a0cd-92e45594ffa9']"
4259,"['0a187903-507f-5edb-a202-e1d398cdecc5', 'cbf35677-9b7c-5d40-a549-06d44c340b4a', '6f0895db-c8ec-5deb-b905-476b1e810590', 'd26836a0-3bc1-5f90-8f1d-922823d6a8e9', '7cf55489-aa6b-58b0-9951-9ff0f96cac26', '18f3d3fc-6bc3-5f43-8688-631e4fa361c3', 'b4798a57-4cdd-56a1-b97c-5559d88368f6', '30c5c5da-7945-5d74-9b3d-19954a9efd06', '4953860b-37ee-56c4-ae37-6b17b8f50b9a', 'b8e7fca5-ed0b-5acd-88b2-4aed3bb66bd2', 'af97eb2e-cb0e-5b91-a458-f7642011d3f2', '596cadcf-7d11-5ccc-876c-73a100738a63', '59055a73-4fcc-5452-a006-e3644ac7e94a', '1c0241ac-da79-5d29-a91d-05e5bb066d90', '157b6b94-2afd-5150-8c62-7e0b2ee0419a', '52d27647-9af9-5c90-a25f-27ad81a92912', 'dc7e2e07-d114-59e3-8293-721cdbb031ed', '78a730be-8f27-5a60-9b89-4fcbcfcf9e69', 'c884903f-9a2b-5c27-8f2d-b3fd4235dd97', '14749ad1-b9e3-5543-859e-d90aca06bd98', 'b3f82067-68ca-5412-98fb-8df618b7f632', '4b1c1b58-edc7-5382-9088-9d37a32aa506', '80141910-9f41-511c-8cca-5d179ab2ac36', '9b163f45-7028-52bb-b6cf-a0032a12aa7f', 'ebd0f319-61c1-519f-bb99-e4dcb011644f', '9724eb6a-88ac-5620-8446-9a4ac8bc0891', 'f69bba68-d4ee-55bf-bc6d-5f17990b89a0', '3bfdfea0-e588-5fd9-9e0b-1637190e9a68', 'e43c68e3-ab81-5f63-beee-78dd8485b270', '838d75b9-65c6-5d8b-a700-55193862e7c1', 'f3a2f3be-cdc7-5cac-a144-afde96cdb068', '1d40674e-835e-5893-92d6-5b4bd3ce94a3', '3d907a5c-e064-5faf-8f6d-e3641f44f6e0', '83bde24c-9328-53aa-a2ea-8799400cf723', '8bf97a84-5ed3-5b05-a3ce-b97daa199ab1', 'bd5262c3-5bee-500b-8168-3a20b1c9658e', '2a81745c-e88d-5048-8f99-64ae27a44138', 'aab29dbc-ab45-57e6-9ad1-8838498987b8', '542536fb-19cb-575d-a0cd-92e45594ffa9', '76037139-8ecd-5c66-93f5-39c2924b0130', '0c19312b-8681-5e96-8e77-063069b0c0d3', '24f95da0-496e-5ff2-b116-b5fb90a06a69', 'ff622828-7bdf-577e-ae20-bf4f9d896219', '25a05f24-7e5c-585c-ae4f-48bfcf978cf6', '4804963d-99e6-53dd-aac9-7947cb46656c', '00bdaa41-6224-5968-8fb7-2af5b56cf30a', '110901ad-0f6c-5157-9c7d-e1a8d44fb484', '57df6be5-3323-541f-8f7c-62682587fdb3', '75503f1c-7aec-51e6-a2f3-63476fb02b57', 'aec543c8-b702-550b-b8a5-2c7bf6530b69']"
4260,"['4953860b-37ee-56c4-ae37-6b17b8f50b9a', '18f3d3fc-6bc3-5f43-8688-631e4fa361c3', '7cf55489-aa6b-58b0-9951-9ff0f96cac26', '76037139-8ecd-5c66-93f5-39c2924b0130', '4804963d-99e6-53dd-aac9-7947cb46656c', '0c19312b-8681-5e96-8e77-063069b0c0d3', '4b1c1b58-edc7-5382-9088-9d37a32aa506', '3d907a5c-e064-5faf-8f6d-e3641f44f6e0', '14749ad1-b9e3-5543-859e-d90aca06bd98', 'cbf35677-9b7c-5d40-a549-06d44c340b4a', 'b4798a57-4cdd-56a1-b97c-5559d88368f6', '24f95da0-496e-5ff2-b116-b5fb90a06a69', '9724eb6a-88ac-5620-8446-9a4ac8bc0891', '2a81745c-e88d-5048-8f99-64ae27a44138', '80141910-9f41-511c-8cca-5d179ab2ac36', '78a730be-8f27-5a60-9b89-4fcbcfcf9e69', 'd26836a0-3bc1-5f90-8f1d-922823d6a8e9', '1c0241ac-da79-5d29-a91d-05e5bb066d90', '3bfdfea0-e588-5fd9-9e0b-1637190e9a68', '30c5c5da-7945-5d74-9b3d-19954a9efd06', 'aec543c8-b702-550b-b8a5-2c7bf6530b69', 'ebd0f319-61c1-519f-bb99-e4dcb011644f', 'af97eb2e-cb0e-5b91-a458-f7642011d3f2', '838d75b9-65c6-5d8b-a700-55193862e7c1', '8bf97a84-5ed3-5b05-a3ce-b97daa199ab1', 'dc7e2e07-d114-59e3-8293-721cdbb031ed', '92680c8f-02bf-534f-a984-7daac7d6e9ca', '157b6b94-2afd-5150-8c62-7e0b2ee0419a', 'b3f82067-68ca-5412-98fb-8df618b7f632', '0a187903-507f-5edb-a202-e1d398cdecc5', '6f0895db-c8ec-5deb-b905-476b1e810590', '596cadcf-7d11-5ccc-876c-73a100738a63', 'f69bba68-d4ee-55bf-bc6d-5f17990b89a0', 'e43c68e3-ab81-5f63-beee-78dd8485b270', '52d27647-9af9-5c90-a25f-27ad81a92912', '1d40674e-835e-5893-92d6-5b4bd3ce94a3', 'b8e7fca5-ed0b-5acd-88b2-4aed3bb66bd2', '205f6d00-407d-5814-b5aa-ed7c07e79e0a', 'aab29dbc-ab45-57e6-9ad1-8838498987b8', 'f3a2f3be-cdc7-5cac-a144-afde96cdb068', 'd32a47d5-84f4-52bf-8452-b5a811c483c0', 'c884903f-9a2b-5c27-8f2d-b3fd4235dd97', '59055a73-4fcc-5452-a006-e3644ac7e94a', 'bae954dc-04cf-5299-80d0-adf7e1e0e7f8', 'dc0c0c75-02b8-5bc8-880f-8c236c5e7d37', '00bdaa41-6224-5968-8fb7-2af5b56cf30a', 'bd5262c3-5bee-500b-8168-3a20b1c9658e', 'b0fef7e2-a519-5761-94af-2a9816a456c8', 'c908c300-9f38-5e96-9697-ca9492274e17', '25a05f24-7e5c-585c-ae4f-48bfcf978cf6']"
4262,"['7cf55489-aa6b-58b0-9951-9ff0f96cac26', 'd26836a0-3bc1-5f90-8f1d-922823d6a8e9', '4953860b-37ee-56c4-ae37-6b17b8f50b9a', 'cbf35677-9b7c-5d40-a549-06d44c340b4a', 'b4798a57-4cdd-56a1-b97c-5559d88368f6', '14749ad1-b9e3-5543-859e-d90aca06bd98', '18f3d3fc-6bc3-5f43-8688-631e4fa361c3', 'b8e7fca5-ed0b-5acd-88b2-4aed3bb66bd2', '0c19312b-8681-5e96-8e77-063069b0c0d3', '78a730be-8f27-5a60-9b89-4fcbcfcf9e69', 'b3f82067-68ca-5412-98fb-8df618b7f632', '30c5c5da-7945-5d74-9b3d-19954a9efd06', '9724eb6a-88ac-5620-8446-9a4ac8bc0891', 'dc7e2e07-d114-59e3-8293-721cdbb031ed', '0a187903-507f-5edb-a202-e1d398cdecc5', '2a81745c-e88d-5048-8f99-64ae27a44138', '3d907a5c-e064-5faf-8f6d-e3641f44f6e0', '4804963d-99e6-53dd-aac9-7947cb46656c', '76037139-8ecd-5c66-93f5-39c2924b0130', '4b1c1b58-edc7-5382-9088-9d37a32aa506', '6f0895db-c8ec-5deb-b905-476b1e810590', 'af97eb2e-cb0e-5b91-a458-f7642011d3f2', '24f95da0-496e-5ff2-b116-b5fb90a06a69', '1d40674e-835e-5893-92d6-5b4bd3ce94a3', 'e43c68e3-ab81-5f63-beee-78dd8485b270', '596cadcf-7d11-5ccc-876c-73a100738a63', '8bf97a84-5ed3-5b05-a3ce-b97daa199ab1', '3bfdfea0-e588-5fd9-9e0b-1637190e9a68', 'aab29dbc-ab45-57e6-9ad1-8838498987b8', '157b6b94-2afd-5150-8c62-7e0b2ee0419a', '1c0241ac-da79-5d29-a91d-05e5bb066d90', '838d75b9-65c6-5d8b-a700-55193862e7c1', 'f69bba68-d4ee-55bf-bc6d-5f17990b89a0', 'c884903f-9a2b-5c27-8f2d-b3fd4235dd97', '52d27647-9af9-5c90-a25f-27ad81a92912', '205f6d00-407d-5814-b5aa-ed7c07e79e0a', 'b0fef7e2-a519-5761-94af-2a9816a456c8', 'dc0c0c75-02b8-5bc8-880f-8c236c5e7d37', '25a05f24-7e5c-585c-ae4f-48bfcf978cf6', 'aec543c8-b702-550b-b8a5-2c7bf6530b69', 'd32a47d5-84f4-52bf-8452-b5a811c483c0', 'ebd0f319-61c1-519f-bb99-e4dcb011644f', '59055a73-4fcc-5452-a006-e3644ac7e94a', 'bae954dc-04cf-5299-80d0-adf7e1e0e7f8', 'bd5262c3-5bee-500b-8168-3a20b1c9658e', 'f3a2f3be-cdc7-5cac-a144-afde96cdb068', '00bdaa41-6224-5968-8fb7-2af5b56cf30a', '92680c8f-02bf-534f-a984-7daac7d6e9ca', '80141910-9f41-511c-8cca-5d179ab2ac36', '83bde24c-9328-53aa-a2ea-8799400cf723']"
4263,"['4953860b-37ee-56c4-ae37-6b17b8f50b9a', '7cf55489-aa6b-58b0-9951-9ff0f96cac26', '4b1c1b58-edc7-5382-9088-9d37a32aa506', '18f3d3fc-6bc3-5f43-8688-631e4fa361c3', '4804963d-99e6-53dd-aac9-7947cb46656c', 'd26836a0-3bc1-5f90-8f1d-922823d6a8e9', '596cadcf-7d11-5ccc-876c-73a100738a63', 'e43c68e3-ab81-5f63-beee-78dd8485b270', '0a187903-507f-5edb-a202-e1d398cdecc5', '2a81745c-e88d-5048-8f99-64ae27a44138', 'aec543c8-b702-550b-b8a5-2c7bf6530b69', '0c19312b-8681-5e96-8e77-063069b0c0d3', '3d907a5c-e064-5faf-8f6d-e3641f44f6e0', '78a730be-8f27-5a60-9b89-4fcbcfcf9e69', '80141910-9f41-511c-8cca-5d179ab2ac36', '30c5c5da-7945-5d74-9b3d-19954a9efd06', 'bd5262c3-5bee-500b-8168-3a20b1c9658e', 'b3f82067-68ca-5412-98fb-8df618b7f632', 'cbf35677-9b7c-5d40-a549-06d44c340b4a', '76037139-8ecd-5c66-93f5-39c2924b0130', '1c0241ac-da79-5d29-a91d-05e5bb066d90', '9724eb6a-88ac-5620-8446-9a4ac8bc0891', '6f0895db-c8ec-5deb-b905-476b1e810590', 'af97eb2e-cb0e-5b91-a458-f7642011d3f2', '3bfdfea0-e588-5fd9-9e0b-1637190e9a68', 'dc7e2e07-d114-59e3-8293-721cdbb031ed', 'b4798a57-4cdd-56a1-b97c-5559d88368f6', 'b8e7fca5-ed0b-5acd-88b2-4aed3bb66bd2', 'f69bba68-d4ee-55bf-bc6d-5f17990b89a0', '24f95da0-496e-5ff2-b116-b5fb90a06a69', '52d27647-9af9-5c90-a25f-27ad81a92912', '9851c0b7-1584-5469-8ae7-c2a044b02326', 'f3a2f3be-cdc7-5cac-a144-afde96cdb068', '83bde24c-9328-53aa-a2ea-8799400cf723', '205f6d00-407d-5814-b5aa-ed7c07e79e0a', '59055a73-4fcc-5452-a006-e3644ac7e94a', 'dc0c0c75-02b8-5bc8-880f-8c236c5e7d37', 'c368fd81-10f8-5578-a8db-30892ba31989', '157b6b94-2afd-5150-8c62-7e0b2ee0419a', '14749ad1-b9e3-5543-859e-d90aca06bd98', '25a05f24-7e5c-585c-ae4f-48bfcf978cf6', 'ebd0f319-61c1-519f-bb99-e4dcb011644f', '8bf97a84-5ed3-5b05-a3ce-b97daa199ab1', 'aab29dbc-ab45-57e6-9ad1-8838498987b8', '838d75b9-65c6-5d8b-a700-55193862e7c1', 'c884903f-9a2b-5c27-8f2d-b3fd4235dd97', '4b04d6df-1302-550f-93f1-af9dd159b920', '75503f1c-7aec-51e6-a2f3-63476fb02b57', '110901ad-0f6c-5157-9c7d-e1a8d44fb484', '542536fb-19cb-575d-a0cd-92e45594ffa9']"
4267,"['7cf55489-aa6b-58b0-9951-9ff0f96cac26', '0a187903-507f-5edb-a202-e1d398cdecc5', '80141910-9f41-511c-8cca-5d179ab2ac36', '4953860b-37ee-56c4-ae37-6b17b8f50b9a', '4b1c1b58-edc7-5382-9088-9d37a32aa506', '596cadcf-7d11-5ccc-876c-73a100738a63', '18f3d3fc-6bc3-5f43-8688-631e4fa361c3', 'e43c68e3-ab81-5f63-beee-78dd8485b270', '78a730be-8f27-5a60-9b89-4fcbcfcf9e69', '1c0241ac-da79-5d29-a91d-05e5bb066d90', '6f0895db-c8ec-5deb-b905-476b1e810590', 'aec543c8-b702-550b-b8a5-2c7bf6530b69', 'd26836a0-3bc1-5f90-8f1d-922823d6a8e9', '76037139-8ecd-5c66-93f5-39c2924b0130', '30c5c5da-7945-5d74-9b3d-19954a9efd06', '52d27647-9af9-5c90-a25f-27ad81a92912', '9851c0b7-1584-5469-8ae7-c2a044b02326', 'b4798a57-4cdd-56a1-b97c-5559d88368f6', '59055a73-4fcc-5452-a006-e3644ac7e94a', 'b8e7fca5-ed0b-5acd-88b2-4aed3bb66bd2', '4804963d-99e6-53dd-aac9-7947cb46656c', 'af97eb2e-cb0e-5b91-a458-f7642011d3f2', '2a81745c-e88d-5048-8f99-64ae27a44138', 'f69bba68-d4ee-55bf-bc6d-5f17990b89a0', '3d907a5c-e064-5faf-8f6d-e3641f44f6e0', 'cbf35677-9b7c-5d40-a549-06d44c340b4a', 'ebd0f319-61c1-519f-bb99-e4dcb011644f', 'bd5262c3-5bee-500b-8168-3a20b1c9658e', '0c19312b-8681-5e96-8e77-063069b0c0d3', 'b3f82067-68ca-5412-98fb-8df618b7f632', '83bde24c-9328-53aa-a2ea-8799400cf723', '14749ad1-b9e3-5543-859e-d90aca06bd98', '25a05f24-7e5c-585c-ae4f-48bfcf978cf6', '8bf97a84-5ed3-5b05-a3ce-b97daa199ab1', 'c884903f-9a2b-5c27-8f2d-b3fd4235dd97', 'f3a2f3be-cdc7-5cac-a144-afde96cdb068', '24f95da0-496e-5ff2-b116-b5fb90a06a69', 'dc7e2e07-d114-59e3-8293-721cdbb031ed', 'aab29dbc-ab45-57e6-9ad1-8838498987b8', '9724eb6a-88ac-5620-8446-9a4ac8bc0891', '157b6b94-2afd-5150-8c62-7e0b2ee0419a', '3bfdfea0-e588-5fd9-9e0b-1637190e9a68', '838d75b9-65c6-5d8b-a700-55193862e7c1', '4b04d6df-1302-550f-93f1-af9dd159b920', '542536fb-19cb-575d-a0cd-92e45594ffa9', '110901ad-0f6c-5157-9c7d-e1a8d44fb484', '9864365a-0a88-592f-9c68-7ed1f3c5af6e', '9b163f45-7028-52bb-b6cf-a0032a12aa7f', 'ff622828-7bdf-577e-ae20-bf4f9d896219', 'd32a47d5-84f4-52bf-8452-b5a811c483c0']"
4276,"['d26836a0-3bc1-5f90-8f1d-922823d6a8e9', '4b1c1b58-edc7-5382-9088-9d37a32aa506', '7cf55489-aa6b-58b0-9951-9ff0f96cac26', 'b3f82067-68ca-5412-98fb-8df618b7f632', 'cbf35677-9b7c-5d40-a549-06d44c340b4a', '4953860b-37ee-56c4-ae37-6b17b8f50b9a', 'b8e7fca5-ed0b-5acd-88b2-4aed3bb66bd2', '0a187903-507f-5edb-a202-e1d398cdecc5', 'dc7e2e07-d114-59e3-8293-721cdbb031ed', '78a730be-8f27-5a60-9b89-4fcbcfcf9e69', 'bd5262c3-5bee-500b-8168-3a20b1c9658e', '3d907a5c-e064-5faf-8f6d-e3641f44f6e0', 'b4798a57-4cdd-56a1-b97c-5559d88368f6', '3bfdfea0-e588-5fd9-9e0b-1637190e9a68', '4804963d-99e6-53dd-aac9-7947cb46656c', 'e43c68e3-ab81-5f63-beee-78dd8485b270', '2a81745c-e88d-5048-8f99-64ae27a44138', '6f0895db-c8ec-5deb-b905-476b1e810590', '0c19312b-8681-5e96-8e77-063069b0c0d3', '205f6d00-407d-5814-b5aa-ed7c07e79e0a', '596cadcf-7d11-5ccc-876c-73a100738a63', '9724eb6a-88ac-5620-8446-9a4ac8bc0891', '30c5c5da-7945-5d74-9b3d-19954a9efd06', '18f3d3fc-6bc3-5f43-8688-631e4fa361c3', 'dc0c0c75-02b8-5bc8-880f-8c236c5e7d37', 'af97eb2e-cb0e-5b91-a458-f7642011d3f2', 'c368fd81-10f8-5578-a8db-30892ba31989', '24f95da0-496e-5ff2-b116-b5fb90a06a69', 'aec543c8-b702-550b-b8a5-2c7bf6530b69', '14749ad1-b9e3-5543-859e-d90aca06bd98', '1c0241ac-da79-5d29-a91d-05e5bb066d90', 'b0fef7e2-a519-5761-94af-2a9816a456c8', '75503f1c-7aec-51e6-a2f3-63476fb02b57', '83bde24c-9328-53aa-a2ea-8799400cf723', 'aab29dbc-ab45-57e6-9ad1-8838498987b8', 'f69bba68-d4ee-55bf-bc6d-5f17990b89a0', '80141910-9f41-511c-8cca-5d179ab2ac36', '25a05f24-7e5c-585c-ae4f-48bfcf978cf6', '1d40674e-835e-5893-92d6-5b4bd3ce94a3', '4b04d6df-1302-550f-93f1-af9dd159b920', '52d27647-9af9-5c90-a25f-27ad81a92912', 'c884903f-9a2b-5c27-8f2d-b3fd4235dd97', 'f3a2f3be-cdc7-5cac-a144-afde96cdb068', 'd32a47d5-84f4-52bf-8452-b5a811c483c0', '45bbf1e9-09ba-5f39-a5c6-bb9e777c798f', '9851c0b7-1584-5469-8ae7-c2a044b02326', '838d75b9-65c6-5d8b-a700-55193862e7c1', '157b6b94-2afd-5150-8c62-7e0b2ee0419a', '8bf97a84-5ed3-5b05-a3ce-b97daa199ab1', '59055a73-4fcc-5452-a006-e3644ac7e94a']"
4280,"['4953860b-37ee-56c4-ae37-6b17b8f50b9a', 'dc7e2e07-d114-59e3-8293-721cdbb031ed', '7cf55489-aa6b-58b0-9951-9ff0f96cac26', '2a81745c-e88d-5048-8f99-64ae27a44138', 'd26836a0-3bc1-5f90-8f1d-922823d6a8e9', '18f3d3fc-6bc3-5f43-8688-631e4fa361c3', 'b4798a57-4cdd-56a1-b97c-5559d88368f6', 'b8e7fca5-ed0b-5acd-88b2-4aed3bb66bd2', '14749ad1-b9e3-5543-859e-d90aca06bd98', '4804963d-99e6-53dd-aac9-7947cb46656c', 'bd5262c3-5bee-500b-8168-3a20b1c9658e', '3d907a5c-e064-5faf-8f6d-e3641f44f6e0', 'aec543c8-b702-550b-b8a5-2c7bf6530b69', '30c5c5da-7945-5d74-9b3d-19954a9efd06', 'cbf35677-9b7c-5d40-a549-06d44c340b4a', '00bdaa41-6224-5968-8fb7-2af5b56cf30a', '76037139-8ecd-5c66-93f5-39c2924b0130', '0a187903-507f-5edb-a202-e1d398cdecc5', '24f95da0-496e-5ff2-b116-b5fb90a06a69', 'b3f82067-68ca-5412-98fb-8df618b7f632', 'ebd0f319-61c1-519f-bb99-e4dcb011644f', '4b1c1b58-edc7-5382-9088-9d37a32aa506', '8bf97a84-5ed3-5b05-a3ce-b97daa199ab1', 'e43c68e3-ab81-5f63-beee-78dd8485b270', '596cadcf-7d11-5ccc-876c-73a100738a63', '9724eb6a-88ac-5620-8446-9a4ac8bc0891', '157b6b94-2afd-5150-8c62-7e0b2ee0419a', '25a05f24-7e5c-585c-ae4f-48bfcf978cf6', '205f6d00-407d-5814-b5aa-ed7c07e79e0a', '6f0895db-c8ec-5deb-b905-476b1e810590', '3bfdfea0-e588-5fd9-9e0b-1637190e9a68', '78a730be-8f27-5a60-9b89-4fcbcfcf9e69', '52d27647-9af9-5c90-a25f-27ad81a92912', 'f3a2f3be-cdc7-5cac-a144-afde96cdb068', 'af97eb2e-cb0e-5b91-a458-f7642011d3f2', 'f69bba68-d4ee-55bf-bc6d-5f17990b89a0', '838d75b9-65c6-5d8b-a700-55193862e7c1', '0c19312b-8681-5e96-8e77-063069b0c0d3', '01b762ba-4c74-5fb0-b83b-0cf0b7f6301e', '1d40674e-835e-5893-92d6-5b4bd3ce94a3', '59055a73-4fcc-5452-a006-e3644ac7e94a', 'bae954dc-04cf-5299-80d0-adf7e1e0e7f8', '2afe3d70-2ad4-5b04-8a0c-277a629d596e', '75503f1c-7aec-51e6-a2f3-63476fb02b57', 'c884903f-9a2b-5c27-8f2d-b3fd4235dd97', 'd32a47d5-84f4-52bf-8452-b5a811c483c0', '1c0241ac-da79-5d29-a91d-05e5bb066d90', '57df6be5-3323-541f-8f7c-62682587fdb3', '110901ad-0f6c-5157-9c7d-e1a8d44fb484', '80141910-9f41-511c-8cca-5d179ab2ac36']"
4288,"['4953860b-37ee-56c4-ae37-6b17b8f50b9a', 'cbf35677-9b7c-5d40-a549-06d44c340b4a', '7cf55489-aa6b-58b0-9951-9ff0f96cac26', '18f3d3fc-6bc3-5f43-8688-631e4fa361c3', 'd26836a0-3bc1-5f90-8f1d-922823d6a8e9', '4b1c1b58-edc7-5382-9088-9d37a32aa506', '0a187903-507f-5edb-a202-e1d398cdecc5', 'b4798a57-4cdd-56a1-b97c-5559d88368f6', '4804963d-99e6-53dd-aac9-7947cb46656c', 'dc7e2e07-d114-59e3-8293-721cdbb031ed', '6f0895db-c8ec-5deb-b905-476b1e810590', '3d907a5c-e064-5faf-8f6d-e3641f44f6e0', '3bfdfea0-e588-5fd9-9e0b-1637190e9a68', 'b3f82067-68ca-5412-98fb-8df618b7f632', '596cadcf-7d11-5ccc-876c-73a100738a63', '30c5c5da-7945-5d74-9b3d-19954a9efd06', '2a81745c-e88d-5048-8f99-64ae27a44138', '0c19312b-8681-5e96-8e77-063069b0c0d3', '9724eb6a-88ac-5620-8446-9a4ac8bc0891', '78a730be-8f27-5a60-9b89-4fcbcfcf9e69', 'af97eb2e-cb0e-5b91-a458-f7642011d3f2', 'bd5262c3-5bee-500b-8168-3a20b1c9658e', 'e43c68e3-ab81-5f63-beee-78dd8485b270', '1c0241ac-da79-5d29-a91d-05e5bb066d90', 'b8e7fca5-ed0b-5acd-88b2-4aed3bb66bd2', '24f95da0-496e-5ff2-b116-b5fb90a06a69', '14749ad1-b9e3-5543-859e-d90aca06bd98', '76037139-8ecd-5c66-93f5-39c2924b0130', '52d27647-9af9-5c90-a25f-27ad81a92912', '157b6b94-2afd-5150-8c62-7e0b2ee0419a', '205f6d00-407d-5814-b5aa-ed7c07e79e0a', 'f69bba68-d4ee-55bf-bc6d-5f17990b89a0', 'aec543c8-b702-550b-b8a5-2c7bf6530b69', 'f3a2f3be-cdc7-5cac-a144-afde96cdb068', 'c884903f-9a2b-5c27-8f2d-b3fd4235dd97', '80141910-9f41-511c-8cca-5d179ab2ac36', '59055a73-4fcc-5452-a006-e3644ac7e94a', '838d75b9-65c6-5d8b-a700-55193862e7c1', '83bde24c-9328-53aa-a2ea-8799400cf723', 'ebd0f319-61c1-519f-bb99-e4dcb011644f', 'dc0c0c75-02b8-5bc8-880f-8c236c5e7d37', '8bf97a84-5ed3-5b05-a3ce-b97daa199ab1', '1d40674e-835e-5893-92d6-5b4bd3ce94a3', 'aab29dbc-ab45-57e6-9ad1-8838498987b8', 'd32a47d5-84f4-52bf-8452-b5a811c483c0', '25a05f24-7e5c-585c-ae4f-48bfcf978cf6', 'c368fd81-10f8-5578-a8db-30892ba31989', '92680c8f-02bf-534f-a984-7daac7d6e9ca', '75503f1c-7aec-51e6-a2f3-63476fb02b57', '9851c0b7-1584-5469-8ae7-c2a044b02326']"
4299,"['0a187903-507f-5edb-a202-e1d398cdecc5', 'cbf35677-9b7c-5d40-a549-06d44c340b4a', 'b4798a57-4cdd-56a1-b97c-5559d88368f6', '7cf55489-aa6b-58b0-9951-9ff0f96cac26', '596cadcf-7d11-5ccc-876c-73a100738a63', '18f3d3fc-6bc3-5f43-8688-631e4fa361c3', 'd26836a0-3bc1-5f90-8f1d-922823d6a8e9', '78a730be-8f27-5a60-9b89-4fcbcfcf9e69', '0c19312b-8681-5e96-8e77-063069b0c0d3', '4953860b-37ee-56c4-ae37-6b17b8f50b9a', '6f0895db-c8ec-5deb-b905-476b1e810590', '4b1c1b58-edc7-5382-9088-9d37a32aa506', 'b8e7fca5-ed0b-5acd-88b2-4aed3bb66bd2', '3d907a5c-e064-5faf-8f6d-e3641f44f6e0', 'b3f82067-68ca-5412-98fb-8df618b7f632', '83bde24c-9328-53aa-a2ea-8799400cf723', '9724eb6a-88ac-5620-8446-9a4ac8bc0891', '30c5c5da-7945-5d74-9b3d-19954a9efd06', '4804963d-99e6-53dd-aac9-7947cb46656c', '14749ad1-b9e3-5543-859e-d90aca06bd98', '52d27647-9af9-5c90-a25f-27ad81a92912', '157b6b94-2afd-5150-8c62-7e0b2ee0419a', 'dc7e2e07-d114-59e3-8293-721cdbb031ed', 'af97eb2e-cb0e-5b91-a458-f7642011d3f2', '59055a73-4fcc-5452-a006-e3644ac7e94a', 'dc0c0c75-02b8-5bc8-880f-8c236c5e7d37', 'e43c68e3-ab81-5f63-beee-78dd8485b270', 'c884903f-9a2b-5c27-8f2d-b3fd4235dd97', '75503f1c-7aec-51e6-a2f3-63476fb02b57', '24f95da0-496e-5ff2-b116-b5fb90a06a69', '2a81745c-e88d-5048-8f99-64ae27a44138', '205f6d00-407d-5814-b5aa-ed7c07e79e0a', '3bfdfea0-e588-5fd9-9e0b-1637190e9a68', '25a05f24-7e5c-585c-ae4f-48bfcf978cf6', '1c0241ac-da79-5d29-a91d-05e5bb066d90', '9851c0b7-1584-5469-8ae7-c2a044b02326', '76037139-8ecd-5c66-93f5-39c2924b0130', '838d75b9-65c6-5d8b-a700-55193862e7c1', '8bf97a84-5ed3-5b05-a3ce-b97daa199ab1', 'ebd0f319-61c1-519f-bb99-e4dcb011644f', 'bd5262c3-5bee-500b-8168-3a20b1c9658e', 'f69bba68-d4ee-55bf-bc6d-5f17990b89a0', '1d40674e-835e-5893-92d6-5b4bd3ce94a3', 'd32a47d5-84f4-52bf-8452-b5a811c483c0', 'f3a2f3be-cdc7-5cac-a144-afde96cdb068', 'b0fef7e2-a519-5761-94af-2a9816a456c8', 'aec543c8-b702-550b-b8a5-2c7bf6530b69', '80141910-9f41-511c-8cca-5d179ab2ac36', '27a4b704-e841-56bc-9456-19cb785d2f8f', 'ff622828-7bdf-577e-ae20-bf4f9d896219']"
4307,"['4953860b-37ee-56c4-ae37-6b17b8f50b9a', '4804963d-99e6-53dd-aac9-7947cb46656c', '18f3d3fc-6bc3-5f43-8688-631e4fa361c3', '7cf55489-aa6b-58b0-9951-9ff0f96cac26', '2a81745c-e88d-5048-8f99-64ae27a44138', 'd26836a0-3bc1-5f90-8f1d-922823d6a8e9', 'dc7e2e07-d114-59e3-8293-721cdbb031ed', '3d907a5c-e064-5faf-8f6d-e3641f44f6e0', '4b1c1b58-edc7-5382-9088-9d37a32aa506', '205f6d00-407d-5814-b5aa-ed7c07e79e0a', '0c19312b-8681-5e96-8e77-063069b0c0d3', 'aec543c8-b702-550b-b8a5-2c7bf6530b69', '9724eb6a-88ac-5620-8446-9a4ac8bc0891', '596cadcf-7d11-5ccc-876c-73a100738a63', 'b3f82067-68ca-5412-98fb-8df618b7f632', 'cbf35677-9b7c-5d40-a549-06d44c340b4a', 'b4798a57-4cdd-56a1-b97c-5559d88368f6', '24f95da0-496e-5ff2-b116-b5fb90a06a69', '78a730be-8f27-5a60-9b89-4fcbcfcf9e69', '76037139-8ecd-5c66-93f5-39c2924b0130', '14749ad1-b9e3-5543-859e-d90aca06bd98', 'b8e7fca5-ed0b-5acd-88b2-4aed3bb66bd2', 'e43c68e3-ab81-5f63-beee-78dd8485b270', '0a187903-507f-5edb-a202-e1d398cdecc5', '30c5c5da-7945-5d74-9b3d-19954a9efd06', 'dc0c0c75-02b8-5bc8-880f-8c236c5e7d37', '3bfdfea0-e588-5fd9-9e0b-1637190e9a68', '6f0895db-c8ec-5deb-b905-476b1e810590', 'bd5262c3-5bee-500b-8168-3a20b1c9658e', '1c0241ac-da79-5d29-a91d-05e5bb066d90', '8bf97a84-5ed3-5b05-a3ce-b97daa199ab1', 'f3a2f3be-cdc7-5cac-a144-afde96cdb068', '25a05f24-7e5c-585c-ae4f-48bfcf978cf6', '157b6b94-2afd-5150-8c62-7e0b2ee0419a', 'af97eb2e-cb0e-5b91-a458-f7642011d3f2', 'f69bba68-d4ee-55bf-bc6d-5f17990b89a0', '83bde24c-9328-53aa-a2ea-8799400cf723', 'b0fef7e2-a519-5761-94af-2a9816a456c8', '52d27647-9af9-5c90-a25f-27ad81a92912', '838d75b9-65c6-5d8b-a700-55193862e7c1', '27a4b704-e841-56bc-9456-19cb785d2f8f', 'c823c1a6-80f5-58af-b80f-e877ecad0118', '75503f1c-7aec-51e6-a2f3-63476fb02b57', '110901ad-0f6c-5157-9c7d-e1a8d44fb484', 'd32a47d5-84f4-52bf-8452-b5a811c483c0', 'ebd0f319-61c1-519f-bb99-e4dcb011644f', 'c368fd81-10f8-5578-a8db-30892ba31989', '2afe3d70-2ad4-5b04-8a0c-277a629d596e', '45bbf1e9-09ba-5f39-a5c6-bb9e777c798f', '1d40674e-835e-5893-92d6-5b4bd3ce94a3']"
4317,"['4953860b-37ee-56c4-ae37-6b17b8f50b9a', 'bd5262c3-5bee-500b-8168-3a20b1c9658e', 'b3f82067-68ca-5412-98fb-8df618b7f632', 'dc7e2e07-d114-59e3-8293-721cdbb031ed', '7cf55489-aa6b-58b0-9951-9ff0f96cac26', 'd26836a0-3bc1-5f90-8f1d-922823d6a8e9', '4b1c1b58-edc7-5382-9088-9d37a32aa506', '2a81745c-e88d-5048-8f99-64ae27a44138', '18f3d3fc-6bc3-5f43-8688-631e4fa361c3', '596cadcf-7d11-5ccc-876c-73a100738a63', '3d907a5c-e064-5faf-8f6d-e3641f44f6e0', '3bfdfea0-e588-5fd9-9e0b-1637190e9a68', '0a187903-507f-5edb-a202-e1d398cdecc5', 'f3a2f3be-cdc7-5cac-a144-afde96cdb068', '24f95da0-496e-5ff2-b116-b5fb90a06a69', '4804963d-99e6-53dd-aac9-7947cb46656c', 'aec543c8-b702-550b-b8a5-2c7bf6530b69', 'cbf35677-9b7c-5d40-a549-06d44c340b4a', 'e43c68e3-ab81-5f63-beee-78dd8485b270', '6f0895db-c8ec-5deb-b905-476b1e810590', 'b4798a57-4cdd-56a1-b97c-5559d88368f6', '30c5c5da-7945-5d74-9b3d-19954a9efd06', 'af97eb2e-cb0e-5b91-a458-f7642011d3f2', '205f6d00-407d-5814-b5aa-ed7c07e79e0a', '78a730be-8f27-5a60-9b89-4fcbcfcf9e69', '9724eb6a-88ac-5620-8446-9a4ac8bc0891', 'b8e7fca5-ed0b-5acd-88b2-4aed3bb66bd2', '157b6b94-2afd-5150-8c62-7e0b2ee0419a', 'f69bba68-d4ee-55bf-bc6d-5f17990b89a0', '76037139-8ecd-5c66-93f5-39c2924b0130', '52d27647-9af9-5c90-a25f-27ad81a92912', '0c19312b-8681-5e96-8e77-063069b0c0d3', '80141910-9f41-511c-8cca-5d179ab2ac36', '14749ad1-b9e3-5543-859e-d90aca06bd98', '83bde24c-9328-53aa-a2ea-8799400cf723', 'b0fef7e2-a519-5761-94af-2a9816a456c8', '8bf97a84-5ed3-5b05-a3ce-b97daa199ab1', 'ebd0f319-61c1-519f-bb99-e4dcb011644f', '25a05f24-7e5c-585c-ae4f-48bfcf978cf6', 'c368fd81-10f8-5578-a8db-30892ba31989', 'd32a47d5-84f4-52bf-8452-b5a811c483c0', '00bdaa41-6224-5968-8fb7-2af5b56cf30a', 'dc0c0c75-02b8-5bc8-880f-8c236c5e7d37', '75503f1c-7aec-51e6-a2f3-63476fb02b57', '1c0241ac-da79-5d29-a91d-05e5bb066d90', '59055a73-4fcc-5452-a006-e3644ac7e94a', 'aab29dbc-ab45-57e6-9ad1-8838498987b8', 'c884903f-9a2b-5c27-8f2d-b3fd4235dd97', '92680c8f-02bf-534f-a984-7daac7d6e9ca', '2afe3d70-2ad4-5b04-8a0c-277a629d596e']"
4323,"['7cf55489-aa6b-58b0-9951-9ff0f96cac26', '18f3d3fc-6bc3-5f43-8688-631e4fa361c3', '4953860b-37ee-56c4-ae37-6b17b8f50b9a', 'b4798a57-4cdd-56a1-b97c-5559d88368f6', '3d907a5c-e064-5faf-8f6d-e3641f44f6e0', '78a730be-8f27-5a60-9b89-4fcbcfcf9e69', 'cbf35677-9b7c-5d40-a549-06d44c340b4a', 'b8e7fca5-ed0b-5acd-88b2-4aed3bb66bd2', '596cadcf-7d11-5ccc-876c-73a100738a63', '0c19312b-8681-5e96-8e77-063069b0c0d3', 'd26836a0-3bc1-5f90-8f1d-922823d6a8e9', '0a187903-507f-5edb-a202-e1d398cdecc5', 'dc7e2e07-d114-59e3-8293-721cdbb031ed', '30c5c5da-7945-5d74-9b3d-19954a9efd06', '9724eb6a-88ac-5620-8446-9a4ac8bc0891', '4804963d-99e6-53dd-aac9-7947cb46656c', 'dc0c0c75-02b8-5bc8-880f-8c236c5e7d37', '3bfdfea0-e588-5fd9-9e0b-1637190e9a68', '2a81745c-e88d-5048-8f99-64ae27a44138', 'b3f82067-68ca-5412-98fb-8df618b7f632', '24f95da0-496e-5ff2-b116-b5fb90a06a69', 'e43c68e3-ab81-5f63-beee-78dd8485b270', '76037139-8ecd-5c66-93f5-39c2924b0130', '14749ad1-b9e3-5543-859e-d90aca06bd98', '6f0895db-c8ec-5deb-b905-476b1e810590', 'af97eb2e-cb0e-5b91-a458-f7642011d3f2', '52d27647-9af9-5c90-a25f-27ad81a92912', '157b6b94-2afd-5150-8c62-7e0b2ee0419a', '80141910-9f41-511c-8cca-5d179ab2ac36', '83bde24c-9328-53aa-a2ea-8799400cf723', '59055a73-4fcc-5452-a006-e3644ac7e94a', '75503f1c-7aec-51e6-a2f3-63476fb02b57', '8bf97a84-5ed3-5b05-a3ce-b97daa199ab1', 'bd5262c3-5bee-500b-8168-3a20b1c9658e', '4b1c1b58-edc7-5382-9088-9d37a32aa506', '205f6d00-407d-5814-b5aa-ed7c07e79e0a', 'f3a2f3be-cdc7-5cac-a144-afde96cdb068', 'aec543c8-b702-550b-b8a5-2c7bf6530b69', 'b0fef7e2-a519-5761-94af-2a9816a456c8', '9851c0b7-1584-5469-8ae7-c2a044b02326', '1c0241ac-da79-5d29-a91d-05e5bb066d90', 'f69bba68-d4ee-55bf-bc6d-5f17990b89a0', '838d75b9-65c6-5d8b-a700-55193862e7c1', '25a05f24-7e5c-585c-ae4f-48bfcf978cf6', 'd32a47d5-84f4-52bf-8452-b5a811c483c0', 'ebd0f319-61c1-519f-bb99-e4dcb011644f', 'aab29dbc-ab45-57e6-9ad1-8838498987b8', 'c884903f-9a2b-5c27-8f2d-b3fd4235dd97', '1d40674e-835e-5893-92d6-5b4bd3ce94a3', '542536fb-19cb-575d-a0cd-92e45594ffa9']"
4340,"['18f3d3fc-6bc3-5f43-8688-631e4fa361c3', '4953860b-37ee-56c4-ae37-6b17b8f50b9a', '4b1c1b58-edc7-5382-9088-9d37a32aa506', '4804963d-99e6-53dd-aac9-7947cb46656c', '3d907a5c-e064-5faf-8f6d-e3641f44f6e0', '2a81745c-e88d-5048-8f99-64ae27a44138', '3bfdfea0-e588-5fd9-9e0b-1637190e9a68', '7cf55489-aa6b-58b0-9951-9ff0f96cac26', 'cbf35677-9b7c-5d40-a549-06d44c340b4a', '0c19312b-8681-5e96-8e77-063069b0c0d3', 'd26836a0-3bc1-5f90-8f1d-922823d6a8e9', 'e43c68e3-ab81-5f63-beee-78dd8485b270', '9724eb6a-88ac-5620-8446-9a4ac8bc0891', 'aec543c8-b702-550b-b8a5-2c7bf6530b69', 'dc7e2e07-d114-59e3-8293-721cdbb031ed', 'dc0c0c75-02b8-5bc8-880f-8c236c5e7d37', '24f95da0-496e-5ff2-b116-b5fb90a06a69', 'b4798a57-4cdd-56a1-b97c-5559d88368f6', '205f6d00-407d-5814-b5aa-ed7c07e79e0a', '76037139-8ecd-5c66-93f5-39c2924b0130', '1c0241ac-da79-5d29-a91d-05e5bb066d90', '30c5c5da-7945-5d74-9b3d-19954a9efd06', '596cadcf-7d11-5ccc-876c-73a100738a63', '6f0895db-c8ec-5deb-b905-476b1e810590', '0a187903-507f-5edb-a202-e1d398cdecc5', '92680c8f-02bf-534f-a984-7daac7d6e9ca', 'bd5262c3-5bee-500b-8168-3a20b1c9658e', 'b3f82067-68ca-5412-98fb-8df618b7f632', 'ebd0f319-61c1-519f-bb99-e4dcb011644f', '1d40674e-835e-5893-92d6-5b4bd3ce94a3', 'd32a47d5-84f4-52bf-8452-b5a811c483c0', '52d27647-9af9-5c90-a25f-27ad81a92912', 'c884903f-9a2b-5c27-8f2d-b3fd4235dd97', '14749ad1-b9e3-5543-859e-d90aca06bd98', 'f69bba68-d4ee-55bf-bc6d-5f17990b89a0', 'af97eb2e-cb0e-5b91-a458-f7642011d3f2', '80141910-9f41-511c-8cca-5d179ab2ac36', '838d75b9-65c6-5d8b-a700-55193862e7c1', 'f3a2f3be-cdc7-5cac-a144-afde96cdb068', 'aab29dbc-ab45-57e6-9ad1-8838498987b8', '78a730be-8f27-5a60-9b89-4fcbcfcf9e69', 'b8e7fca5-ed0b-5acd-88b2-4aed3bb66bd2', 'c368fd81-10f8-5578-a8db-30892ba31989', 'c908c300-9f38-5e96-9697-ca9492274e17', '8bf97a84-5ed3-5b05-a3ce-b97daa199ab1', '59055a73-4fcc-5452-a006-e3644ac7e94a', '83bde24c-9328-53aa-a2ea-8799400cf723', '00bdaa41-6224-5968-8fb7-2af5b56cf30a', '25a05f24-7e5c-585c-ae4f-48bfcf978cf6', 'bae954dc-04cf-5299-80d0-adf7e1e0e7f8']"
4354,"['4b1c1b58-edc7-5382-9088-9d37a32aa506', '4953860b-37ee-56c4-ae37-6b17b8f50b9a', '7cf55489-aa6b-58b0-9951-9ff0f96cac26', 'd26836a0-3bc1-5f90-8f1d-922823d6a8e9', '6f0895db-c8ec-5deb-b905-476b1e810590', '0a187903-507f-5edb-a202-e1d398cdecc5', '596cadcf-7d11-5ccc-876c-73a100738a63', '78a730be-8f27-5a60-9b89-4fcbcfcf9e69', '4804963d-99e6-53dd-aac9-7947cb46656c', '18f3d3fc-6bc3-5f43-8688-631e4fa361c3', 'cbf35677-9b7c-5d40-a549-06d44c340b4a', 'b3f82067-68ca-5412-98fb-8df618b7f632', '9724eb6a-88ac-5620-8446-9a4ac8bc0891', '3bfdfea0-e588-5fd9-9e0b-1637190e9a68', '1c0241ac-da79-5d29-a91d-05e5bb066d90', 'dc7e2e07-d114-59e3-8293-721cdbb031ed', 'b4798a57-4cdd-56a1-b97c-5559d88368f6', 'b8e7fca5-ed0b-5acd-88b2-4aed3bb66bd2', 'e43c68e3-ab81-5f63-beee-78dd8485b270', '30c5c5da-7945-5d74-9b3d-19954a9efd06', '0c19312b-8681-5e96-8e77-063069b0c0d3', '3d907a5c-e064-5faf-8f6d-e3641f44f6e0', '24f95da0-496e-5ff2-b116-b5fb90a06a69', '157b6b94-2afd-5150-8c62-7e0b2ee0419a', 'af97eb2e-cb0e-5b91-a458-f7642011d3f2', 'bd5262c3-5bee-500b-8168-3a20b1c9658e', '80141910-9f41-511c-8cca-5d179ab2ac36', '2a81745c-e88d-5048-8f99-64ae27a44138', '9851c0b7-1584-5469-8ae7-c2a044b02326', '838d75b9-65c6-5d8b-a700-55193862e7c1', 'aec543c8-b702-550b-b8a5-2c7bf6530b69', 'ebd0f319-61c1-519f-bb99-e4dcb011644f', '76037139-8ecd-5c66-93f5-39c2924b0130', '8bf97a84-5ed3-5b05-a3ce-b97daa199ab1', '205f6d00-407d-5814-b5aa-ed7c07e79e0a', 'c884903f-9a2b-5c27-8f2d-b3fd4235dd97', '52d27647-9af9-5c90-a25f-27ad81a92912', 'f3a2f3be-cdc7-5cac-a144-afde96cdb068', 'dc0c0c75-02b8-5bc8-880f-8c236c5e7d37', 'f69bba68-d4ee-55bf-bc6d-5f17990b89a0', '14749ad1-b9e3-5543-859e-d90aca06bd98', '59055a73-4fcc-5452-a006-e3644ac7e94a', '83bde24c-9328-53aa-a2ea-8799400cf723', 'd32a47d5-84f4-52bf-8452-b5a811c483c0', 'aab29dbc-ab45-57e6-9ad1-8838498987b8', 'c368fd81-10f8-5578-a8db-30892ba31989', '25a05f24-7e5c-585c-ae4f-48bfcf978cf6', '1d40674e-835e-5893-92d6-5b4bd3ce94a3', '9b163f45-7028-52bb-b6cf-a0032a12aa7f', '75503f1c-7aec-51e6-a2f3-63476fb02b57']"
4360,"['18f3d3fc-6bc3-5f43-8688-631e4fa361c3', 'cbf35677-9b7c-5d40-a549-06d44c340b4a', '4b1c1b58-edc7-5382-9088-9d37a32aa506', '4953860b-37ee-56c4-ae37-6b17b8f50b9a', '6f0895db-c8ec-5deb-b905-476b1e810590', '4804963d-99e6-53dd-aac9-7947cb46656c', 'd26836a0-3bc1-5f90-8f1d-922823d6a8e9', '3bfdfea0-e588-5fd9-9e0b-1637190e9a68', '0c19312b-8681-5e96-8e77-063069b0c0d3', '7cf55489-aa6b-58b0-9951-9ff0f96cac26', '0a187903-507f-5edb-a202-e1d398cdecc5', '2a81745c-e88d-5048-8f99-64ae27a44138', '1c0241ac-da79-5d29-a91d-05e5bb066d90', '596cadcf-7d11-5ccc-876c-73a100738a63', '838d75b9-65c6-5d8b-a700-55193862e7c1', 'dc0c0c75-02b8-5bc8-880f-8c236c5e7d37', '3d907a5c-e064-5faf-8f6d-e3641f44f6e0', 'b4798a57-4cdd-56a1-b97c-5559d88368f6', 'f69bba68-d4ee-55bf-bc6d-5f17990b89a0', 'dc7e2e07-d114-59e3-8293-721cdbb031ed', 'b8e7fca5-ed0b-5acd-88b2-4aed3bb66bd2', '59055a73-4fcc-5452-a006-e3644ac7e94a', 'bd5262c3-5bee-500b-8168-3a20b1c9658e', '92680c8f-02bf-534f-a984-7daac7d6e9ca', 'ebd0f319-61c1-519f-bb99-e4dcb011644f', '83bde24c-9328-53aa-a2ea-8799400cf723', '24f95da0-496e-5ff2-b116-b5fb90a06a69', '30c5c5da-7945-5d74-9b3d-19954a9efd06', 'c884903f-9a2b-5c27-8f2d-b3fd4235dd97', '52d27647-9af9-5c90-a25f-27ad81a92912', '78a730be-8f27-5a60-9b89-4fcbcfcf9e69', '157b6b94-2afd-5150-8c62-7e0b2ee0419a', 'aab29dbc-ab45-57e6-9ad1-8838498987b8', '9724eb6a-88ac-5620-8446-9a4ac8bc0891', 'f3a2f3be-cdc7-5cac-a144-afde96cdb068', '80141910-9f41-511c-8cca-5d179ab2ac36', 'aec543c8-b702-550b-b8a5-2c7bf6530b69', '9b163f45-7028-52bb-b6cf-a0032a12aa7f', 'e43c68e3-ab81-5f63-beee-78dd8485b270', 'b3f82067-68ca-5412-98fb-8df618b7f632', '75503f1c-7aec-51e6-a2f3-63476fb02b57', '205f6d00-407d-5814-b5aa-ed7c07e79e0a', '9851c0b7-1584-5469-8ae7-c2a044b02326', '1d40674e-835e-5893-92d6-5b4bd3ce94a3', 'af97eb2e-cb0e-5b91-a458-f7642011d3f2', 'c908c300-9f38-5e96-9697-ca9492274e17', '57df6be5-3323-541f-8f7c-62682587fdb3', '8bf97a84-5ed3-5b05-a3ce-b97daa199ab1', 'd32a47d5-84f4-52bf-8452-b5a811c483c0', 'ff622828-7bdf-577e-ae20-bf4f9d896219']"
4378,"['d26836a0-3bc1-5f90-8f1d-922823d6a8e9', '4b1c1b58-edc7-5382-9088-9d37a32aa506', '4953860b-37ee-56c4-ae37-6b17b8f50b9a', 'cbf35677-9b7c-5d40-a549-06d44c340b4a', '0a187903-507f-5edb-a202-e1d398cdecc5', 'b3f82067-68ca-5412-98fb-8df618b7f632', '7cf55489-aa6b-58b0-9951-9ff0f96cac26', '4804963d-99e6-53dd-aac9-7947cb46656c', '18f3d3fc-6bc3-5f43-8688-631e4fa361c3', 'b4798a57-4cdd-56a1-b97c-5559d88368f6', '2a81745c-e88d-5048-8f99-64ae27a44138', '596cadcf-7d11-5ccc-876c-73a100738a63', 'f69bba68-d4ee-55bf-bc6d-5f17990b89a0', '25a05f24-7e5c-585c-ae4f-48bfcf978cf6', '0c19312b-8681-5e96-8e77-063069b0c0d3', 'bd5262c3-5bee-500b-8168-3a20b1c9658e', '76037139-8ecd-5c66-93f5-39c2924b0130', 'e43c68e3-ab81-5f63-beee-78dd8485b270', '83bde24c-9328-53aa-a2ea-8799400cf723', 'c368fd81-10f8-5578-a8db-30892ba31989', 'c884903f-9a2b-5c27-8f2d-b3fd4235dd97', 'dc7e2e07-d114-59e3-8293-721cdbb031ed', '14749ad1-b9e3-5543-859e-d90aca06bd98', '30c5c5da-7945-5d74-9b3d-19954a9efd06', '3bfdfea0-e588-5fd9-9e0b-1637190e9a68', '6f0895db-c8ec-5deb-b905-476b1e810590', 'af97eb2e-cb0e-5b91-a458-f7642011d3f2', 'aec543c8-b702-550b-b8a5-2c7bf6530b69', '205f6d00-407d-5814-b5aa-ed7c07e79e0a', '52d27647-9af9-5c90-a25f-27ad81a92912', '1c0241ac-da79-5d29-a91d-05e5bb066d90', '157b6b94-2afd-5150-8c62-7e0b2ee0419a', '9724eb6a-88ac-5620-8446-9a4ac8bc0891', '24f95da0-496e-5ff2-b116-b5fb90a06a69', '3d907a5c-e064-5faf-8f6d-e3641f44f6e0', '2afe3d70-2ad4-5b04-8a0c-277a629d596e', '78a730be-8f27-5a60-9b89-4fcbcfcf9e69', 'aab29dbc-ab45-57e6-9ad1-8838498987b8', '1d40674e-835e-5893-92d6-5b4bd3ce94a3', 'd32a47d5-84f4-52bf-8452-b5a811c483c0', '27a4b704-e841-56bc-9456-19cb785d2f8f', '838d75b9-65c6-5d8b-a700-55193862e7c1', '59055a73-4fcc-5452-a006-e3644ac7e94a', 'ebd0f319-61c1-519f-bb99-e4dcb011644f', 'f3a2f3be-cdc7-5cac-a144-afde96cdb068', '45bbf1e9-09ba-5f39-a5c6-bb9e777c798f', '9b163f45-7028-52bb-b6cf-a0032a12aa7f', '8bf97a84-5ed3-5b05-a3ce-b97daa199ab1', 'b8e7fca5-ed0b-5acd-88b2-4aed3bb66bd2', 'b0fef7e2-a519-5761-94af-2a9816a456c8']"
