id,Similar_Items
003984d8-7c2b-5bbb-a6bb-46cb18968a00,"['6b9d1db0-6a0f-5949-9ab5-635b78a5b71c', 'c6bf9f3f-8b4b-52b2-a857-bc65d8bafc77', '0f8e2cb2-0ed7-504e-9f26-6fe47c5b0607', '442a5f60-086e-5b45-86fc-4928351ff661', 'bc164f8a-fae0-5ba8-a32e-1b9f6f87e3e0', '25d5d643-bf16-5a17-8363-d2540fcfb6a8', '26a4d36d-d860-5790-85da-738ef1b4d8ea', '3c4b42ec-8b95-5723-99ae-b121a8c90a0b', 'adb27cce-5847-5d2b-8acd-7789a546d563', '011fee90-69ef-5e2a-82fa-574bdefc2528', '2f0dd958-8cb1-5266-81ae-d5962b7c899e', '44c33d50-bf7f-53f3-bb24-064809da3f0e', '1a475960-4fb4-5916-b5d5-df0ba5b44857', '35eca8a9-509e-513a-890d-3b01a3367e18', '08586352-da53-57e0-868c-e683d1ae3fe3', '309a2c45-d16b-5852-9799-fc78ae7fecb1', '402ca2d0-5441-5050-9831-47974e4988a1', '8a7e7e7d-22c5-5f81-8390-06813e18571b', 'bd69c0c9-de80-5b91-a9a2-eedffc0b2e51', '78397263-7a76-5169-9ffc-ee5e38eec2df', 'b17f22e4-ab32-5ece-9064-496055c5239e', '860d5b1a-ce55-5882-9740-14922c0d247f', 'ac262ac3-9340-59e9-bb50-cf047b37c858', '65c3df29-fcbf-5d3f-a01d-61389f61d2f0', 'b8eb6193-100d-5557-9005-cec91489d6e8', '15e7dd40-5570-5d2c-b30b-52fbf543e22b', '674e3013-e3dc-5b0a-b3c9-4ed36f1307e9', '7c4c0bfc-9512-5fd8-a085-983373432f89', '74021b8a-c473-58c4-b637-2f12d9630141', 'b8c44fb8-b3eb-5414-ac47-99ccfd44aca4', '5c69d704-1868-5a78-b42e-16208f31a1b7', '507ca416-b490-5b62-87cb-f7333435385b', '48e21450-598b-59ca-b980-e2c08cf61b1c', '984c74f4-9cf3-5b03-9c50-6ec830594888', 'ae65e0ee-2391-577c-8fb3-d2cc01bb0860', 'b6b23121-e68c-5d92-9b1a-e15a4c256ca4', 'be385c1f-38ba-5844-a59f-f6f3115ffdfb', '00395a1c-b8de-518c-bee4-82452a2505e3', '64561ce4-e8d5-5df5-943c-b31c80d0c169', '4af18a5b-ebc1-51e9-b303-038c7374944f', '286a5f26-326e-515e-bb8f-895ec7b1f142', '573ff4d9-c850-595c-a66c-7e3dfc3b611b', '9085aebe-39de-5e40-9152-1ddfaf7bb7be', '3ce95e47-14f2-55fe-96d8-789417203898', '3ea3bba9-b676-5ac1-bb56-97681df640b4', '2e3c2be7-bc3e-5151-b19d-0fea9db91c1c', '7e655c18-0ad1-5a6e-8e3a-28dc1f130cd4', '3b257c0e-1f5b-5969-9239-e67930779ae8', 'b6325c5c-5343-5a40-bb0b-273e132a2ab4', '4c66b0b6-ce19-57e2-8e3c-fc2bfdfba359']"
003c01f9-0ac3-508d-98ca-e84ed3326745,"['af04ab8a-bf0b-59a5-b041-b07a00a389ae', 'b5ac6b35-6e16-5699-81ca-c04edbc239e0', '02d17160-b42c-5295-b46e-bd8a0a4562f9', '75e2f80e-d106-5848-95ae-13718fefad76', 'be97e6d6-9481-52c9-a785-02455ada1c9c', '23de4107-5102-5f21-9a22-9541f0cae3da', '4478780f-080a-5b68-899a-1bc15f293101', 'a03aa597-2074-5ff5-80fc-b2ff57b6391c', '8dc2c020-d6e9-5532-97e5-627f7529b23c', 'a285d55a-7796-5b5d-ba11-d0ec64ad7c29', '28aca709-4cc7-5843-bb06-65a0126d9a4e', '02ecc056-7b91-5753-b1b0-d7e58fd1fc76', '4fa87652-85c4-5dfc-b690-d02190d8e5d1', '369578ff-8cb3-5b5d-83bc-d5c9e1cd5be4', '6512e60e-ab31-5d14-8b08-cc9601fd92aa', '717d1492-2369-5d28-b2f1-9b85ac67ae77', '1e83d7e6-e9ab-52e9-9bcf-996f875057c8', '2f7e5f24-3d12-5dbb-960d-3c264ed3e322', '2c19e529-ec2a-5a42-8369-874ffeac34d7', '731e57a5-d881-5e65-8c17-52d97bea0b7d', '701cd216-12d7-5f92-9aa7-3ad75d441cc4', '286059cd-8a64-51c0-ad0b-ee92ffd121e1', '8727b91e-cebd-5b95-abb5-484fd49dfc62', '867179ab-8ffe-51c7-a17c-a8164cb71778', '0d536c37-6e13-57ed-9ba2-4394fba055d9', '5fddf1c6-0027-5ec1-9adc-14182744277c', '0e83970f-ac09-50b1-b1a0-590a95fac8ca', '3e935a21-8db0-55b0-ab53-e24b52e53c80', '8f02b33c-f38a-57f8-ac81-5b99ebce3b23', '3c9829ff-78ef-5e47-8607-4b61c5b2e39d', '6036987b-6b6e-5fdc-bf06-db08d79a6908', '1cf578c1-d643-52fd-9995-e826d6383365', '2a1ff264-3276-5092-80ca-f55610b450ae', '7eaf5501-a2a6-5292-b525-83b8e0ca668f', '0bc9c585-4386-5144-909b-2d77768088f2', 'af7882ea-6ed2-5e67-ab91-9901a838ae46', 'be72e7da-41e0-574a-bc9c-306f77a5a47d', '6148f852-7910-5b8e-b0d3-9d7f6af2033b', '2820b1d5-9bce-5a85-9b3d-94debf645b8b', '7ac53c24-b0b5-5c6d-a972-5f61a94f7a59', '410d72ea-f05e-53be-a39e-6cf8e93c52b7', '17df6e94-09a3-5506-aaad-6fc49d815dd5', '46d40f17-4afa-5ada-99ec-17c0f5f33d2b', '82987f63-467b-54aa-9e51-ae27d1247a4b', '602d44ed-3a51-5365-b7d9-01dc8f135a44', '12fd35fe-68dd-5ec2-984b-e141fefdb84f', 'b9fcc78e-dc2e-5de5-a213-2e2be5beaef4', '0f320194-2542-528a-a33c-a6a75315bfd9', 'a994cfa2-8044-5401-84cd-0fbff62188e0', '08d8b2a6-918c-52d2-81d0-66c01ffc2db7']"
003c4d6b-582c-57e9-8962-86ab09462b27,"['57da390e-8891-5a66-b3ef-83ad93e8d52e', '18065644-6abd-5cc4-9397-1f8d86e4f95a', '0e0cdf55-9385-558f-987e-894390224f09', '542d04fb-fb5f-59bb-93a2-30b159107efd', '7be4178c-a719-5e29-ad3b-6ba778d194fc', '353d3e0c-53fe-5ad7-9d13-e46b312a1738', 'a0847214-8b73-55ba-8352-ef595495c563', '45fb3777-ce63-59fa-9573-392b35cd6c89', '81da076f-494c-5aec-8917-369c4b0a8508', '70642aaf-402d-50e2-816a-b82a13b7c4de', '3c812752-142a-50e1-b6ff-ce6e2ac602c4', '683dbb0b-944b-5293-b3d1-fec1c4cbaa4f', '80730f01-2880-5e13-a172-1afe6f9372f7', '2704e856-1f52-5aba-ba4c-c62fe2f22d47', '2bba83a2-20c3-504a-b8f0-1a25b277e664', '38f77bd8-37d2-58a4-afb0-4410976ba320', '402dda11-b43f-5376-8b08-7fa710073383', '18edfe04-6a6a-5d6d-b5f5-2312d2e2a1f5', '17394fd5-71df-559d-bb1b-a8dadb424525', '91571fa3-0a7a-5d5a-9668-7b6e126dd1b7', 'ae0f1420-e786-5ee2-af9d-91f601f76f3e', '694b6727-701f-5ad6-bc3f-162224f991bc', 'bcf329d7-34e5-579b-88d3-e62134362c58', '52cbfdcb-3d42-50e9-81f7-bf81db24ba95', '51ca6bad-9c4e-572e-ac2c-40b8b214a2cd', '2d4c4cae-f9c0-50e1-8bec-41004daa0d73', '45145eb2-f081-5b6b-82f9-0afdf009f21f', '216bb23b-8d19-53dd-bc2b-abb6fdcaa434', '3e29d1e2-9f15-5ad9-9546-2d5e067dad5c', '4a341b34-5949-53f2-883f-81d954bc46a9', '96857143-1547-530a-9718-59e33f828d82', 'b2da67a5-c6f4-5005-8f0a-ea416f509766', '83a963d7-9781-5f1a-a0fb-70200bf0438d', '041152b2-0267-59b6-9aab-023c4eb1af28', '39b68d03-5d0d-55db-b322-01df674c567a', 'b5786df2-9b87-508a-9c8d-e9e459a94fee', '1a0a1482-25da-5d64-ba0e-28d36ac052b6', 'b3ea655d-c56f-585b-92e2-9e9b40740b82', '3150c815-e0ef-5e30-a87c-c2e25aa639b7', '4856bef0-a522-5d58-af36-da7ef37b6135', '989273f8-f5d3-5e4a-abb8-90c18aeeaadb', '68714b83-9e4e-5234-9d26-8b576cae3970', '83bc0ab6-0f38-5c9a-86b1-53f681df837a', '20932bf5-9a08-5e0d-be18-15e09787f9a1', '5a7994da-c543-5bb4-bd3d-7bec7af0e25d', '507bd50f-a747-5c23-a8f3-421e54c794f1', 'a8d8fa07-3877-54a1-889e-0cbd438e8469', 'c283f712-73f2-5ff4-9b78-7f2d4487d8e5', '9e11457a-7787-5063-92e6-113e92197599', '74e87a30-1fb0-5b14-b053-a79faa5ad934']"
003d49aa-acbf-521e-a33b-0df5ae158ca8,"['72c679e1-315d-55e9-8efb-0c25a193de96', '216bb23b-8d19-53dd-bc2b-abb6fdcaa434', '2704e856-1f52-5aba-ba4c-c62fe2f22d47', 'b3ea655d-c56f-585b-92e2-9e9b40740b82', '353d3e0c-53fe-5ad7-9d13-e46b312a1738', '6f4b8f90-316e-5307-a5a2-6562e29f76bd', '70642aaf-402d-50e2-816a-b82a13b7c4de', 'ae0f1420-e786-5ee2-af9d-91f601f76f3e', '4a341b34-5949-53f2-883f-81d954bc46a9', '38f77bd8-37d2-58a4-afb0-4410976ba320', '57da390e-8891-5a66-b3ef-83ad93e8d52e', '683dbb0b-944b-5293-b3d1-fec1c4cbaa4f', '041152b2-0267-59b6-9aab-023c4eb1af28', '581db438-06bd-5282-898a-cefd7594c030', '0e0cdf55-9385-558f-987e-894390224f09', 'c283f712-73f2-5ff4-9b78-7f2d4487d8e5', '3150c815-e0ef-5e30-a87c-c2e25aa639b7', '64b037a7-6a19-5f69-ac9c-9a4932a61abc', 'a65cd8d4-8d3a-58db-932d-0f60c3a18d79', 'a31f2ff3-a61b-51b5-ac28-40978801f290', '83bc0ab6-0f38-5c9a-86b1-53f681df837a', '17394fd5-71df-559d-bb1b-a8dadb424525', 'af6446ac-8f3c-509b-b4a9-1578e1754d41', '80730f01-2880-5e13-a172-1afe6f9372f7', 'a1d940e6-5d7b-5c2a-ab53-df4e8a5e37f7', '5a7994da-c543-5bb4-bd3d-7bec7af0e25d', '96857143-1547-530a-9718-59e33f828d82', '45145eb2-f081-5b6b-82f9-0afdf009f21f', '18edfe04-6a6a-5d6d-b5f5-2312d2e2a1f5', '45fb3777-ce63-59fa-9573-392b35cd6c89', '18065644-6abd-5cc4-9397-1f8d86e4f95a', '003c4d6b-582c-57e9-8962-86ab09462b27', '989273f8-f5d3-5e4a-abb8-90c18aeeaadb', '52cbfdcb-3d42-50e9-81f7-bf81db24ba95', '81da076f-494c-5aec-8917-369c4b0a8508', '3c812752-142a-50e1-b6ff-ce6e2ac602c4', '2b21b70d-e4ac-5619-9e56-07e8c86f81c3', '9dc4c2d8-09a7-5613-b6a5-ef4627a032a9', '507bd50f-a747-5c23-a8f3-421e54c794f1', 'a0847214-8b73-55ba-8352-ef595495c563', '2bba83a2-20c3-504a-b8f0-1a25b277e664', '5706242a-0d47-558e-b6c1-3b669144fb82', '213878ad-194e-5dee-9740-8763f4deed25', '694b6727-701f-5ad6-bc3f-162224f991bc', '542d04fb-fb5f-59bb-93a2-30b159107efd', '1d0fa773-15e7-5e71-b3d2-236f0951b788', '1a0a1482-25da-5d64-ba0e-28d36ac052b6', 'b9f26ef1-8d99-533a-b9d3-2cc2f5ac98b2', '397787b5-fe0d-5c20-a61a-4d8b9a6ec235', 'bcf329d7-34e5-579b-88d3-e62134362c58']"
00e7de4b-ba0b-503f-b266-c2b741a254bd,"['83b55f78-a25c-53ce-831f-cf70a55d3a7a', '7388b7f7-84c7-5b93-96a2-e2892b2a3001', '7b4a8360-47fb-5e07-91c9-0b06cb48e800', 'b96d6d2b-6bc5-596d-a7de-78e2b12530b5', '8f3ca657-0e1f-52da-97d1-53fdb5b3f8bb', '8f41c513-b35d-520d-bfa3-27f7b5d9bb83', '0a1bd7ab-835e-5134-80e2-61a5c91b8f0e', '692280b3-5b08-56e3-bc6f-0b3cda4ea6f4', 'abd4294b-aa52-5520-a899-54603bf14fcd', '7b9fb848-9baa-5735-a598-d0b1e0e60e9a', '5c2094e5-59fe-5e3b-99ed-8071988fc684', '498a0274-3398-58f3-ba46-6b4ca643ccb2', '53c32306-f1d2-5ed3-8640-3e6051fc64fc', '0ca29b27-6ab1-59f9-add4-1297a231b8f9', '2bd7ba4f-6592-54be-b962-61252eddee1d', '27dbd18e-bcd3-50a5-9a86-1e7115f2526f', '7e031b6c-4933-5044-8ef8-9ce2a67f3410', 'ab80ad55-b03a-51f1-b902-824548b86e80', '1a73bad1-7bf3-55ca-b8dd-ff7d1a5ab28e', 'c4a83352-54cf-58bf-a695-c0e72ec46659', '86806eae-950f-56fb-806a-1fb2ee07135e', 'c11affac-ae62-55e1-9e2e-68dca2f6625c', '646ba823-dfe1-53c5-8156-a000ab084728', '5a10ab5d-2120-5f5c-9fa2-a2e0768e1091', '8d76300f-59e4-5967-b7c9-1f5ab5338454', '5b5fec57-7922-50fc-aa4c-8a2c54c89987', '632f1844-5de0-58cb-a9e2-38b6508c3cfc', 'b8865065-36a2-586a-835a-2518ebdef329', '8ff58fd2-72fe-5fd8-939e-d558a8f2ec7b', '64314e9b-eac1-5e78-8f6f-c68100cb9a39', '2ef27fa6-8242-547b-b6c3-ca1340fc328e', '08bc6b18-cf0a-55cb-91b5-2c61de298975', '0fc24e21-4054-52b1-aa60-0a9ffc204dc2', 'aa33e754-b9b5-582a-9285-61831821b050', '5051c34e-5f5a-5430-a7d6-96c9fa876f22', '4a7d5506-fc22-558b-b1b2-3b77e52f6a12', '9a8c35dd-9a72-5c36-9dc5-85aed3e8bd2e', '65752418-3289-5267-9db1-4d610b828df2', '36976b15-029e-5b0a-9b58-3bfd77de3279', '84be4015-76b9-5ebe-8349-62d973d8c1f2', '89d83fab-b50a-5e1b-89da-53b8f892e04a', '83ee2746-e072-5012-abbb-a0b998db2af9', '05b40e55-5c57-59f3-865e-183a3f53e4af', '9ca4494c-19e3-5d47-acf3-83699af74715', 'b7a21e8f-d7d3-5e7a-a535-7a9aef6b1d7b', '43bdc604-9371-5681-a5e9-0c60b79130c2', '7d242fc8-4484-5383-856a-83ca58f34c79', '86a01282-4a7b-59cb-b2e8-ac5b7438f94c', '148d5d6b-8d44-50d2-adc6-b01bbd2bd8aa', '6b6891bd-c9ba-5ec2-bea1-6772f44d8eed']"
003f6b84-4775-56ee-976d-70cd5cad8d7c,"['bdd04724-0c6d-5878-a7cd-d888bf38ad0f', '554f46e9-ecd6-536c-8ba9-dfed91d8bc7c', '8dfae382-1c1f-54d7-b1d2-18204ca6a4b3', 'bf34df0b-0917-55e0-8a66-fbb54793c109', '6b8e9c58-f7d7-5c62-818e-b556bf98c54b', '74fabc85-fe2b-5c90-82c8-19fd68342e8a', '1b39bf71-6802-599d-b8ae-4251d27e12d7', '40d1bfb3-a54f-5ccc-804b-bb61b84ce6f3', '4b021d51-3dae-5f51-810f-558ac6479b92', 'c290343d-314c-5751-8c3d-5ffcc4c88513', '3af19685-9ecc-5b60-8c68-e5ebd08f3a16', 'a00d95ae-7a8f-5140-8cf4-40fd88d0df35', '542138d6-be2a-5dfa-961a-01e5c53d22be', '7b08eab4-05b8-5b81-9334-6eaad53f4bba', '13f79abe-f781-5d29-8913-6e6bc5234e66', '476335d3-9755-557d-85b4-c01950fbaa00', '1f9840f6-3beb-5f87-9812-4447fa052ddb', 'a310261c-08c9-50c7-8ebf-86ce7e47ceb2', '1c38cd49-0c27-5ad4-93f1-cfa89dc86547', '79847f7b-5ad7-5852-a6d2-94043c062393', 'bb101440-289a-5313-a62b-c34f476d1c5c', '70d75e39-3254-58c8-b097-be617b4983bc', 'a64be4fd-01f3-55b5-ab03-fe02dba08751', '1235b0a2-da9d-5eb1-9347-6e4cbd983107', '9c98de15-4436-5e98-809e-80b373730be1', '4ee06d1f-a34b-51c5-b8ca-efb3efd44158', 'ba68edf0-3ec7-54c5-a919-663e3d503d5a', '62540ec0-8192-57aa-89ea-8cb63d52ba18', 'b0581256-39d4-5990-9bab-97ff11984f3c', '264a9405-3102-52f9-aa34-a923019d003e', '1742c203-a88c-55e0-88d3-3a860ae5d38f', '8a015310-0151-56fb-89fb-26118c212f7d', '733ecb7f-b199-5cef-86c0-c621a6974c08', '94e547f1-ac6e-55f5-b0b5-d05cba175625', '703963de-d77d-5715-abc8-32bb2b63353a', '6df62537-cf02-5306-95bd-a44e172bfb84', '91c8e716-87cd-575d-a906-310d3e183893', 'a1ea4fc3-f556-59ab-80aa-3882acbc9548', '4a982497-abc5-564d-92df-c5270a2e9d2a', 'af3afd2a-536f-5527-865a-2e79f578d325', '31d8b060-7ea6-5d66-9ae1-8bc6565faf22', '56212d91-f716-55e2-8a92-b243219d5d5f', '27b95ad7-9e0e-5592-a20d-b20c9b0a714f', '01c4da6d-cecf-5def-bd96-fc7f873bbe70', '23316e47-b3d4-5b3a-93be-875fc39191b1', 'c10e9456-cad7-589b-82c0-158e6ae554be', '87029a7e-1375-594c-b154-8d339d80b276', '8fd0cd3b-8890-5965-9759-6c59f5500265', '117fcae1-e840-5126-8fdc-e9e4f694e331', '0b67c4c5-0d4d-5219-bf3f-965ebaa03403']"
00403281-62ed-5643-9cca-8a29a2ab6444,"['52c37d50-fe0e-53b0-8dc7-ebb41aed4987', '3d1c66f2-d137-5983-ad52-2cabc4fd0286', 'b821218f-1ead-524e-a62d-a15dee05fceb', '534048f5-c5ec-596f-a47c-6eea729dccdf', '51b3041b-4407-5964-aaa6-836a252503de', '02e0c817-a0ec-5fd1-a77e-db4438065ec0', '9ae465e8-6248-5cdd-8cda-6975b7d218ff', '238a6845-802c-5ff8-b263-d868ac514737', '241b5cb6-9cd5-5be1-8636-c7e0650099c4', 'a8bed2ae-db62-5547-88d7-80189e639e6d', '2e079bd6-9169-576f-81c7-4b46ca440f46', 'acf8a063-a233-5f07-af64-5a3c8d9200d6', '308eac9f-8318-5b7b-953d-dabcb9f3e22a', '78a46457-a9ec-5fe8-9af6-43ec83709ce4', '95407235-e2cd-5c98-b3ee-017b3c617d9e', '42cf1dd5-f519-5211-bd5c-8ff2100fc333', '369bd487-fc5a-57f9-8f39-586798b274f5', '973dc909-7922-5f27-9d2e-699566c45637', '7e7dc925-f49c-5809-8fd5-d842183b5881', '5ea54d76-47f4-5b51-bdcc-c22d546aa56c', '42fe8060-fdd3-512f-85f1-b98e96c8d0a0', '19644dc3-ee61-5ca7-bb75-7216ef2b350c', '2a5be4bc-9760-5641-a82f-b9d96154af17', 'b37697d3-fdba-5174-9df6-94b985804c13', 'c66756f5-e764-56b7-baf2-15eb3b223fb2', '915c032f-5acd-5ed4-8b43-ee82283352d9', '8570bcbb-d595-5004-a708-a8aeaae051b2', '264f13f3-7b06-5d65-80b4-2cbff09345c8', '60600716-b95f-5610-99c4-d51081a9c1d2', '2fc46731-2664-5048-a943-492006c9ebec', '01053f78-74f6-5499-b83d-d46fed380bae', 'ae4ee0d7-3b2d-5bfc-8a0a-0c464731e040', 'b32b6422-0d5a-5b0f-a1d7-e2f915d43ffc', '4f0ad7eb-87c5-5619-ab80-8bde549f59de', '428f84de-58bb-582d-b4c0-34ce12fd1dd4', '36e46093-7194-5f30-a69c-892ebd63ce8b', '267a328f-f949-5520-b06d-1f844d596a08', '25bd0aef-dba4-54df-bfe8-a65b194d1c99', '59287175-98de-523b-b189-6516ee2a7bed', '6b886135-fc63-5fc0-beb5-87f7266f486a', 'c28e5283-f81f-52c1-a9d5-6842f1ca70f4', '1160c668-04ac-5a78-a823-d3cca4dde06c', '4394d2bb-c42f-5ea1-b1e2-5dfa07c61ef5', 'a8864544-aed9-54b6-8fa9-c7cf05e682b5', '3056c135-9a27-5abf-b355-675ae69a7aa0', '46161dd1-2656-5912-b55d-3fd4b915ab46', '4e6c5074-3c28-5f2d-bfa1-98c09811e333', '30b0d264-8f5d-52f8-9efc-34742ffb55fa', '3c32dead-4ff1-5ab2-9ca7-a3c3f9024e30', '64866fa6-f2ae-519c-8ab2-54084814c767']"
00407c42-1157-5b84-a78b-32c58d406bd2,"['a3005c56-9d7a-5b0f-81dd-649ee7157318', '8d873485-1757-569a-91ba-6c77fdfff589', '302c7111-5248-5a47-88af-f8d56008c1aa', '1ff50a4c-748f-54d9-a303-17bfd7c108ee', '494bffe5-d3a3-5191-ae66-f2f3569d16fe', '589a4019-86cc-58df-bea9-49e53511999a', '5b315b29-2b6e-5cb9-be26-a64105cbb56e', '4f7fbe37-d148-547d-a65f-49c5c573bca8', '8f2e777f-abc2-50ae-94f8-fcc864f3e0f8', '897cebbd-f2ec-53c6-9dbc-b07f0a33352f', 'ad2af964-28b9-56c9-8e7d-f3a05eb4dd90', '6e044a15-02c7-5db6-bc12-fa5f4077fe08', 'b807ed6e-cae5-51ea-86eb-2a54843e87c1', '880d307f-f7de-5b89-aca7-e022fcea68a5', '72e6c8f5-7f81-5bd9-9cde-de4cebfc39d5', '632ac2f5-bab1-5e1c-b171-9e385c683fb5', '8025a7a6-2e02-5721-93c8-94ea6ce587ac', '1af23e3a-4675-5378-b6d7-e6b6a0fc2bf4', '6af91393-2db3-599e-8c34-b677621f02fe', '29a2bb5f-0a18-511a-a8b2-aa59ab95ee33', 'b333921c-4db5-55d8-a430-63fc67e41981', '4637bdeb-d1eb-52ef-91a4-9b829e658fa3', '70f8e01d-5ef2-55cf-95dd-18d83630ea41', '496dff6b-56b6-5a1f-bcd9-d9572200c1c3', '921ef570-033e-5191-9cbd-a0c837d0a22b', '098fa654-6399-511d-8716-787f24cc69d0', '2f6c3960-e8b9-5542-a03e-84b59e1370ac', '7938ffd2-860c-5f3c-b0bc-010e0dd4f3fb', '2c36f4b1-c588-50b7-b638-0edc62dcb295', '247268a9-78da-52d3-a7e0-ba79c70b8c10', '0befc6c8-a226-58a5-8fab-23b0542b43f0', '25a9e89e-7253-5106-9b72-d29bb64d6166', '0bf6db45-2286-554c-991f-f45ba46ef608', '31861b2f-0e84-58a2-a5ea-6f49947e83f0', 'bc720970-5ec9-576a-a7c0-a72e04d3cc02', '0ebf7b78-0988-5268-b88d-526db140db01', '9aec5ef9-432e-5f32-b70b-064dc974f77b', '2b36b660-6449-51be-8270-838de7457084', 'c7a428e1-640f-506c-ad3c-455283f40a60', 'ad018dfa-b6cb-5695-a2bd-449594bea171', 'b27bcc3b-4dad-52ee-b260-1ca856ff5112', '3ce78910-1377-5deb-bb17-4dabedd8de87', '04c97cc0-d9f7-5084-81ef-b5de13413ed1', '6f205e76-26e8-54d3-b306-34dfeef1eddd', 'ae506194-e174-5880-83fe-99b8659bb50a', '8ef8cf99-675b-58e4-99a6-9ab5bfffe408', '45f8a5d5-1971-54bc-872c-321455a9f9f2', '638c3470-64b3-5b7f-a4eb-2aa37787bce1', '451a12a8-586d-5dff-b1fa-40463b747ecf', '6d704b42-572b-5581-aefb-91fe4016402e']"
00425127-af9d-5774-bd6d-3dd0f50a0a98,"['a5ac2b11-f7cb-59d2-9f14-f0f4dd556803', '46295447-17f9-5054-8c24-c72d05b446a9', '6e0f34b1-947d-543a-8200-475c1cf3ffab', 'ae28c534-d708-5461-9ced-f049558c3cf6', '282a740b-791f-59c4-ad31-be4102357950', 'ade80063-8ad8-52f6-a9c2-755c2e657797', '96961b1c-354a-5b90-88b5-29ee698c90f3', '26c51336-8374-55b5-a678-90c44fa8dcfb', '5b8c697d-c82e-5a45-994c-6925dd06bfa8', 'b6ff9855-6705-5e10-9bad-de4b06af6b17', 'b644c6bd-2962-5e27-8db3-874120eb98af', '458f2920-fd0e-578a-8053-2c3aba62b1b6', '6164156c-109c-55d4-b57e-c66663dff7e7', '1d8e3610-c271-5264-8499-8f153fcc2ce3', '52bd6791-adb8-5f26-bc31-9c27505f3c20', 'b2abadb2-1614-5257-a9f7-e5fadf6a4829', '6ec37e2a-250b-52ec-8cb2-f7aabd6bdb15', '64c6fd14-5775-5d97-8c34-403680951cdf', 'bd158ed2-89fd-582a-9563-8bda70914a72', '43b62122-8f81-5493-8b46-cf9cd0e9c947', '6afe35e9-a24e-5128-98ee-665a045b57dd', '03cfe940-62e2-56c2-ad58-fab48393017f', 'ad88c283-1d29-564e-a77a-10bb99468fbc', '3435d7c6-14fa-5f45-9085-232254dbc349', '617fadf0-70e4-5ead-8de6-247cef799a5a', '465d9c69-177f-5c99-b071-3c49aee11dec', '778ebaed-33c8-5093-8e18-99423c6295e2', '15f7a610-4192-5478-9a64-2b021258d90f', '4dfe49dc-4a04-56c6-ac07-54a47705c6de', 'aac2f130-51c2-573f-a450-019ea4a62563', '74ad9666-adbe-5581-97ba-4d99c2364d0e', '42d6e293-3b76-5aff-a5f0-8881e2ab17aa', '755ae30f-00a8-59e2-9fd0-441aa04c67aa', 'c0b60d55-5647-5aeb-9d7f-6aedda04ea1f', '7a5baa94-0c70-5df1-97d1-53544437487c', '1abad2da-693a-5b55-af8a-47a35b390aeb', 'c1b7f17f-15c7-5956-a499-df78a65654b9', '21a4d411-16c3-52eb-8afb-8b70f26059ab', '5304e718-3cb6-5f22-ab0e-9521bf080e4e', '750ef866-0932-5851-82ea-625d4200dbbe', '78742268-8474-5414-a30d-7b5d07bfb845', 'b2330a38-2c10-5f90-9177-3e403973c5d1', '3d8dd8c3-dcda-55c9-8d47-397dd7fb0d71', 'a58dadce-e193-5ae4-aae1-05b5b93198f2', '9ae3d8c7-21fa-5c3f-b719-f585f7017583', 'a52deac6-8381-5caf-959e-2fc072109d2d', '13f61c87-4061-562c-8399-31e4788410b7', '4d140921-0bc1-554b-96f0-83664529344a', '71f6c224-7002-59b7-9d5c-9a11bfa96232', '9b501abf-1a93-5793-8339-e48a042f49f4']"
00433846-988c-58fc-b93d-3f9eefc4ffe7,"['b6bcaf29-587c-50c7-967b-b489d502f988', '5f249521-8fea-58ec-ac73-73c869d5176b', 'c2bdcefd-a0bb-58c6-a140-63e65cc7a15a', '5866fe10-a5e0-567c-a0e8-719a0fc826fc', '142689de-87d9-532b-aedd-4b3b4a810806', '62558edd-815f-5afe-8794-0d5a32a484dc', '109a905d-5a85-55a8-9481-4701f7c427c0', '0aa53483-4540-5486-aaee-5971e3f30e4c', '606be033-cb6b-5c32-9b9f-1259f9cce777', 'c32d6910-1e5a-50e7-bf87-3b251fcffb08', 'a58dadce-e193-5ae4-aae1-05b5b93198f2', '234e2f1c-eca2-5fc8-876c-a5187d059705', '751881bc-b73f-5321-b906-fd9d8a247ddd', '8379b5b2-9401-5fd8-8735-ff9f22c942d2', 'b2d57e31-aa1a-58cd-86b5-eb6557ed8637', 'acc49991-0bef-56dd-aa84-d7adad380f1e', '82dfce5a-f861-5be8-a062-c16074ec2a13', '31e7488d-7453-5698-b073-811064011a23', '892460c4-a258-58aa-9704-33f449e333e1', 'bd158ed2-89fd-582a-9563-8bda70914a72', '551b03dd-d9b9-5235-9072-6dca9eb4cceb', '9dea7107-3efa-520d-a604-3f1fe2a51221', '0f2d49c7-5b1a-5e51-925f-9d2c9ccbd63f', '9348a3e4-7305-5994-bcee-5005dc8e4a81', '7ef6cbd1-4e94-5df1-8de0-645609ac4e0c', 'ab6e04e2-e1cd-55f6-87bb-a80d223272e8', 'ad88c283-1d29-564e-a77a-10bb99468fbc', 'be8dc03c-208b-5dbc-8de2-5ace0e1a728c', 'a8ea8ebf-8d68-57bb-88d4-2461f7f57de2', '8b897f92-bd2f-53c0-8f4f-6d6c969b87b1', '7b0d1b16-2a9f-5f84-8631-9b58961ca701', '5c821a38-fe6c-5d33-97c9-70a9dc5ee9db', 'a683154e-3d0e-575b-b1e1-6d013e1afef6', 'a00714ff-f716-54b9-8dc9-2fc8409fe190', '0b39f10b-9bba-5d09-b4f0-67931bcdcd99', '3435d7c6-14fa-5f45-9085-232254dbc349', '34f30502-a5f5-5f47-a203-faad4928f2e0', 'bf6d3c2b-1f0d-556c-95e4-746750ad42ca', '4c6dd11c-c03a-5d97-811a-25a7cdfb6b8a', '4dec9635-efb8-55b7-a7ac-05e1a0005625', '55a18314-e432-50aa-9f3a-ac52714d2237', '51a0c2fd-9fc1-596f-9b80-e8a3aa0c3061', '169b6c78-e551-528d-895a-a0e7e49b36df', '29b88c27-fe14-56f9-8732-b8ae44bf6de4', '0f81dfe3-a915-58c1-9775-285e861454da', '702437b0-3194-5f5d-864b-03e360d37c1a', '50b5dd84-1335-5f61-86e4-e03d872b8292', '756b00e5-0ef2-51f0-b2af-7efbf1451dd8', '778ebaed-33c8-5093-8e18-99423c6295e2', '64c6fd14-5775-5d97-8c34-403680951cdf']"
0044f872-a023-5845-9d3b-0e3ecd52cadf,"['41242a42-8279-5ba6-a00b-5975184fe008', '3ce7bb14-7a7b-545d-9153-c771c2a27834', '18842e6c-e411-5688-b09e-d1f97bf5c8a6', '3a8bab7e-4ebb-578a-b6f1-7355cac8c91e', '6acf2eab-f155-5557-b804-7de5f97dc638', '75238f35-fae3-5cc9-8b94-8f21d9637f58', 'a5e7db25-5080-5d76-a2bc-e79dfc114cab', '7e9f4604-efb9-5033-8fc4-dc38e9ca54ed', '0b3e001e-9dea-5f80-8676-28f163067646', '85d592a2-4305-5f15-aaa3-816314a47f7f', '905dede8-73a7-54fa-b33d-665fc56f04b8', '89292592-755b-5f49-bbed-51bb6beb35a9', '19c54d0a-ce08-5c28-805d-bf78b05ec1ad', '096084d7-61c5-58e1-8807-3f2e5148eb6e', 'af5d806e-0646-532e-baee-248a6a420ea4', '75e28042-2bf3-536c-8840-6d86fe0f3847', 'bb614593-8943-5a2b-bcc1-fb13ea3471bf', '2197ac4f-4b89-5d6a-94a6-44e388822e99', 'a73db12b-61de-56ff-ad40-a7940795fda2', '07b43779-eab2-5cfa-931f-752838d1bc0d', '4ba03f60-2768-5579-ae85-0051747e188a', '04c26e5e-585e-5d41-9465-76779180b5f8', '08e654c3-541c-51b9-8d95-d562d31af996', '6d9a5878-c114-5452-8569-06fb7a31294c', '3c2f4bcb-bd08-52e9-af30-2934310cdec4', '3bfdfea0-e588-5fd9-9e0b-1637190e9a68', '2a13ae61-2724-5ec7-8b89-a01bce3071c5', '37ed5f15-d73f-5d47-b6ed-af4adec26cee', '0b0f0719-bca3-55d5-a9d7-2d7825c9bf12', 'bb633df3-a4a4-53a7-8032-a76b4d404840', '12fb2d5c-9c1a-530b-b97a-2f181259f156', '4e90c6d8-036c-5783-98f9-a3c6613c5e90', '117c5aec-93fc-5881-989e-45f5ef47f11e', '231a5aee-32f1-568a-8ca0-8adae34e45ef', '66a1f6c8-3968-5661-b0df-8fd46aee3ee3', 'a757df55-fe7e-574f-bb7b-b1c3934c7abe', '4f7687a3-8158-5f2e-959a-1dbd1512b573', '5b111666-1534-5e77-85f8-91c6ea0efab5', '04669b96-9e2f-5cbc-af66-d3616d16ddd9', 'bcfe7e9e-1a19-5d3a-ad5a-2334c0f12c9f', '755c3722-d358-5bbe-9fbf-65ce40d0dc9d', '5aecd623-006a-5bbd-88e7-ac2b801a2944', '9b05369c-5f3a-5c10-8791-04d25306a13a', '71e74947-88ac-5108-916d-3caca90ed1b5', '07e2b2f6-ac0c-55a1-98f7-6f5f208f090c', 'af82e3d3-e271-5986-9684-7dda17291329', '9ba014df-de98-53d2-9d50-02dea65b4045', '76444075-af62-5c24-b917-ff6b4255d73c', '75bf0235-2348-5821-a578-89a8ea8a5e58', '7f4033af-5831-559e-ae1d-675fdb5d8b8c']"
0049f132-dc25-52b1-8e48-92a78eb42995,"['b8d58d1a-16e6-50db-a826-0d32f122a555', '3eaaedf9-793e-5eac-a292-c2102c12d660', '607eb69b-9388-5dbd-bf01-1faf36cb8041', '0ad9eaf6-a895-5b91-88ba-8c78b6037cb0', '4abef70c-78fd-5de4-807e-e395caf1e318', 'b66a8813-b7ea-5f88-b80c-2d2de7146218', '51d77183-7de2-5689-8da3-2913f55a82f4', '72383cfa-5443-5a9a-9252-247365b450de', '740b5fa8-9195-506d-9879-0267ab347578', '0e390210-558b-5091-b5e0-c01ab76437fa', '46cf7765-9232-5333-a507-eb200b40a2c7', '51e49d32-09f4-5cd1-8ea9-d11c5d690388', '1802ea82-a4b3-5246-8fe8-05b5a7c06607', '68da2e6e-f8c8-59df-ac58-673ac8c3433d', '9ee11d42-d1d3-5701-941b-fbde9069ed29', '93439f28-5432-53f0-b738-d8a2984f983e', '2738ae1b-deaf-5c92-aedb-d19d83480823', '334e8208-0b6a-526b-9948-365147e49969', '05ddd176-4050-5517-b930-bd3fe81c8df6', '9b5c84b4-2947-5007-ab98-9b4c878e942a', 'ae414c5a-2014-5441-9881-151cd361dd87', '2d492544-72ec-51af-afd6-0a035a3e6d37', '0c67bd7b-763c-51b7-8298-d8dfc1bd471f', 'c504ce19-2fc8-5fef-b441-f7d8696731d4', '6f64024a-0ee7-539d-a425-881103c11cc5', 'ad7aa499-71fa-5334-bcec-2dfdf821c786', '47858e03-b31f-524d-a36c-236d4d2d5e18', '291a0e41-eb51-5ae2-8f85-fcd3b12d3670', '8eb79c42-ae40-5b99-b047-6d8198be1f5c', '54d2f54e-5f04-5391-b7ac-ecf3ec14a54a', '8089cb1c-c396-5b9e-ac21-f24540764105', 'ab30e2b2-18e6-5d4b-9de0-ee9e80dd2a4b', '5c114e22-68a1-5213-bfe4-12cc8c439af2', '5d620c4d-ffcf-58ae-86ee-3aacaae237fc', '384d4616-3b36-5c69-9f66-8834985b31ab', '2eacefe0-6bd9-51c2-9bbb-1ab934c4bf5d', 'b1cbd0d5-5462-5134-9c6c-41acdf724dc9', '4ce9e665-ecfc-537c-9733-f8d6d048c962', 'b0b5fc50-9cb7-57f1-afca-7c22aaa7fe7c', '648da7cd-214d-523c-bbe6-ef2732551245', '9110f53f-2916-5941-b0c4-ca2e1baa33ee', 'a86901d9-786d-5958-8589-19c8c9996081', '3fc99716-86e5-5980-96d8-bfe9f720b641', '94dc8b9a-4b85-585a-b217-66791a5e1dd1', '81086b0a-14d4-5a04-b40e-ce71decdb075', '732f058d-4ce7-5a04-bfbf-03d3331a12f1', '3bd10019-67b6-5b8f-b072-c5105afdfad4', '66f3589c-5882-5873-85a1-58d17c00743e', 'c30092c5-79f6-50e9-bf6a-38ec5269644f', '6a1097cc-d703-5ec3-82d4-ef23b471a66c']"
004ac3c7-7eb8-5e24-a4ca-3918fcb1f277,"['12dc482a-3094-544e-959d-ba1f289cd941', '63464b45-4ad8-598b-9750-4e05f012f7ce', '667228d7-f877-522b-9d1a-f85be9a7ffaf', '76516913-8678-5406-b1d2-ea97f1dc5576', '92334ac4-0dbf-5d3f-9fd9-a377537590de', '8fb66a4f-48e4-502a-87aa-8111eb727dc3', '05df3ecc-78a1-56e2-bc18-fbbc49d3edcd', '453e311d-2337-5ba8-9d52-6633305f979b', '4cae6181-900d-569f-8a69-54b94875c2c8', 'a68b22fb-1964-52bb-ae54-811c5b2afbd9', '3fac733a-1e3f-588e-af8e-3203633fac09', '368e010e-8ee8-5508-b31a-546c37305cbb', '8020f0e0-663b-5f42-87ca-e9e624f049df', 'b46e8040-713c-5faf-a077-f4995a2256ba', '0189f44e-d73c-5dfc-aaeb-f6ac0531b73f', '099726e1-f9b2-532d-9e96-6931c414595d', '0a064d1e-ffc0-54c5-a7af-056ee3d43bb1', '7e3a83b0-4d2a-5037-a39e-5937e2905be3', '041e7069-62e1-5122-84ec-3c0aa3f151fb', 'bfca0dd3-57d3-5c1a-906d-1f51ae7a5bf4', '8190f37a-487d-5876-8fab-cd5e3b2c590d', 'a2139d11-da22-57c5-9c40-9cec4d98aaa8', '7357c921-cef5-5da0-9994-094217556f68', '22990602-21a5-5011-9704-28f3254da727', 'bfca822d-7faf-56bc-89d1-3fcb77a935b2', 'b14d1775-dcb2-55fb-90a1-80b5f3f796c3', '0a3aa2d7-0eb7-5a7b-a4b7-c6806fe74fd1', '95ffdbed-e424-5f75-9b8d-688e32b3f19a', 'a4b670a7-b6ac-5f5c-9afc-52cafa562532', 'b6d77665-e490-54df-b3d7-76d003378b2d', '2af7ebe1-f135-588a-9558-d5e86c46d899', '90a57fe0-67a8-51c3-a73b-8ece1c8d8a32', '0140bd0b-0bf5-5bb3-b73e-8e1d4c31df64', '5e80a204-be1e-5b1c-b89e-98fb0fa532d0', '18725973-18c2-580c-8945-ef7b1908ec77', '9d1677ef-9144-5b18-beb5-4645f742d7c5', '0bc14be6-34bd-5fd6-882c-2d4d303b933b', '10c8d6a1-c296-5d0e-a4bf-a7099e6bb028', '349a25c3-3210-5240-b81a-d620666b32ea', '4acc7a19-6d14-5e50-9457-1b0cc75b9406', 'b846ae0a-c49e-5ce7-b4a0-57f4906b4be1', '2c5edb10-63ef-592c-b4df-6821ea1da53e', '7be93223-64a2-569e-a9ea-f4a4e8ff8859', '6b947e31-269e-5e8e-ac5a-e210ae9842ad', 'accbecf0-3244-564a-9669-094b2f9b09c2', '197acd6e-ef57-5f41-92cb-43974d916a9e', '24586bea-c07c-54e5-a8fd-7a5d2f731d51', '40c6eb15-73f9-5229-9925-215a7eca7afc', '9e85522b-0a4e-51cc-8a5d-2112a081e6fe', '5131d9ce-cfdc-5bf7-82d5-e8dd623a2f04']"
004bf4d4-e500-5cf3-a8bc-49a093d2c4a3,"['38f837a8-6112-5b77-8ab5-0caab741b2fb', 'bdaf8a53-1bb3-527d-9cdd-c8bca21c103f', 'ae21d8e3-4bd8-51d4-a3a4-8af35dddaec4', '80874c34-8e08-5f5c-bdeb-4b349ba74e6c', '14844caf-dbde-53cf-9ba8-9db2004f7d63', 'b0560e42-c78d-5031-bdf3-dd4fafad3b7f', '80ed463a-7634-5602-9ba1-d7fcdd271855', '33124e81-f7cf-5267-9056-a4aee347e6e9', '271327c9-6725-59c0-812e-0ca7c2521e32', '66f6faec-4d71-50e7-abf2-d2c61bb34705', '33da355d-fa45-5d4a-9ea6-4efa12999e6c', '22cca61f-de53-537b-b8e6-03cdad9b5ba7', '4a3567fa-45fb-52df-a9cb-fd274c0e6daf', '3643132b-fb0f-590e-8bda-928331dc66e8', '67398dbc-0a80-5d1d-87e2-176daff754f5', '13fa9f22-db94-5ca7-809c-c3700a5c06a2', '302b757f-da2b-5d9a-b98c-23a2998429ce', '342e9897-0972-5de8-ba96-8297ad5afa72', '6e62a381-dd89-50de-ac8d-ac6a439927e2', '410dbd48-b45a-5519-88e7-97058a73726e', '96e28fad-969d-5989-967f-c676c32e65b5', '06277c16-cbf4-5549-94fa-5336ac2f557f', '0a058b45-ccb2-5a76-b4b5-ec49543e1a9c', '8b63e4ac-f8a8-5ae3-bc2b-ecc9daf3392e', '661d9b2c-2bd8-51ed-8ec2-bbe40b8ab1e0', 'c6a0b685-fd19-5e4e-b69b-feb92621b84c', '6a5bddf4-2bb2-5735-8422-eeb030ff863e', '924174fe-791d-5c6b-bd13-d9e7f3f2aa15', '9eb3a24e-a0b4-54b7-8465-26adbead02f4', '1239c57a-3f68-57e0-925f-a99de98ad667', '68057d9b-af64-5cfc-875d-012341994290', 'c56adcfd-55cd-52c9-a0b7-814583e26e90', '8c5c6cf2-69ce-5f1c-9d34-f1a2af8b4015', '3ff09c5f-5ee6-50d8-b083-f17e8fee7867', '8557f2e1-835b-53b1-b108-a9bd6d005828', '85686534-5efd-5966-be7d-da9800842f52', '0b4cfbf7-0614-5212-ace3-c6c2b9466bd0', '7da56c90-ce23-56cc-9e19-a94e49d494e5', '92fa69ee-43ce-5a3b-8807-2f1e42e260d1', 'b5c22b20-2931-566b-94f3-8d79edf98821', 'a463477e-ca4a-5791-94d0-236d376b7ee0', '5c11bda6-092a-5a31-97b1-af26780f1201', 'a72c7303-c32f-525b-b02f-ac7e0871b9ce', '4d26ba55-71db-5e80-b994-7cb642f7cd0a', '7016da2b-53e0-54d1-9662-0e5d918a5b63', '99d93ca5-fe3a-5f28-8f5d-a99b4d62c7c8', '46383140-6bb3-5585-81c1-0d45c8207ae9', '47ea54cf-9606-56d5-81fc-29ae7b0aa860', '3f0a240c-1700-5d18-a305-28c780c225f0', 'bbc2cdfb-c744-544b-9b25-81a973113108']"
004d99fa-c755-5c19-b4e5-e7adbfb064eb,"['c77cc0fd-bbc3-5891-9dff-76bf1581ba59', '182ca2d9-33ed-5d8c-9235-2063dedecd95', '6e9d5cc4-eab6-5aba-b701-08701d698b6c', '4577c966-97b7-5f66-80a6-095d908019c7', '9e844992-2343-5f90-a975-e5405167eb5d', 'b47af48a-2477-56c0-bc8d-786e9be73aa2', 'a11c0b5c-977d-57c3-b440-fbd260428799', '7c625c5a-3482-5984-8b90-cc9c3a71dd7a', '01d1a723-53a3-5fd7-ac58-b66c8c18a2b5', '20906264-b8b8-5ddd-bb9d-fa533cb95b10', '97b821e3-17a7-522b-9b60-be20bbb29d49', '97100784-0ac7-58c6-bd80-455421aa7367', '020bd342-e3ff-5442-b9fd-dc5445f58b88', 'b9a1ec9c-c4ad-5dac-a08d-905a6c990dd1', '96e1d99f-ea04-553d-82c7-364e411b16b6', '151036b7-e5d9-547f-8f3a-469fdd0daa79', '977a777f-4b3b-526c-8bf5-72633ad55840', '55a14cd1-40f0-5888-ba85-04ee69a0f5df', '90a8b871-98cc-52b2-b917-b9bcf68a6196', '9e4e0527-b8c4-5167-986e-edfe2b91f806', '874427f7-6344-54ae-a257-219e89fc084e', '4604b546-fadc-5a06-9dae-1112dd475c4c', 'af17ee55-4f06-5211-a99b-e4a2f06c8fb9', '2b88e23e-77e3-5640-aa77-f3ccf6a29ab0', '3d501ded-5953-580a-bf72-0447d9bedf97', '5d604fe5-eb11-5ef9-9b7c-22c7cc0ab2ec', '54403f67-2f09-551a-a9a9-36f4d7c1579a', '21403419-d254-59a3-b2af-5413d4ec95ee', '1b01de81-8b85-5e35-bfae-ddb351d288dd', '2db45e54-6203-5f7b-a496-d27eed34a82b', '6cb0d326-6fa6-5521-9985-a436c5f49659', 'b8273ccb-5790-54d8-b332-db7dc421bcfb', '007aa44e-78c9-5a6a-8b58-7fbdb28e62c7', '5690c708-6cd4-5e59-9d1c-5f320eb6cea4', '9311befc-cd2f-5fc6-a7c4-48324721a147', '5d46d0e1-d904-58be-9f26-0481b35fad27', '90716132-7d90-5336-a55f-3f876a7cff7d', '7582601a-4b1a-5843-867f-ab81e9b2c585', '4db78a83-d982-5b5c-9c80-bd6937a8664a', '3b437dc6-98c9-570b-88b2-2cee9fe79bed', 'c51cd232-8a1e-5714-86ab-d4b1195f549c', '1be39dbf-3a23-5afb-980e-c0fa06ed99e5', '81b9b231-635f-5dfe-9af9-0cf1fd7609ef', '2a43a9cb-0321-5b65-ad02-1be34f3a1d4e', '3483ec7c-d5d2-5c45-97cf-ab45e32b40fe', '71f886dc-2230-5f59-bb8f-2089341b39c3', '741e3182-0563-5810-8825-0223b6cbe6a5', '0012ab6d-e501-5124-8129-b8facdd7c607', '5e8b83f2-8fd5-5a8b-b6df-aa31c92c8084', '6b6796de-7adf-55e8-ab54-0777a6f60856']"
004e39e8-2a22-517b-beb7-550c29caa5e6,"['6ad9ebc9-7280-5e9d-ab6e-4d2634a8c7f1', 'c54e9b06-df0c-5da9-aa38-c4f2dc55871a', 'ad52c613-c021-5095-b536-b3a73b03e245', '353ffb79-d6c8-5fe4-a31a-a5e88a1a40e5', '66854ff3-ad39-5cc5-aaad-46d928462a21', '96bd91df-22d7-5fea-ab07-aba3e2e85531', '9ca08078-e8e4-593f-a7ab-9c9135d40d15', '0fa29856-466e-560c-9d3e-4c09037c51fb', '8435372d-1e12-5faf-81c1-fb41f0158b11', '5495e121-aa13-55d6-a17e-69fc5a8e6e19', 'bd8f1b92-5b21-557d-9f45-e68077bf9488', '9865edfb-312b-5a48-b461-b4db6f1a6be7', '98194906-d04a-5380-95be-cd068b0863d8', '7571162b-49e0-5d61-8660-51b8aeea5fbc', 'bf78e2bc-de14-5533-b0f6-cbf69444c771', '3d34ed47-1c4a-5869-bc53-3019fe3d2ae3', '1469cc80-6c23-5efb-8ff2-8bfa25b8af5a', '2598b6aa-f812-5cbc-87ec-7242fc6e72d4', '795fde1b-ebd9-542e-9c3e-be5b6467bd0d', 'b8da77c1-6b5a-52b1-9d98-d4f2ce0b0732', '1aa115a3-3fd3-5dac-b6db-f214c38cf1c2', '24127ffc-db1a-5cfc-9416-02c9ae6e7e91', '71729408-efff-5fd8-8ad9-8e03cc0c94f2', 'bf0b9e64-d9f3-50e5-ac1b-50fcd64f57e5', '93ab745d-9607-5e6a-ba6b-aaea9d8de56b', '38477388-7775-5314-b56f-2e6ebd96001c', '53c1e2fe-2513-583f-804d-d3171432e7e8', '775477e9-aa25-5470-b5c9-985ba0f033df', '9bd94c01-632f-5d00-9b16-9875acd08a68', '8e6b97d0-0ef5-5551-ba55-da16d6305245', '20272992-d734-563f-b014-399481aa92a4', '81239968-26d7-5590-aafe-9bdb94db26ff', '65101fdb-44ed-543f-aa2c-dc0b8abc716e', '75eca072-ac3c-5d2d-9d65-cd0942dea9b8', 'b172159f-463d-5889-a20f-29b4d0d89118', '4e7b8b2c-3b4a-5475-a056-a88400fec9c0', '3509dea2-06e2-5945-95e1-b297ed8e9e0a', '1d2b82fd-ced1-550d-9adc-b477c3f295a4', 'a4dacf2a-5a61-56d1-a7a9-b903682a0f48', '9890b164-8231-559f-be4a-a97b25f52fff', 'a2e8fb7d-7f48-5c4b-97a9-724f2f59acd0', '300ad454-8e4e-5062-969a-17e8e9210cec', '1221fcad-fa46-5a33-8dc9-a2c6156ad455', '46d434f8-4c3b-5fb9-a71d-16b2a4193e33', 'b2ac720f-3e9e-5b86-87bd-526969fb1e5a', '7521486f-014b-5fec-a70f-1a52022f22c2', '616d88af-d830-52b7-bd01-5fe323529fdd', '4d265394-22f2-5025-b6ef-658e7bc7bbab', '289b2fa5-9e37-544b-8719-a4a0d62caab3', '5a41ba57-4faf-5637-a082-7bcdd5d70c3d']"
0050061b-54dd-5e32-a057-455777fa8e34,"['ae986e98-2f56-5144-9bce-926bbeb4aa7b', '9a2dc370-c82b-5933-879b-49998a9779b0', 'c6695e13-0c10-57bd-9e17-100f70e1444a', '54dd9a0c-336a-5db2-b92c-3084d66e6065', 'a2044939-af27-5fd4-a7f6-b4da31d403ca', '52a6666e-9fa3-5293-9a3a-42d2748cb4f3', '145c19b9-af92-5725-bd27-72711f14a495', '925da350-cb69-55c6-9983-c499a6ff019d', '996eb6f5-5525-5072-a8f4-c711e5502b9e', '71426345-084f-5225-adf5-0d024aabd642', '111787d2-1370-55c0-8388-19fb9e8711fd', '79a0cbaa-5d93-5200-be9a-29009e04169e', '5d160c11-d5f7-5fc1-adc1-d4f4e5350038', 'bde23ba3-43ea-5a1b-a74b-3292d3302d45', '33e5399c-2552-5d69-a645-6af484558837', 'a311e640-8ab7-501b-9604-db6c8d9e6e4f', 'c17d0470-0ee6-5de9-bcf3-75a2b7e96ac6', '142e28b7-cdd3-5afa-8b05-4588e72befad', '866c4b22-c2d7-5754-a99a-9362314282a9', '1b83aa55-f79b-5236-9b1f-ff9a626b0623', '647d2208-ca3d-56cc-94f2-151814eaf9d6', 'ad2ee4e9-4ff6-5d7f-96fd-874f3c17c620', '2bff889b-eb95-5dd5-9a9d-b81c9b2d54db', '0e2d7a5d-6f73-5606-9589-b84f41891c1c', '55e58532-e2a5-51be-96fa-364a0867e16e', 'b64000c7-363c-5637-b655-7d4c47a4eb68', '63512517-6da6-5d0e-9543-51869e5a251a', '40b6caed-62c2-5e9b-aea0-786d8584b868', '9a2f5958-9437-5ca9-a682-995ea836ffbb', '05318f1d-9c5a-55fb-8670-513f6a0eecd2', '8e7230a5-4b5d-52ab-9e17-5ec23cb678cb', '4e1cf699-4916-53ac-8a60-a3bebd22897e', '057fd986-9fa9-58e4-88a7-f35b4b3cc549', '78c3e402-ecac-53eb-9209-ec747585d97b', '1619352d-69e0-50ae-9d73-21450cd98866', '492c6b4a-b8f5-59b1-a089-c2383dc4fef6', '6edcfd25-5456-5a3d-a985-08ee6fafbe2e', '07328e15-4fd0-5edd-84db-6d9e72d7ed42', '258578d6-130a-5324-a618-5345c731730b', '427ba3c6-fbff-5bec-a8d2-17926a8a8e33', '7f4b85fa-48fc-5eba-bb06-4d2b1b6d7b8a', '2a639149-c441-549f-aec7-5786ab1b923a', '16fe8916-d6ef-5e47-ab2c-281aa66cbb1d', '313b14e4-0280-56b3-98ca-b9634a896f48', '17cdd2dd-c5d6-5fd5-b879-489e6b214784', '128517d0-9177-5f1d-9f20-1e7224ef6297', 'b65bb141-cf05-5adb-aaf6-b1235162f293', '0bd7de20-d1dd-537c-9aaf-f4e4e7380974', 'b1ea83aa-1923-5d80-93aa-40ef9f37984a', '125d3a77-edf9-5167-aba3-257aa112d14d']"
00501746-1283-571c-9ea7-3b633caaf9f6,"['133f7f19-c1a4-5cd6-8870-3eb3178cd264', '50979568-415d-55b0-b890-0fb796980e66', '35d4b390-4f94-54bd-9ae8-9c0e6bba1d44', '5655aa8e-20ac-50a6-a591-14e3ec90b057', '52a49c9e-18d9-511f-a29f-e0e161879b45', '974de242-15c8-5f51-9e9a-8501da844400', '28627e31-d202-5cb6-bbb8-c29a3fef2231', '5b0d94b3-91fa-5fde-ab91-01703b3c8e30', '6664d282-92ea-57a5-a5d7-b11a5003639a', '685af5d9-1a7e-597d-8e70-115da2898b0b', '9de315a8-1e31-571b-816f-be402402d6cd', '3b9925ff-94d9-55b7-8eef-58af3c82c959', '971ea220-f955-5923-8d8c-0f6db6a744c7', '80d82b9a-bf46-5f08-8f83-2d146b3cc649', 'b83cbfb8-b120-514b-aa24-916febae0063', '51d506d1-6cd3-5ad8-a72e-eec674e35541', 'c699682b-11e8-5148-bb3b-02f09062cebb', '52428342-9ee6-56d9-ac3e-fb1d8c639ef7', '69f8e617-1cbb-5bd0-89a4-8924a20bf8f3', '90a58b1f-7fbe-56ab-a1f2-b233ef7a8808', '3632c045-685c-5d73-9417-6ae33726e6c6', '2dc6ab87-a0e9-54d5-9899-89bc0cf238c6', '06348138-6d4a-5b54-afda-bdb8151cd9c6', '9a74694c-648e-583f-a771-55e8e65a1a88', '399a30ff-9913-59e0-bba3-3f3b47e0a8fb', 'c6685a98-098f-53ae-88a5-9bef47c30feb', 'afe4f5b1-4cc2-577a-977d-a6c2e2dd24b1', '2001ee5b-10a1-5db9-9785-d9c04716e395', '3b591dc0-4cee-5277-b9f6-9e13c501c857', 'af39a21e-f67b-57de-8597-db79e0f1863f', '13b4c0d4-2d4a-50e3-b0be-f7c70ee69890', '092b42f0-1ed8-5590-be5b-4b7535f40ed1', '8578e83d-4855-5ae2-a4d5-e024e4ecdc1e', '922dc95c-a261-5bc8-b4a7-54f0d528f970', '3c3e6d96-13ef-5372-9e3d-8fcd93c4e80a', '11e0bb78-82b4-5956-98fe-93ff1ea2cbe2', '4b3410a2-8755-5492-adcf-d0459d1e34d9', '8546443e-467d-5d17-b9a7-8a568ed2d481', '8ad7f0d9-f443-5d16-af37-535675e06afc', '04d4201d-86d8-586d-830e-7d769ce3ce17', '74d037d9-0a3a-5aaf-b720-eedcc3cebccc', '09b78b34-3cc8-5293-a56d-600f083be355', '18c71a10-79b1-50b7-a5d6-ba05a8935e41', '984d8e51-5a97-5d3c-9f8a-456a8603abe5', '92694898-e5f7-5f26-b4cb-a6339786c6f8', '63bea2e1-979b-5036-914b-c521e995cd50', '22108a26-7df2-5b3e-88be-95431f08e405', '17cce627-ecca-5968-bf2a-7f040e15d2ef', '647cd82e-7188-58f9-8093-46675d87fe4e', '3e4b80e1-c39a-535b-893b-4cf6876df401']"
005108ee-090b-553c-91ec-645715391a68,"['2fc897c7-6789-5843-8ce5-18398ac1b8b2', '5a19773b-e628-5bc9-b2af-4a30464b8ff1', '633af4cc-c613-5b01-9aba-25da793a8a6b', '627511c2-17e2-5581-a7a9-a785f3f1ada1', 'bc135c40-ba00-5cac-a166-f0c14e489658', 'ac26f6ff-32df-5335-97ea-583403331cfc', '3c22de2a-1434-5f32-9a33-f2c4e4645f24', 'aa0b9940-9a6f-5c18-b698-d358deb6b39f', '2476d4e3-ff09-5a07-9641-a64555e88a96', '1c945eb2-0839-551d-bb0e-2834677aea2e', '43313a51-8aad-5d43-b111-02ae940b361b', '701c4e6d-1404-5491-a9a3-648f1838c682', '7a3699d9-7cbc-523b-aeee-1f077db2ee2e', '6a9b73aa-eadd-5e6d-a8cd-33a813d1cc21', 'bd89550f-c2cb-527f-adec-4d9a7ce98ceb', 'c55b87e4-9ab8-5961-b25a-4fe5417c1ab9', 'a5c6d0b2-4a47-5115-beb8-cb7686e60af5', '0414bfa2-037f-56d5-b816-f5083689a45b', 'c38ea08d-4f6d-5ce9-8a34-ae0da5c8550b', 'aaa368aa-1588-58e9-a965-9ec7f872a2a7', '0a823109-0a0f-5bc8-bcc6-73f11d96123b', 'c25eec19-aaf7-5a93-b1bb-fa46b5075b5f', '6cdc59fd-24a0-5178-b27d-87f607dd5ef6', '33d05fa4-ce1a-59f1-a72b-42d8a9ec91e8', '5aadcfc7-1613-507e-a1a8-08772cc13ad5', '0dd5c4ac-b890-5259-b46d-ea7ce14756b1', 'c46d4670-719e-5d25-bfdb-67ec12d395f4', '75b8e779-62e3-5e12-8a9a-a57a00668666', '8f785a4d-e65f-54db-a2df-55902f9dd4fc', '379280a9-23e3-592c-af45-eb24a6d612d5', '48275aa5-0eb7-5930-8b41-08e02cecdeb8', '797302ab-8bcf-5929-a818-ac1eb227818f', '950a3d07-1cce-5292-85d5-28117e899d17', 'c5aaee53-ba45-5ea5-9c53-131c4d4014fc', '271c2a22-ee8e-5ce9-9ab6-13424122a8c4', '768e7dc4-100b-53a5-b86a-bb32cb2d3f0b', 'ab8b467b-37e4-5dd3-9d3b-d57baab260af', '24700ff8-77fa-5986-b39d-647ed6feff9a', '71b54bdf-5e36-5a58-ae2a-cdb3f9a3fd73', '2e29e347-eab3-5ce7-8d05-b02b2f5c1b3f', '303edcdf-abe5-527f-90c7-22c9cb9a51b0', 'a4f12655-db28-5175-899f-58fcc4236c6d', 'b663d4b4-9bdf-5cab-aed2-21698767dcc1', '1e0b8d1b-cbde-5b68-bb81-5bec66d92f81', '6a786283-8a7b-59cb-8fbf-1f59f947666f', '8a6e4076-2fa7-56c0-95db-5e59f59c93f0', 'aedccb64-a3e3-5dbf-83ae-a36261865b0c', '7023ad78-0635-5024-8986-0fd7561d77ca', '60b366e6-867b-5fd3-b7c8-72da07d432a1', '97cc6404-109e-527c-80cc-276ed19a23cc']"
0051d8fd-2f41-57bf-89cf-bf8ec7695bb1,"['bd436f19-98ea-5060-a495-fb8ba7550443', '353fa461-1a89-50b1-abe2-c5ce41fda97d', '0381489f-b637-5bb9-9791-46f9eb4f6cfd', '8de2278d-e895-5245-b131-cd3b97915d0d', '5460a57a-06c7-5ff7-8726-4e44afcd4ee0', '04b6ee19-4766-524e-9a0e-6b1381a2d3bc', '2c894682-1177-51e0-9319-d90d89ef2442', '5837a3e8-676b-5278-9d99-40aaa0fa8fbf', '5f63a2a1-cb56-5c51-879c-271ddf1987f0', '0db824d4-237c-5fc0-8eb2-20cd6f1443e7', '8730d6d8-1f01-50df-af20-fa6be86e9c90', '8af49b28-24d2-5875-a87a-0f7046ca302c', '79f46ad7-85d5-5621-ad5d-7d12f28dfc17', '00fafbe2-8fcb-5e3a-ad13-7f349bd90f85', 'b02a5a5c-a77d-5ac0-be86-9298a6c35d82', '40c2c15a-6074-59f7-a3ca-32b8a0b65dc8', '4708eec0-a608-5c7f-a7d4-26e3506c4fc8', '315cb03d-25cd-5fa7-9aab-08f8e638917d', '100730c5-1449-5e51-bacb-7260aee3f7ce', '84b3ead0-82a4-5284-8813-9a9e267d1b99', '3246f949-b4bd-5bf6-a8b6-06324e23be61', 'beb2591f-6e3f-5358-969a-24ebc8f6d0b9', 'a6246c93-045c-59de-969d-e5c3477e8473', 'b4c9823d-996c-535e-aaba-4447ddcecd7a', '168279d9-74ef-5351-a539-a5c5aa8cf0b4', 'c488f880-8fa7-594e-bb3d-0c022b8608c0', '2f0060d6-5964-5219-aa75-63d27c3acd1e', 'a4b92c20-b5db-5e37-864c-6e0fecde609e', '8a1b2a38-3c51-5509-a2a8-6c9c519c64e1', '8d63063a-f028-59fe-9602-009c3c467f19', '4c9ff368-c5b2-5eb7-a085-e886e175d6a5', 'b4feb0a5-6a98-5554-a67a-067a1ba1b538', '85b9c679-e776-5a20-9f7c-be9b27cb4805', 'a3a42dcc-3879-5b90-8a65-304bc7547158', '72256c27-914f-57e2-a0f7-efd6ebfde6b8', '3b2294a8-7af2-5403-9a7c-53b38b15f427', '7eda71f4-932e-5fea-a10a-5ebf6a615110', 'aab0d3e2-37c2-5901-ba58-6b67591499fd', '91685590-aff7-543f-ad5d-e027f25141db', 'ad9593bc-ffe0-5a7a-9884-4fcf3caef109', '558ea30c-0a58-5dcf-8120-f2725b23f3fd', '02f6a5af-4427-5acb-901c-3f05691fe43f', 'ab00e4c3-cf1c-5258-851f-c253bcf1c5b5', '43e4dd9f-182f-5221-996d-891eb1d9ee29', 'a9274721-67ba-5150-9bc0-02a05e1dca63', '82c0dd47-8c98-5404-bc10-09776776e138', '45d389fd-f02d-5f38-9f9f-d3dd9f0102a0', '24b2dbc3-582d-5ad3-b7d2-6bfac99053e9', '975eea2f-ccf3-5e3f-8a84-276f3b586ac2', '46e39486-1618-55d4-9a38-ab660a2a3ef6']"
0056b9fd-6237-57fe-8eec-58b0e643a071,"['a328ecb2-865b-5a08-a6a5-6864d788bbd2', '62f50e92-4a91-5ccb-8e02-ad9c984367bb', '837361d2-3b33-5802-9bb8-ad62bc6c3c06', 'baedc989-7186-5532-b1b4-94e1ec513d6f', '27958f71-f0cc-56e9-9295-b2ab3d259c18', '2a0564d2-6176-5eb5-a245-d3710468c62f', 'c6d11c99-21b3-559e-946a-f43b1501fc75', '38377dcd-80bf-5f40-bd9a-31f606430af7', '107c3adf-eac1-56b9-92e0-3a3938fd6292', '95d0f8ec-8391-5cbe-bd12-d7a6926944ce', '970c45cf-0135-5084-9c74-7e9da676e0e5', '62176665-e52f-5ba7-8fca-c56c46423014', '379be572-269a-5271-a605-6e1c86a04b67', '0e3e6236-ec53-53b8-b38a-cd07b86374ff', '5e5d0beb-9f43-50f8-9d91-bd8d99701f31', '26524ea5-fc62-570f-8a0a-82020836954a', '66ca3e99-ed4c-5b47-916d-89201577cee8', '98f80091-b2f5-5a85-abcb-f51913aae816', '4297dfdb-0103-5a3f-9999-000e24187471', '7d908cbb-9e84-5fae-919b-a5d5a58d1d66', '38941038-b558-5375-9182-e32d04027267', '93b96851-abf6-55ec-bdaf-2a537fdb246a', '58cab72f-1310-5b21-b813-d6981912d8b7', 'bdff7bc9-e069-5edb-ada6-93aceedc6808', '62e7b0d9-2297-5f6a-adb8-dc2768a614cb', '49a5fd9a-9239-5024-8102-e4355b87783e', '81c2064d-163c-5eae-87ba-260ab8d2996a', 'af4efa8d-828e-53fc-ae01-dd2e39e54da5', '90630b33-6104-5887-a9b3-f06612ef77f7', 'ade1e765-f8c4-5bbc-a364-2b96d2169406', '253c19ed-a768-5cec-b195-54c2ec2e7ed9', '4111d39f-777d-598d-9c5f-fc30761b9a79', '952f64f7-3238-5a20-97c6-4f6f6c40d279', '25e6ae91-de55-53cf-ace1-d390e7c2d4ad', 'a9d4e732-a1e2-5ff0-b8a2-372c96b14fef', '5cc46da8-06e6-5079-801a-165d459b335d', '14d3f178-8114-55ea-90ed-4cd38f1ec7fa', '19b2e0c3-92fc-56f0-be62-7c563dff0289', '777a93de-3bef-5758-89f6-11d84ee7a97a', '9f5db592-cad8-5657-b5f8-a567ea2b0076', '34531bb1-f0f8-59fb-b234-62e5931e95ea', '7176fa94-c14f-5cba-9b89-bb119e1c5eb6', 'b8a0310d-e8ae-5f18-948f-e0362217276a', '6f60ce37-9eb0-5133-879e-d70d3b232b35', '39624981-f981-55cd-8d78-b8ad83e9d8b5', '6eb29163-98b6-5664-b7a3-8e7a6d8cb385', 'b3d0fac9-34fd-5a82-bbbc-060f8dadcd4b', '5bda3346-b70f-53aa-99a3-f2796434d698', '11ac1625-030a-5242-8040-815e628f3c43', '8a329e49-7dfd-5ee4-92df-70a721f39111']"
0056fbb3-cab9-5f55-ae19-5616d58277ae,"['66794e8a-df20-52d2-89bb-17743a120def', '4071b5c5-720f-592f-b0a2-e25ec5a8c357', '701b3318-14c9-5695-a4d6-3d118979b013', '1b3943f6-3d0b-5dc0-a92b-9ade4cbd4ce2', '012a1d1d-8701-5a22-af87-aa9a2f6ee52e', '6dbca0d8-8b77-5b7b-b9d8-edc5be8aed28', '5e83dbfb-a869-5783-87c5-577f0b1ff6e2', '2be2aa74-c770-5543-a448-ca7a75c9a9e8', '9ee0a6fc-6a84-5245-be95-caa6fa901205', '03dd0ba5-5274-5340-8139-05d28276e381', '8d543dba-0865-5c66-8e48-cb9ef9885aa5', '9d1fb150-b2ea-52b8-b47d-a8445d9b4ae0', '7569dd27-a8ec-5260-9e3d-bad49e949b78', '1162dbe9-7ab9-5884-8470-b609d29c2d4f', '31d42aaa-0bde-51fc-98b9-a9930644ea41', '18526eb4-0239-5a69-b67c-9e890056fec7', '07c33e26-2369-5c88-ace1-71ab86b5996a', '20a46014-7190-52be-a3b5-a3af6269c404', '386a03e2-8cbf-53e7-8158-6bfc5276a32f', '9aaf4a2e-64b2-55e2-a1a3-8036434c5183', 'bf33e746-0587-5fc9-9a09-6708bd452481', 'bcdb5955-ca65-592d-8c27-750a5b09e3f6', '54ca925c-1aa3-5fd3-851c-76b6d1fa1c2f', '8c3326b9-9ed4-516a-a052-445f09e56d24', '1cf4ae23-454a-540a-8b8e-c3714ccbdd6e', '26faebee-00ad-5665-8c82-5531df52627c', '926b5c6e-e209-5a84-89b2-b69e1ade1785', '182a174d-5307-55ed-b58c-106e217f388a', '7ce31b7b-78bc-56d8-a050-b3ec37c70608', '1ee8d39b-f8ae-56ad-9057-867437867462', '25e9e0cb-d00a-511a-871a-743085649f63', '12010101-be53-5d93-9fdf-09ff523dbbba', '8592cfea-9b89-5f3e-b975-3f7260109a13', 'a6499c94-8af8-5d2f-a2c4-9b82caaf92e5', 'ae571afc-091b-5e27-9d6c-eaf31e718a29', '2855b479-2332-502d-a886-72533ce1d5eb', '9594de2a-b3da-52ee-8c18-59b33a272154', 'ad03fff8-9b3b-5ff7-9422-38ca44c1522d', 'b31bfaf6-2583-5736-aa11-8b0972e89c47', '1cc786a7-3ed4-562f-b341-b6e0c080f2ac', '3b3ba543-a4c6-5f1a-a10a-ea046f87c150', 'c7447aef-949d-51f0-925c-c85eda9ddd6b', '7842868c-28a4-5ef1-8373-f9765b84d68d', '36a08cfe-3f8b-5e98-9aee-2683b6b6743b', '1b0b3d71-054d-527b-a219-c9261144495f', '66151290-f0f0-516d-9c42-7c34959089c4', '97ea1f43-1063-5f8b-9e21-2a04d2bd71a3', '377c06d2-7e1f-58d9-b025-de471cdee023', '04ab3951-0a15-5ac2-9031-d035b333d953', '72c457fd-625b-5df3-9c38-ab6bfc4aff27']"
005919d1-9760-5479-8c40-11ba0bf4874d,"['39ae9be2-c59b-582f-9a84-3595a56f6405', 'a3102472-976b-58ce-848d-3d2ae3ed8204', 'b2e39240-7e50-51d9-b698-d2305a56f0fa', '01e1e3f2-7da0-5790-96ab-e7414dd5f772', '4adb5905-11af-54ac-ac27-8e49a108c967', '5b88b38a-edde-50f2-98cd-f1094458a23b', '58e24ee9-9b61-5518-a716-74963f0ccac8', '82878105-be43-51d3-9ca6-0ff8de6929d5', '57a96d8c-2dd5-52ab-83c4-3c3a1f5f6141', '92648ac0-e496-5bc3-8a57-6c5d91035bf7', '24ec9a3b-f5b5-5c4a-88ac-00a3ad319f20', '0eef1e97-c16c-5338-b7e2-4496a459b19c', '0b71f0ff-a288-58be-9eb2-314ee9d89fec', '3b29efb2-5e98-5c24-8a00-f431739788cd', '73fd6822-9d11-5195-af10-1281421b054c', '3d84f5d8-7d0b-597d-a3be-9c954130dd40', '9b6e8eaa-6efd-5ceb-a320-e1bd724bc4e3', '134644e4-ce43-5bf1-8acd-ed10854e5e95', '0f621114-35ea-5977-8fcd-b1322748a705', '4ff9b697-4828-5693-b0ea-85c2557787e8', '1a316b0b-7ae0-5d9b-af95-2cecd208a778', '75fe98f7-fc42-5e53-867f-7afb699bba57', '1f11fc25-e685-5f41-bf50-13655a673fd8', 'c5614aed-fc57-528a-84d2-d851b61fee7a', 'a44a1684-ad9c-56b0-84a6-871d7a459a66', '1e7ba85e-738b-5275-acaa-49f0bfaee081', 'b260818d-006b-5eeb-bf0e-db2efda04c8a', 'b2d1c1a3-4685-5dd4-97a4-fa2cdc7ea298', 'b39cb428-8e36-5910-8153-c691d883c3af', '82df5d15-b8d7-5f48-a263-2ddb81a3dfe1', '7dbde69a-fd6a-5420-a8cd-18b41c754cac', '13d342f2-fa8b-51c3-8c3b-f35a558c4fd0', 'a9cc3d56-1ae0-508b-bb00-77b6c719e2ea', '684109a7-aa35-5a59-b7c4-db385b3015d4', '1463f0cc-2528-576f-9fdc-e9d1e04e049a', 'c1e5ff52-fcaf-55ee-8aeb-1199e5b87771', '4ea01cd0-a270-53e7-8ad4-98508bcae50e', 'b025eef2-8a57-5e14-9e5c-df4b55225797', '5b975750-ffd9-5994-827e-7d642ca6be2d', '9fb275fd-b53c-5085-957b-1e60b0b280a7', '2fa11a85-c843-5d8f-a389-4497589af73c', '70bad7b2-c807-569e-bc93-af599a5837d7', 'be162b6c-8c74-555f-a8ad-e8cae9e5a8a0', 'a45fcb14-d3d7-59e9-be0f-441d2c31ae53', '6694f392-2def-51d7-837b-db2db7d65a98', '0dbf81c6-4905-5238-8246-9ae366b75229', '9dde6fc2-34bb-54b9-9e9b-c0503fab65c9', '3bff876c-d1fe-5ee9-841d-a1fab6f1415d', '9963b2a3-6d88-5ca1-8ada-6bda8f7971cb', '0bb031de-459c-57cb-9a49-386cfa81e127']"
005a02f4-a771-52fa-8cdd-344924aa0693,"['4a74f5b0-4117-5dbe-a755-e5de4bfb7264', '4740172b-602d-5501-9bb1-0beeafa89f18', 'aefd03d8-f83d-53ca-a708-cf855619ea2d', '64d6db28-62f5-5308-84e3-97e9e3ef23ef', '9d3311be-b22d-55a2-a238-d5b2619b8338', '32ff1548-11bc-52b4-8f45-784c334b6eb8', '8c0229da-d116-5bba-8e86-d73363f9014f', '9f21811f-7004-57eb-950a-52fb425c81cb', '39591ffd-6639-5684-a689-8f6b8f5926a1', 'b2530656-0c4a-5b37-a680-8f70fa3922fb', 'baacf077-d127-5063-974c-7ae6fa1b32bf', 'c5f2ee50-c733-55ff-89f3-d6ae0487d27c', 'bf366ee8-f377-55e7-a45e-37a45169fe9e', '92db4122-12be-573a-a822-5941f90b6389', '2f4d97d9-2575-5b11-bc65-019a173bcc3f', '70b21c05-86f8-5bfd-bc85-a3908abb7c02', '788ae499-d522-546c-9841-75d7828d8fc3', '14e409c0-3b98-587e-9464-ec39f3b8d6ec', 'c2169ab1-8d05-5827-83e5-4e82b877fcc9', '12b34f1e-e9b3-58d4-8fa2-a5032a20b757', 'abb24cbd-18e1-5130-a64f-bf87fc997c3d', '4507981b-1a45-531c-affe-7577459da9eb', 'ba27c7c2-1b21-5922-a375-e37c2fcd8b34', '6d110a22-2564-5994-b6cd-6494ef455291', '7cf55489-aa6b-58b0-9951-9ff0f96cac26', '7d3a50b8-0a2c-5624-9380-668d294679f1', '24bf0bc3-c333-5158-9d66-149a09919430', '3b10f535-acf8-5261-bf6b-e7488d4755e5', '03de824f-c48b-5c10-a534-72197eb8864e', 'c263e154-3b4a-5568-8f25-8aec8e2cac76', '15e34918-e491-5090-8777-34b2af1eed2b', '625b01cd-10da-5943-b881-fd7d0e09a057', '902f079f-a0ac-5151-af4e-b03e7de32fc6', '2dd64317-ea29-5864-8410-71cf112d558a', '24a5f77b-3f2d-5252-80aa-b7ecc335d378', 'acf9d2e7-9cf6-519f-8e43-875c184fbe91', '8d80db7b-1855-5775-a066-5c5898020a1f', '7c40ed3f-ac1c-5d2f-bf87-d0b9206967c9', '2f7426e0-5f00-5d73-8779-76163614a168', '38838991-f20e-55e4-9f72-3e92360ddb36', '3969b61e-1ced-5a13-b779-5a0fe06ddeff', '0d93823a-1841-5ff7-89eb-3ff19b737de1', '162bf9ff-9596-5e65-8363-3a28a245eca2', '33dec368-02b1-5010-a7bf-a0742ceafb5d', 'a5d2590c-e0d7-5dd2-b178-9e60d3c4221b', '99ba83bd-bc30-514b-b533-f6b50e6d768d', '285b7a29-0bde-56f5-9917-760f95965c59', '4cbc68a4-e6ac-52c0-980a-7716ebc64488', '8d7e8be6-f694-5f83-af72-0954e2f98149', '4fc0f249-2c71-59a1-af80-58db2a31590c']"
005b152a-bbc9-51d5-9d43-5dc2fa0ab400,"['4d265394-22f2-5025-b6ef-658e7bc7bbab', 'ab3190a1-c418-53d1-a901-fffd0956b22c', '4770f981-415d-54aa-a72e-12fa598bd7ac', '1432ffc8-7000-5487-a7d4-fef0a0a587cd', '2d802659-01c4-5bc3-9dfd-1e8bdca254e0', '70af4dbe-5745-56f7-b858-06f7dac9df96', '81239968-26d7-5590-aafe-9bdb94db26ff', '9bc4576d-4d0b-5dfb-ac52-305eb99937c8', '300ad454-8e4e-5062-969a-17e8e9210cec', 'bcf29c8a-84d0-59de-861a-e9ff8535aab6', '53e926d8-8b2a-51f8-9e2d-2c391c68c1fb', 'bdb05298-1d72-5293-9270-0bd83b72589a', '32765d1d-2138-5b16-81d6-675fe50a0e6f', '7521486f-014b-5fec-a70f-1a52022f22c2', '353ffb79-d6c8-5fe4-a31a-a5e88a1a40e5', '659a0a37-a972-5208-9458-54c317eb86fb', '8b43295d-f730-53e5-a3a5-fdbc7497c243', 'c3a66f9b-41f9-584a-8800-161a171b01c0', '1221fcad-fa46-5a33-8dc9-a2c6156ad455', '742f762c-2cd1-517d-98c9-0ab6152a508a', '54b6c2bd-c049-5197-aade-88abd0067e00', '2598b6aa-f812-5cbc-87ec-7242fc6e72d4', '1fb59de8-c439-5305-b1ed-e8d63011fa03', '1f01bcd0-d3a7-509a-9618-f2ab8c07fac5', '17c01af1-4032-522e-b12f-203a6c516179', '9622cfab-1ae7-5ad7-b535-9ac5eaa01663', '673c9b40-fb2e-5976-a3fa-1995b6fce32d', '72d4f250-6c34-5a96-8050-e9e65287832c', '4953860b-37ee-56c4-ae37-6b17b8f50b9a', '1ccaad95-23af-5797-8e3f-86ea950f1ebc', '8e6b97d0-0ef5-5551-ba55-da16d6305245', '4804963d-99e6-53dd-aac9-7947cb46656c', 'c0ee9f35-7f30-53e6-ada9-703cd5471d63', '9bd94c01-632f-5d00-9b16-9875acd08a68', '2502682a-e681-5c45-9b1e-db5a763c8a32', '44a73744-6046-5ff4-b69e-33a322e01485', '85b7345f-dcf3-5bf4-ac59-0d3bd992b829', '775477e9-aa25-5470-b5c9-985ba0f033df', '7aee2347-3138-5b6c-9cb9-2ccbc13fef8d', '256d6fd8-4493-5193-9354-bd33ef6e7cb8', 'a62cfc68-91c0-5589-af03-8fc03280a365', '4eb317f9-9fae-59c6-9373-ab76c60f2ab0', '1838b7c4-b238-5fa8-84b6-3705790b9fc5', '9ea836fa-36fa-518d-a242-fe7a021b6c4b', '14bd08e3-d14d-5e64-8ee7-8d989dd07bd4', 'b73fe70b-043e-5872-a379-6f1d520d018f', 'a78de566-ebae-5613-ade9-d6c05048be15', 'b9a182a6-a84a-52de-ab80-2233c0563136', 'a9a79911-5da6-5cf9-bea4-8b2522b3600e', '736f9b85-4cbc-5be8-8a93-9c01f71302d3']"
005b6660-beef-5596-80db-f528e06f7160,"['737886ac-98cb-5c57-94e1-fb8317c9c0a1', '9f8be68c-47af-545d-bb58-47ea18b46a3a', '5dcb7027-7467-5134-887f-4b691d2fa111', '8cb4c6ec-467c-5c31-a98e-9401f11dce96', '63d88028-2981-5785-a111-34c373e43292', '9c4e7145-f506-563f-811f-dbab249fb851', '0f0d21a1-58c6-56d3-a950-f9f495ee4dcd', '000bc901-fb19-5550-b76c-1b7c952f7cc9', '24a5ecbf-81ed-5f28-b8d7-367676713f36', '6fe80158-682f-5442-bf8b-4049e021e549', 'af00c0b5-73b3-567d-b30c-8f0f8f48fd5c', '927490ac-452d-5dab-96b4-4b4aa82f0dfc', '83f81b6f-f734-545d-b00a-8f1644c7dbaf', '9c9babc7-4764-5d06-8577-bfd576983c7a', 'b617824c-555f-5a60-9690-57d0d4898c02', 'b432fba1-0d77-5a95-b398-f03a6262d505', '8ac52466-63ce-58bb-b8a5-6ee86a2c0b75', '7f99f752-7ccb-5fc3-8f1d-6fd27351f0be', '68fda70f-8a15-57c2-9c70-1e026605d856', 'a4f7674f-854a-56fa-82f1-c767c9d4a92c', '125784c7-68be-5d78-b53d-2bd8032de61e', '66e40d1f-47ca-5793-839b-45c5baffbdae', '92ec999a-e12b-50b7-8ced-c5f8db9f24be', 'b6172be5-190d-5c8a-b06c-a9a73876be36', 'b69b5c7e-4d98-59ba-9d92-65c28a64efb8', '9a6eb60c-160a-5c23-a6db-e6065b5f2cf4', '255ee464-66e2-5bee-8238-453d9f317e3a', '2ad5d6df-3b86-506b-a802-66e92c022072', 'bdc5e619-e14a-56bd-9d17-46647addb20f', '211ab4c2-b13d-55f7-82f9-79787c5e985f', '7b196a29-3799-58e3-a049-e1ed010c95b3', 'bb6216f0-1d1d-58fc-bced-b20f999a8c4b', '464ce98c-db34-5b6d-ad3a-23af189c7612', '99c505a8-ecae-5aad-8bf7-d56a13347989', '29427134-5ccb-5f61-a49a-d23f0bf56b93', '3ba17a1d-bc8a-520d-8f79-2da8289ea895', '49ce6ef1-a5c1-5726-8af5-c51e66d0e78d', '829ddb43-cfa6-5c7b-be29-2ffb6fd95b8c', 'a4706ac9-8d3e-5e1d-bc0c-f06230bbfd4a', '7c85a1dc-a1d5-5415-a79c-1336ddf487af', 'c7294a84-2e73-561d-86e2-89f8c07e0cbf', 'a5da63ce-d0c5-555e-932a-21f6598e690e', '4d409b0c-c132-5aa4-944c-3334957319fe', '883c66dc-32a4-58c7-a9f9-c7b17420247b', 'c27efea8-956f-571d-a8b5-965623d27114', '244faa96-6bb5-528a-8e2d-8673d118c0b1', '17ce3f0a-036f-5c84-8ad0-2efd361d4e48', 'c5f30422-de7d-56e6-a08d-23619842a80f', '0c8b5bd8-2677-5021-bfea-550d1b99e815', '8130c651-4b92-5390-9196-7f7f86319365']"
0060431a-27ac-5c4f-9031-ae2eb64caab3,"['3c812752-142a-50e1-b6ff-ce6e2ac602c4', '0e0cdf55-9385-558f-987e-894390224f09', '57da390e-8891-5a66-b3ef-83ad93e8d52e', 'a9c03633-3359-5963-b29b-11b5935d6935', '80730f01-2880-5e13-a172-1afe6f9372f7', '402dda11-b43f-5376-8b08-7fa710073383', 'a0847214-8b73-55ba-8352-ef595495c563', '2bba83a2-20c3-504a-b8f0-1a25b277e664', '003c4d6b-582c-57e9-8962-86ab09462b27', '81da076f-494c-5aec-8917-369c4b0a8508', '7be4178c-a719-5e29-ad3b-6ba778d194fc', '17394fd5-71df-559d-bb1b-a8dadb424525', '18065644-6abd-5cc4-9397-1f8d86e4f95a', '52cbfdcb-3d42-50e9-81f7-bf81db24ba95', '694b6727-701f-5ad6-bc3f-162224f991bc', '51ca6bad-9c4e-572e-ac2c-40b8b214a2cd', '542d04fb-fb5f-59bb-93a2-30b159107efd', '45145eb2-f081-5b6b-82f9-0afdf009f21f', '353d3e0c-53fe-5ad7-9d13-e46b312a1738', '18edfe04-6a6a-5d6d-b5f5-2312d2e2a1f5', '382b18e1-4add-54b2-9ff7-fdeadc6c38cf', '70642aaf-402d-50e2-816a-b82a13b7c4de', '5a7994da-c543-5bb4-bd3d-7bec7af0e25d', '91571fa3-0a7a-5d5a-9668-7b6e126dd1b7', 'ae0f1420-e786-5ee2-af9d-91f601f76f3e', '45fb3777-ce63-59fa-9573-392b35cd6c89', '83a963d7-9781-5f1a-a0fb-70200bf0438d', '683dbb0b-944b-5293-b3d1-fec1c4cbaa4f', 'b5786df2-9b87-508a-9c8d-e9e459a94fee', '38f77bd8-37d2-58a4-afb0-4410976ba320', '8cc1fc66-8c1a-5239-9c78-2ef9f45fd7fa', '3e29d1e2-9f15-5ad9-9546-2d5e067dad5c', '9e11457a-7787-5063-92e6-113e92197599', '179e5595-9276-5dd9-befc-3d687c260e5c', '96857143-1547-530a-9718-59e33f828d82', '0d7b581c-ce71-5e1b-8510-502b2a84fab3', '989273f8-f5d3-5e4a-abb8-90c18aeeaadb', 'bcf329d7-34e5-579b-88d3-e62134362c58', '4a341b34-5949-53f2-883f-81d954bc46a9', '9f855a39-7728-5e76-a1f1-8e9732ca32a8', '81ef0a11-1693-53c7-b1ee-00ac70d714a0', '507bd50f-a747-5c23-a8f3-421e54c794f1', '581db438-06bd-5282-898a-cefd7594c030', 'b9f26ef1-8d99-533a-b9d3-2cc2f5ac98b2', '216bb23b-8d19-53dd-bc2b-abb6fdcaa434', '041152b2-0267-59b6-9aab-023c4eb1af28', '4856bef0-a522-5d58-af36-da7ef37b6135', '39b68d03-5d0d-55db-b322-01df674c567a', '2d4c4cae-f9c0-50e1-8bec-41004daa0d73', 'a31f2ff3-a61b-51b5-ac28-40978801f290']"
00649184-c2b7-576b-9fe1-470cab7811f1,"['74c37989-99bf-5e99-bb8e-e66c2eaba8d4', 'a6837ea6-6f21-5011-a77f-14dcd3b5cd44', 'a4a11f11-ac74-5d43-963b-a53ce3934ae6', '3b0aac46-f515-598b-903f-92da922468d4', 'b4ab3cf2-3d49-51cc-b4e6-1d14ce461231', '3cf76e1a-0c5b-5f3c-a84b-576e589af394', '69f99f72-6ae8-5d2e-a553-6bbaf141b124', 'bb6f444a-8b70-5150-99a6-199407ec13f9', '0b694346-4765-59f1-a0b9-101b11fb17ff', '642833d8-b05d-54bc-9f30-5add4d1344bd', '50ee96e8-3810-556e-9d52-3f6a25a818c7', '37304160-ebda-53d9-845d-3ed4381a7fdc', 'b0dcef5e-53d9-5c17-ae7f-0912e0bcf1e1', '7b67bfe1-92c4-563a-bb62-63b598e36a17', '766a724a-8833-5730-9dad-2c8ae2571bc4', '3cc5e70e-4dca-566c-b8c4-225a1eb5a0e5', '2fda2c71-8335-50ce-971e-e8e329051d68', 'a9928136-dba6-54d5-9a4a-cb502f6cd4f8', 'b40e306a-77e2-5e6c-a0e4-83be81f9736b', 'c393a038-4c7c-5113-b0f4-d95049fbb824', 'ae389cf3-f013-5e32-8419-b682a876426a', '2196e5b9-aabe-5ad9-a4b5-a72f52eb7f6a', '3453855d-f81c-5a56-a91f-db183f2ad936', 'c3fcba82-fb14-5fbc-a938-d9c15188cb08', '87c8ced0-6e02-5d3f-b4f3-efadc01eb2b9', 'bb8ff9ab-a44b-5ca7-b337-5b21c7fa7561', 'c54b2fe1-a91d-5cd6-bd45-1c226a6f2453', '5b754b06-1e7f-57ba-afb5-85ef6a35d068', '552e9569-d53b-5fb8-a57c-678d2933fe7b', '95396dea-7fe0-5436-81f2-4a0d205e086b', '4dc3123c-d931-5fd4-b0d5-ddb865f81414', 'b3d2b04d-b6e5-53a1-8103-03e9ca7643b7', '1b40bc88-7e6b-57c2-9bc7-1abdc7c7e63e', '0c53e6ba-f9bc-5cb5-bf79-50d1fd9b7bcd', '5697ce0b-043f-5660-9e67-74bb18c1c86f', '527b1562-9b2b-5d89-a750-960a87e29325', '6baa79b2-13d4-5878-bc29-c88ebb2509f5', '0b366ff2-eec4-5152-85fa-fb13abf07590', '4d85a882-2d81-5265-aa7e-b1d00d38468c', '048fbb35-1940-546e-94b4-999ced4bf6f6', '5e63d200-1b37-5b99-98e4-623a57e417a3', '70ee4925-0236-5774-b0d6-bca869a5ca93', 'a1839695-3650-5ffd-8856-3c52c891041f', '5499c75a-2610-57a5-b9df-ca123f46c909', '692cfceb-9e92-5d7f-b4f7-16a52b4043a9', '47312f3d-6bf0-5618-9e5b-4e2f29a492f4', '740fef4f-c7a1-5904-8554-e2b1c1ca987a', '628e19c4-bfb8-50ab-9610-8cbe8d7eb7ba', 'a00e9d30-cd23-50d1-9a3a-68b898120b93', '9befd52f-c4ba-58b8-9eb2-905aae529774']"
0068d698-abdd-54db-b5c8-62a913a52017,"['83dd493b-af23-5f3f-a239-b20f4bd72bf2', '9f5ad9dd-0963-5375-82a7-1a0ded0982e3', '43b5e4db-7d23-5e11-8261-945fea6bef39', 'b588eab6-31e8-5044-ab68-48de32562a74', '4ca61e44-7f96-57ef-bf07-eacb08949b76', '0631792b-7846-5724-bf36-4478c31c8851', 'be1e967a-f1df-5be8-821e-aff8d325ef73', '24e76e06-030e-5939-b092-4f26e2e9d4cc', '690edca0-3631-587d-b09a-5db7a1c84cf7', '1426b2e5-8de9-58a0-a660-3bdff2bc3939', '77ebadca-01f4-54bc-b248-7825f1f7bad1', '75b0bb4e-d1a2-5e8e-b84e-14f46c529f4a', '217345e9-c8db-5339-a601-d5c4889f1a8a', 'ac40b110-8261-5e20-ab5d-2449b98944a2', '6afac666-9b86-53cc-9e72-9adbe6f399a5', '0a4907d6-e523-5b75-8033-05b2744beb3d', '50e8c175-db2e-527f-8162-cb57cff0094f', '3bc4afef-3064-5667-9f71-7d52f4809e35', 'b3dc63f7-e2b2-5924-9071-3dd1139220c7', '4aa1f077-452e-5f9a-8cc8-23e279787b77', '63b40377-7d4b-5c7e-8a5b-8379874cd7b9', '569bec76-bb7e-5b9c-8846-194f6c0ba2a9', '7b341462-01b1-5284-8025-8460438882c4', '3739f944-f587-5416-af3d-25cfd61cffd5', '30a19b6a-61a2-5b00-ae34-19016ad6ac1b', '781ca54a-57b7-5946-8ad1-fa0fccddc085', '32f8a4eb-7c55-58e8-8589-719ff3275577', '7a6bbc0a-3ff5-526c-8d7a-77951e1f3ac7', '3544719d-69ab-516d-947f-3ab0ea0d0aa6', '1826d10d-4914-53a9-97a2-5dcfcda5e355', 'c508f802-9745-54ee-b2aa-f07db47285fa', '54893af4-2be7-5b8b-bd60-8f8cd11aab50', '28f473d2-0c83-590a-83cb-aa0f98a4e98d', '61e7611d-e0d0-533d-8191-f8491f1a8127', '0f814a81-c813-56de-8770-62cae221952b', '606e00ef-6c90-57a8-8089-deba33c8ff7b', 'bbc41786-95ee-5ab8-bf1f-6fdee73a12e6', '86ddcec7-3760-5030-b4f0-a12dc9fd6afe', 'babc6061-8191-5ce6-a32c-6c564c91a795', '27832eda-1e79-53b9-8668-02cf2c3b96df', '840451dc-82ea-5a05-aac6-c9f964893682', '7be92462-a7b8-5210-9ef9-aa92567c8209', '43593424-87b5-558b-921e-a8139d5c1af6', 'b2566424-bcbc-5d2c-a553-a7c9b79dfc41', '7b0b75ef-2291-5ec4-9cb8-ae00d7abd870', '8f7256a0-bf09-51d6-985b-102aba9e353b', '50e5e1bb-3d40-5d41-8a27-2556a1259946', '7b45f166-b2fc-57a6-afa1-dabed6ab2df7', '836bb406-df8e-5b95-bf8e-41437ecec7cc', '895e553b-f330-5f17-a51d-dd23b2c5b193']"
006b78da-67ce-508e-bfbd-ff4cab129d8e,"['6de95db1-eb0a-5b60-a101-c53bb71f6b3e', '412d2420-37a9-58c6-990d-0d1fefca9b6e', '54098aef-3706-51e2-a239-a6ecd24c93df', '741fe536-11a2-5520-8c35-d16ae8d76204', '70548c4b-9321-5e18-8df8-8823edded054', '8a680dc5-1199-5490-b88d-e432742d4694', '27b988e6-268d-5460-b5f0-ff02583b5f1a', 'ba6732eb-e4b1-52cd-be75-77c0a2600bdd', 'be8e5bbf-6f21-5ed0-82aa-569d47eae69e', '4290f8af-82b5-5aba-bc59-f676151e8b9a', '0e6e11d3-f1b9-5780-8367-3d70fc6c0878', 'b0b01116-c175-556a-860e-a348434c0698', '4b3fd2b8-961e-5a66-8260-3863b7b5f3ec', 'b853bf2a-bf29-5a32-8aca-e713282a7169', '53448e2e-f6a8-5413-88a7-404a322234b3', '34f65eca-67db-5e45-a2cc-5c72cadcc0f3', 'a6fed799-f000-5abb-b394-001e8da11b02', '1ad32dc5-aa69-5fc4-8e5d-4aef5107b30d', '9413a1c2-a683-58e0-8460-2470a4748991', 'c3c29e57-f097-51b7-b133-3d969398bd81', '1112634e-a51c-533a-9d07-7cc596ece2dc', '278baee3-1f97-5aca-922d-580300e5f445', 'b1ba9402-3f19-519a-a390-936bac3db935', '878c989c-fdc1-51ad-8825-ca3aa0822c2a', 'c5b1bdce-f5e3-5cac-89c6-95f91f326e1f', '44f5cdc9-d1d3-55d9-89c8-00e7bc9f1384', '9e9c4e8a-f78e-54ff-aab2-4d7fe6983ec1', '262b22cd-3e8a-5a75-addb-127ea934874b', '1e2156a9-f385-5e3e-bc77-358e671b595c', 'bb2e6bee-cb3e-51ae-998f-a1264a81666f', '03feeabb-39e2-5692-84cc-87d3dabb12fd', '9bb6d6e8-7b66-5fe8-a9ff-873c1a4f5da2', '26aed8bb-f06b-553d-8bd8-b0b15a54036f', '59fd81de-bf27-58ad-b946-936b48118c62', '92172eb9-a023-57f8-bbe4-05b8fd7eade7', '82843985-e1ca-5b48-9cdc-89a260b3c039', 'c7754f58-25ad-5915-88a5-61eea8ecc143', 'a9081148-935d-5df5-a2d9-35a46244d906', '37b63b07-4e61-5ec6-9b62-a4a0ab2e8af9', '93cce911-90e3-5fb6-a92c-5edbd1db7b60', '24646663-4d65-577a-8471-fd40f7a37684', '68532d9e-b2fa-5592-a219-2533817b2f71', '3f372219-d62a-5071-8c3c-2b025f4a8973', '805dc453-8a48-5e1b-8004-7a451b02fe40', '56f6270a-65a7-588d-bab5-2b40d913c333', '1ea44522-45a3-5053-a4a5-31da3201fb9f', '0e1066b3-6a1a-5fa7-804e-2abba28cdabf', '245984cb-cce7-5210-aecf-adc7815c7740', '9b536572-9c51-5500-8c8a-d3aa0b766978', '11e973ee-f0ca-59e9-b82b-5fa014fe098c']"
006e03d7-530d-59d9-9742-dd3b2d34a5aa,"['783e6e08-a120-5c06-a69a-d27f54babbba', '8e6ff04b-0aac-5675-87cd-1c9b1483e249', '548ebd0c-1105-53dc-85da-50075e901e4c', '080594ad-51c9-5ff2-bd8c-e3b03b5d2b52', '434ab630-4013-55d5-9255-7ca1b1c489c2', '07531bf5-91ea-53b7-91ec-e6b274a996f8', '9fcf872a-385f-5b54-a4bc-f42c8b6e99ee', '025e5104-0c39-5343-9560-90b2e6943310', '220d2957-d868-5f58-acf6-d17fc50d8a5f', '76f1540f-2155-54be-9294-f89f14865457', '8cdedaf0-f3c4-5c28-9534-e20066d2a538', '8b67b81a-b7ae-57f1-a104-85d4d96e3264', '796693f8-afb5-546e-bb08-053f378444a5', '6004a61e-7b41-5d1e-a834-8bc287615012', '526fdbb2-2a90-5db3-89cd-69bc2747e1d3', '6a455b13-93c4-59fd-81c8-e08af744cc6d', '21a82638-2c3b-5b6b-8da1-8772c75334a1', '4e270c35-2b93-5557-9ded-7aec5ae8ad8a', '630cd5bb-457a-565d-9eb5-f469d663d6d4', 'a066fabc-4b55-5ca1-9d70-0736d7081206', 'c1a40c82-b595-5e94-9093-0788e9056843', '20abdcf8-9334-5ef6-b791-dd112fd0e620', '0bc6948d-28c3-5224-a505-2f6ec360eb28', '8eb656e0-058d-5ece-ad39-6411267b3eea', '5930018a-61e2-5a27-9d02-bc5159a02505', '5dcb38b7-480b-50a8-91f8-4fea795ac5d6', '3c936a90-3640-5a41-84a5-ab4a09a3843f', 'b410df9e-9e0a-56c0-a049-38ff370a3b3d', 'c7bb221f-b800-50ef-8f37-10a411e05d21', '0f49ab25-6e86-56cd-8268-d4694dee4b3d', '31212787-4f4b-515f-9687-441ab03566d3', '828ac0ce-1f71-5c53-b09a-5115d897f887', '165718f1-d8b2-5525-b2a3-162685a22eb5', 'ba393ed9-357c-5ea8-8c92-2e348df703a7', '09c8b4eb-c5ff-50e5-a27b-582cd1801238', '2cae344a-f583-5a93-95e3-15be8518741c', '7cf39092-a708-55f8-a8fb-7c019afa5241', '7b29561f-a936-5004-8f52-f10c8c6b8160', 'b427680a-f0da-5786-97d0-43d7df11881e', '72cca266-0720-516a-9a1a-88b5752d3a91', '6105e860-eb9b-591a-b0b6-3b4d8e12489d', '9db41158-7721-52ef-9e2d-623f72e5d6df', '92fa4245-ee46-5622-adce-675877a32c22', '7089fed1-df68-5612-8289-7024cfb8d9d3', '17c481dd-9757-53ea-9725-dcb7089906b8', '367b464f-a8b8-512f-9ef2-583bb4d73e52', '6aa81e24-9354-504a-acd8-d7e5c5f996cf', 'aa54cff3-a4b5-506e-a001-0c2d4c96cc17', '9be924e5-f9cb-5875-8f5d-fe2894cc23c3', '58ee4b6d-e0fc-560c-a50f-00b2b0d5fd88']"
007094c6-c763-5b92-b8f2-a354c8be5e23,"['153c521b-4542-5083-b734-081985e90629', 'c2053a8b-afe7-5b11-a2a7-9c7dc071e007', 'a3aa85fe-4c6c-5ffc-8ac1-07b295f93222', '9c690a90-1b3d-5c72-8465-5c2805b0a276', 'a986daff-4d4d-5729-8714-000101cc38d4', 'bee3d082-f314-53f3-9fea-8c50668ae4d2', '748869e1-5325-5af6-8ea4-d23e21d54405', 'a6c7a854-63f8-56d0-be57-e2c95dd4d989', '0e10831c-d274-58bd-8943-ebdd5c5010d5', '0f441557-b28a-573b-a96f-ca2e2e5bfa1e', '8250677f-608a-5319-beb4-d6ec80641dee', '8ccf3541-efda-539a-b952-2550ce732b9c', '1fa7ec33-a4f1-5ac5-ad9c-920769447eb0', '6382ffce-a21b-5741-8239-939db929c6a2', '5dda56f4-781b-58a2-87c3-3a44c0b8323e', '5b43c764-f1a3-514c-923b-294ae71ba023', '853f147c-02da-5004-bfa0-83d2fd187894', '0bb157f2-887b-50b1-b9d9-0d9c397bae5d', '4718703b-2176-5af8-a2ce-80c4846eb288', '23646887-6a1b-5c53-b192-b3b85ba09363', '1144398f-95d5-5a46-b94e-715f4ab0ab95', '662a0256-e182-5586-93e2-94f57d8a72f8', '8ab3181c-ffe0-5afe-86f1-a8d4b100f3f1', '59bdfcc7-1270-5433-b1db-a4ae74681bbd', 'bec78e14-8486-54e8-9e86-61999d69292d', '8440f264-bf61-5c0f-a19b-3d1825aa3796', '89532d4c-9002-5d03-ad61-3b8047fbbcf9', '6645cdc7-e54a-5505-a68b-5c07b18faa87', 'bc6b09f0-312d-55e8-b5ea-61012e9d7c9f', 'ad6a453b-c456-5715-ba2e-12499a407169', '5fdf593f-e8e3-5a9b-b86a-db883f34b8bf', '9687a1cf-f3e9-5172-9818-aab3db8e9570', '74c45f4b-efb8-52f4-8c24-28e26089868c', 'ac847798-8411-5651-ba4e-a62543ce95dd', '42529c74-877d-5fc0-b63d-3b558c72436c', 'aa5ae585-2254-53fb-80bd-bb5a926acfc2', '4786c5cd-2a34-580b-9cac-967539a114ba', '27442a85-cae3-51a0-93ff-ba0ed99dcc74', '6bf9ce59-a381-5e1d-bd09-1a37c463d3e0', 'aa9b561b-ed15-555c-8e03-622769993c28', '7365ba3c-0f95-5d8e-b495-f2c5485c1e2b', '9303e2bc-2c01-5c11-9872-eaabf297af34', '5de215b9-fefc-547c-b13e-2ef6b49ad95e', '03985e30-62f2-57d7-ac9e-adfca75b4c17', '3692571f-7875-5507-af63-8b08eca70a68', '047dacd2-c61d-5b10-a6f9-12a3014343be', 'b18d45c6-da4a-59a0-ade2-614e6b241df6', '7c129412-6a68-53c9-bcad-14bf45e1dac6', '93c99340-a92c-5f00-84d2-8d158df1cb20', '11c1f668-6edb-50d4-acaa-c81eaddff01d']"
0071f60e-7045-5aa8-add5-8f9485f9c593,"['41f88389-3225-5fb6-90c7-af195edf94e8', '6cb4217b-bd67-56cb-86d7-923398701792', 'a55b3c89-bf0b-5336-beab-0ef4fcc3a7dc', '8b4c176a-365c-562b-bb9f-e24c9e7fafcd', '9b6c90bc-2460-5702-bcc2-329e6980352d', 'a3cc5e93-93e4-52f6-835d-6a61ce96c535', '4a105d8a-b8d5-5cb4-89b9-dd7c1cf9e064', '481f43e1-ecb1-5370-bc3a-f0ce624c4ffc', '8b70659c-2ad0-5801-861b-c84cda584c82', '37657750-911a-54c1-8346-fe00bd243aa0', 'aaa387a4-3a1e-5220-b7b9-4e3cb077df6e', '42cc03b5-9f99-5b55-84d6-fb8cd63c68fd', '51a16736-5f26-539d-8b5d-3f8b5a2249fd', 'a15967e7-e1fa-566c-ac39-0e804834880c', 'ba49c138-0860-5593-8c8d-7fc3aaf0e1e1', '6e678974-8322-56e1-8529-02c029c00d86', 'a2e54ba9-58a3-5dcb-bca9-904cddea2be2', '5ecfa7de-7537-5032-b596-7e869b6c9a89', '103420ce-727b-5912-ac26-a1832a9b87ec', '59835af3-d019-518e-93a2-f93e58a029de', '5bbbe4b9-5d02-549e-9851-a9d3d626d289', '86e3a564-5d38-598a-b675-dd2032c93116', '73895038-819d-536b-9165-75a413a3c552', '7932d5de-496d-5bb9-93f5-a12ff97e8685', '577e79ac-faf3-517c-a0bc-d68a68d5475b', '948a02aa-2102-521a-8a6d-384f4beec686', 'b03d8f4d-fc53-5c49-acf5-00c22c9be804', '7e2ba25b-49da-588d-bf79-2403988611cc', '09acf9e6-4b25-5f50-a9eb-1ff8f97c3fb6', '1d47236b-bd0f-5263-a191-04819813f0ab', '58940fff-bc32-5ba8-9f72-95ced24b42d0', '1f33aba3-be06-5158-bed0-ea61eed80444', '1c01d678-7cc2-5f3e-99c6-5b2033fd6977', '31446b83-4dd9-55bb-a948-a17d96e1e121', '2bd3f2b8-1f4d-574a-8a4f-848508fc0e34', '77c79066-0d74-51ad-98b8-514fec847c6c', '04b8311e-e295-5f4b-8659-3117f5507f90', '7471bec7-1d73-5da9-8e7c-35ee40d95be2', 'c64fc1b7-11f7-52e1-ae8b-b1ce5ebf98f2', '201b4068-0e12-5fca-9e6a-76be3a81756c', '806ed421-fc04-523a-ace2-8bf53ce479e4', 'b7906502-a295-50c5-acd0-474d3bb900df', '606a393b-8084-576c-9da2-d7c94721f53c', 'c1883446-53ec-5763-96f9-6fc06b388f2a', 'a3311c58-060e-5c01-bc39-508362ed164e', 'ac9a868e-0629-594c-9e23-52f59541bfc4', '6f43c6e6-6c02-52ae-af62-af1001af622d', '12bdfd3a-1d56-53cb-8c61-cc6b2a11671e', '3a129908-3fe6-5bb7-98b6-d038c7adf822', '7635a5a4-0184-5769-9221-3a904b86f381']"
00743c8a-8a78-5034-8084-6fe324a256aa,"['6cc2c8a9-fae2-5bbd-948f-bc68690df70e', '6c24d076-6333-5015-8018-bac09959e11f', '4622357d-6852-5ed5-baf4-882663980ceb', '3b49cc00-74f3-5a76-8e06-0a4cf25efe17', '2adccd03-548f-506a-8d90-a4786040d704', '106d41ea-6f38-5592-ab32-212c683495d8', '9081f4a4-d3ef-5c93-9595-ec2faef5140d', '55ae4386-8421-5082-b169-c0682f4d9463', 'b4788a82-794a-59ad-abd4-0acc426f4c87', '096b65b2-23a9-520e-a62c-7b3a4fd67afa', '9d7e8eb2-d490-5864-aba2-0673900fec03', '8122792e-02a7-5bd9-8d00-3004cac196d7', '99540fab-ba5a-5de6-834a-5495623eb359', '03b4786e-0f30-5d52-8f86-dae97c78a6b1', 'a80a34ac-2bfc-5846-99c0-73e8475c768c', '90af064d-d242-5393-b9d1-047041c6ef35', '8a5a5e77-a103-59aa-8c73-4fe10cb5ab14', '034b6a87-def4-5302-8998-5d7cf013c1ea', '6ba79e1f-ec96-53a1-bc66-7ab23d1ad42c', '246013fb-e208-52d6-abd5-e975ccbf2fdb', '227c4888-a8f0-5a3c-83e1-e399221aed79', '4196e93b-b508-5efc-b4b6-e408907e75d8', '322cd1d3-f3e7-5c78-811d-314e7ddd85bc', '9aea615f-df81-5015-b7a7-5f2ec9d80395', '1ad59624-3a86-5f6f-8181-3b5804eb0643', '597ccb78-bd37-55ba-ba73-7bed105c2fe4', '47455d80-19f4-57a4-ae9b-b53793c792bb', '12d7e007-f2ab-5e68-8381-f54ddef4e475', 'ac37d494-8efd-5d11-a7e4-b548a2632c81', '0409024e-a060-5277-bbd6-6bd2e41f2213', '52c03381-a25b-5a03-b114-21a08e72ff82', '1720cb4f-474c-547b-bc59-0c6b90e809e8', '324299fe-16ba-5370-b1fc-95b0cb4f7f7a', '02987f1d-deab-5727-934d-3ea159699e14', '916cd41e-718e-58b9-b5a7-8b8cfd225625', 'be043221-63bd-5316-b6e1-e5dfa2694403', '62e080c7-5960-5ef4-9131-8bbf60e5b793', '73c68701-8855-59ec-a1c4-28ef0ad989e1', '2d797597-1ab6-5a7f-8fd5-9ae140a105f8', '082a8265-c4a7-5b74-bf8e-9d1e4cde0c4c', '47cb4fc5-e787-51d4-a63d-b7340535e617', '67efffd2-50fa-5fc8-91a3-9549139d7af6', '3bbb358a-a27f-51f0-a3ac-6cd4cc58335a', '227e10fe-4d01-500e-99bc-1fd0d9964a5b', 'c1ff970c-11fc-5271-82bc-1802144e315f', '0710b892-b606-506e-963f-a7b027ec549d', '63db3a1f-90b7-5dc9-b821-ab0c604e95fc', '2f72b7f2-7054-5fd1-919a-149f01656333', 'aaef92b3-b843-51fe-9934-c9c662e4a6fa', '660bd4a4-a2a5-5bab-95e7-9fbca4731b39']"
00752d6b-a717-5984-9c4c-536f1c2c2529,"['3ba6dcd4-90fe-527f-88ae-22f5a4c6bbd7', '89796b25-553c-50c9-8e02-8957eae11127', 'bc19b83d-19d0-510f-9604-53c57e3a6d6d', '15183aa2-0399-58e9-a276-7310e6cf1134', '8260ee14-f46c-5772-92e5-6088c566b842', '5abb5f56-aca4-5e87-96b7-24934a589bc1', '761c2d1a-a880-5f1c-9a16-9937233ec4f0', '905d3fe8-fb77-54f7-ad48-be08a9d6484e', '73ffcef6-b9b6-5d57-85c3-3cfc30528a0f', 'a10c5aa9-b0c6-5368-9831-47d2dc7bf365', '765482f3-c8d3-5616-852a-a10d07e3f291', '812ec846-1c68-5022-8742-476cef2816d7', '44b01c75-f01f-5c86-899a-030d0b08fb99', '06695b9d-a409-50c6-9ee5-9c0f0cad029c', '5838205d-237e-58a5-8cd4-dc2dbc509e13', '9a215346-2fc2-5c78-bd05-f3751d89f9bf', '22aa79c9-a6e0-57cb-bbfd-2d534b92fdb6', '0b425d06-978f-514a-980a-ef5a13e7583e', '7b514442-35d8-57a5-8773-c4b21037ee01', '882d483d-f99a-5fd0-83b0-2d2e71635701', 'ad81147b-fbf6-5e56-b7d9-c89cff9262b9', 'b0a68933-e83c-599d-b343-a03fa7e84a1d', '9781e209-ae9c-5aca-a151-dc4455b7fb2d', '52c78091-5652-5ac5-a193-0e23b42bfb73', '37b11270-7bbf-53bc-8a77-eae201f35baf', 'bd983103-c653-5c5c-b01a-faf94cf1da45', '573d5732-6f9e-544f-b8ac-d503a0ec7898', 'abc568bb-d040-5145-a2aa-194597459f93', 'c0f0b38c-463f-54a6-91b6-de2f05f66404', '7eb08d5b-fd6d-571b-98c0-a099841dfc63', '13c96e29-4b4b-50ac-b334-a356f57ac10a', '0e83483f-f132-5fb1-a6e9-2198af170f24', '12c5fbe1-2e57-5f4d-a0f5-ecdf24cf943a', '58d72bac-dd60-5b37-aa10-e94c20a33fa2', '3fdf6fea-c94a-5620-9b43-b5896b8ca484', '9f69d199-7348-5285-b682-8bdc1b079ac4', '84506c99-d75f-51a8-aea9-82ab6bb2f029', '455fea3b-af3c-5429-894c-081165bca8b2', '91644c95-ae52-5335-84a0-387240b41ae7', 'b9be1552-ff04-5f8e-810e-af9c3700c7ce', '3e83326e-36b1-5c60-a7b8-005662611289', '16246b41-2ee0-517c-87ff-a54580fb57f6', '34351e8c-6935-5b9e-b3bc-34f4e61ceebf', 'b3ddbc08-7b24-594d-907e-bb3cf3b0b1cf', '6be7d06c-4cfe-5201-9d96-e6b9c1e6a1d8', '9e3b881f-a1a9-5d73-92a5-1dfb99af6136', '33b51772-92b3-5053-8a92-d45d9d739007', '9a89ca90-84c0-5827-a9db-7554bd610c61', '729e297e-203b-5f3f-8e49-4dc8d9f1a115', '12ce49e8-45a7-5108-b4d9-28a540f56f4f']"
00762693-def1-5039-8c1a-2a25cc3eaf5e,"['194df55e-346c-5573-8c9a-dcbacc966e1a', '3a70eede-9b3b-5d82-8d09-92f09e203cf5', '578ede1e-5d08-5e4c-9f4d-da6b003c7860', '2a2cf366-c1aa-516a-b497-84acefca3eda', 'a2cc73e5-ba98-54e9-a676-9085cd1c0635', '7f93492b-da53-5740-9408-e8af9155d684', 'a80a9c28-5be9-57ec-a15c-507d617a75c8', '06190775-3ae1-5d21-980f-c39e62aa5c74', '5d61e6fe-5882-53fb-85d3-3aa7c319100f', '196d64da-f2e4-5df7-9a66-dc3ef046af25', '0742c6ee-2ec3-5ca0-9a1e-b237e5de937b', '6119e199-50e7-5226-9ce8-32077168a04c', '12b66fe3-2ea2-57f2-821f-eac8b10d686f', '3ed924d1-c613-5828-a28c-5db63e869c1c', '43aaedde-680d-5ce3-9b17-ce82770fd341', '8e8bdae5-c43f-551f-a04c-71df38832b4b', 'a083cc2a-2a03-5e2e-a0e3-99b0fd4aa432', '634d2b67-2dc0-5250-a115-8ec8f7f7b5a0', '82507953-c7f2-53a7-9ebb-013cf5bc2453', '59b723ad-d07d-5d50-9347-0e4ff94fe91d', '4bbea324-f37d-5725-85f7-7fd51c71fdb6', 'a3334274-3068-5fc6-a480-3457a80b7a23', '701365f4-8f71-55b0-b85d-6c065336a924', '35b21e43-7e5a-5f80-84ad-8eb5c35e6444', '1b0bb47e-59f4-59b9-a99d-171c689b36f6', '15a00e10-187e-51c7-a3b2-963bd0be2f0d', '354a8693-aca9-563b-8719-31bb1c737c4e', '48107187-8767-5a8a-b483-9524e0f43c55', '79883914-2c21-5c3f-956c-9dc7b1bcb678', '8e44f193-aca6-5ee0-bd24-6b631f0df214', 'b338eca0-db47-5f75-b99b-5d2136d93ce0', '1d50aa07-9413-5f60-b4bb-c2494743dd90', '03356533-119b-5f52-bb6a-b908e12d68a7', '9f7eba98-96ed-521d-a8ef-71718c8be862', '57608f7c-6458-5ffe-83d5-d4068b5896a5', '07d723d9-8120-5323-ac53-0b6f0a716600', 'a71aa9ef-7dd4-54c3-bfb9-c317c60d0076', '83dfd2a9-e36d-50f8-8ef6-02c4041860e2', 'a32d6288-9d6e-52e6-8077-70d29237371a', '1e8e6fb4-77a9-5c62-b785-1571129b17fb', '46b646a0-fe97-5f6f-b7f0-a5044934cb15', '0eff13ef-d5e0-526c-b69e-9dc1138ed16d', '58ae7ad7-a12f-5a56-bd1c-9b771bee0743', '4ef3b7c6-ecdc-5daf-8fae-27c80d3ddd9c', '68a0425b-696e-5fe2-a96f-440b30cf2ede', '45e902b4-9b58-504b-ba91-dec05eb7b3a0', 'b3219823-17c5-5f7e-923a-e03d44f68017', '24c478a6-097d-5304-88cf-afa512ffbfac', '0ac7cb8b-37d8-5e0f-a078-d926fea28d63', 'b3a5d49f-d95c-519a-b49e-d9e02dc68220']"
00762fca-111a-530a-a02d-5ea1ea922f48,"['4c52fd40-2428-53f8-93b8-a8d25bf50d51', '4c9a3a84-46d4-526a-9add-bea597e89573', '4f9b2724-b685-53ba-bda2-f8afa192df1b', '5e2dfc21-72ec-5e48-a2fb-db91e939443e', '6c8fe68a-6888-5fa1-a09e-8b1f44dcd570', '3c29257b-eef8-5c82-ab68-2dfd1d643767', '53847106-9856-59ce-a463-358051e456e5', '1ea29e4a-ac2d-5ac2-8e3c-ea3b58acf5c8', 'a0e56e95-6e7a-598e-b9ee-d4aff6df62eb', '54e6456b-6315-57c6-9053-db55bc2f403e', '19054ae1-5eb9-5fc9-868a-2a18cab1c043', 'c13def50-fa26-5c39-be41-f9ca79a12e53', '3fc50ac0-b548-586a-85bd-600ee67d8ca0', '08c93f43-69e2-56e0-b22d-33698c71453f', '374203e0-8810-5f55-9110-731cd5ffdf4b', 'aeff39ae-97f9-5650-8477-bd3bde291391', '9cef992c-cd36-5740-8fe4-7a21c3a459ca', 'a710a45f-466a-5699-9f53-f7a2eebb0348', '6cde9a5e-9347-5970-8dec-76bc75d1257d', '6c5c0697-d2b2-5f82-b4a5-e47bb0d269a0', 'ade3ec2e-2c9f-5372-a483-4054d22b5a4f', '84b00df5-01ec-595c-a661-b63cf9c58186', 'b0684de2-0e39-5172-a1ce-a2d888e2dd36', '835daa46-3318-512e-abe5-6d3c325c7140', 'ac32fa7c-3275-5e86-87dd-4d88b46efab4', 'ac4bd5b2-8fd6-5bfc-9822-82adbd02f62d', 'bda7f137-b568-59fa-9d71-bd82877c3fa7', '0787923f-5e48-55ea-9dec-6d4391d23061', '2cacf9ae-6991-5362-a002-9e0b262c9e38', '8710ed55-9616-554f-aefa-0cc5fa03c0cd', '62606869-ba15-582d-9e4c-50b205bc02fd', 'a00e5b7f-d0c7-5702-920d-fd9bf32e2942', 'a793244e-7ef5-5f18-b68d-74d32338173e', '2638af69-273e-5d5d-ad86-b5d91ab10047', '9e93734c-9495-5f0d-9af9-efe2c68638bb', 'b8d95d39-7da5-5f36-aea6-7f14db699af9', '0225133d-6c3e-51fd-a231-22635add1d2d', '9f4c44b4-3171-530b-9f73-7c3fca8c01fc', 'a517a30a-7d2e-515a-9438-2b27e15c8040', '35e93dd7-730a-5159-bfcc-71a3a35807cf', '8b63395e-1e57-5a48-a0ce-8da613caa301', '955b8d13-b57f-5563-87cd-27fcc6a40a56', '78f7df53-4d2c-5ec4-9b42-093c360557ac', '425260b7-68e4-5cc1-982d-6a6117107d5a', '969f2819-1815-5f77-be9f-6e4cd45e36a2', '9b3a654b-eb8f-534b-9c27-dedd7d466830', '8ba6ca31-ddde-5e82-ba92-2235a4a77937', 'a253836d-5ca8-506d-977e-f8aef7b60192', '68240795-74d7-55cc-86e7-ebe01da3b527', '9d287c04-cf24-5814-afba-901c41802ed5']"
007955d9-4110-55cf-a483-835a954a8190,"['7ccf1ff9-8fd4-5cb9-9086-3efabb4ae2e1', '64aeda59-dfed-5661-8b03-ff294ff5dbe6', '67fd315f-cf3a-555e-9f58-e74538eedfef', '0200c817-7b3d-5c1c-8a16-bb16a3e81799', '05ccd965-8c7e-59ac-96e8-f68a33c36282', '711ca712-7642-5785-a7b6-b9493621755c', 'a675242d-abd2-575e-8cdb-1eda42aba73d', '803067f3-0db9-5642-a000-1b104c525ea9', '948ec45a-0704-5157-828b-ecb17a20472c', '8c0259c9-4d65-554a-9f2d-d86291e0c5b4', 'bd042d53-15bc-57d5-ba03-5a09bf661750', '137a63cb-d4ba-5498-8fe7-8a3bbf0ca6d0', '3560a5a2-9f74-5e5b-845c-fc214f6a44c7', '06342a79-4d62-5874-84b9-9667f5e9abc1', '98b4da69-3aa6-5efe-95e0-3019c7ae79dd', '0deb86b6-bdc2-5d4a-87e8-eccbb2bd4b13', '566ff34f-f963-5780-aedd-eae017ee817a', '77073e61-81b0-5ed1-9ccb-f1820b753190', '09411ec1-9cd4-57a3-9b8e-f297231a2bab', 'bbdb8f24-4dc2-579f-a235-c195ef9df4b6', '45708d12-21ba-530a-9657-1015faf08737', '830516ed-ed49-50c9-a6f6-2f10befb1f16', '814c7158-2225-5f71-b4c2-30aca622a8cd', '0fb4ba35-ffd6-50a6-9a03-3b1aac808f7b', '9588f2c6-1396-59dd-bd85-357147813979', '5d0fbe98-c545-5280-86d9-ad9e81279646', '7cd92331-ea77-5b52-beb1-8e0d42412b27', '04572d23-772e-54f4-8372-22e47f4962bc', 'a7f25d31-ac0a-5a73-9184-02e2a18702f3', '8ca6e7f6-8d9b-52ff-8c7d-a4fdf6160588', '56a26b29-afde-5a51-8660-4a0c819417b4', '77bda6aa-bcda-5ea8-b55f-7786910df0f0', '8d324430-ff36-5c8d-a5ad-9381652e94af', '6dc8b8dd-2a1c-51cd-a7ae-8a93c6db0f6e', '262d34b0-3e34-5783-a155-ebe2c8fcfa90', '980e8d31-56bc-5f40-a30f-4ebb384f78b7', 'bae12228-75cc-5ce2-af38-d6e06d286133', '95d519fc-d6f5-5094-9320-aa8a7261871b', '269c59dd-a913-5f19-812d-3227690a0d3f', '3d83cd57-6c8a-5475-bdb0-4d4e55f8eed5', 'c5a6b0d7-226e-5b5b-8195-51f8d2968fbf', '072131ae-6d52-560b-8f49-bc5a35b8bb0f', 'ba2ce89a-eaa7-527e-9110-247c905972ca', 'a36a6987-3776-5793-85ed-ed809982cade', 'aa5a414d-85f2-5b08-b0c3-f34aabaa5eb8', '82b7e79d-8bbe-5157-9ced-af204b195f65', '20c8367b-bc16-5ec0-95fd-61e1a3d83a84', '29ecc18d-79ca-54b2-a364-b40e96dc6b29', '477759ae-c4c6-5a44-9a8f-f1bc6bc3a12b', '72863bf0-e9a4-5482-bf9c-4853c28f6919']"
00797bff-c753-57d0-ad7d-30313f4cadf6,"['271a34ee-b78d-5512-913a-a438d38fdcbf', '4a149c56-9c69-5f2f-b2cb-8aae356dfe84', '98a42e0a-d425-50be-9fb5-71e8d3b48d55', '9d7fd691-b0ee-5e5b-8c6a-546d12feed2d', 'b2539c88-dae5-5a3a-9697-7385c3f72e67', '0e1ba04f-2851-5e2b-9090-c66ecdc605b3', 'c3a4ce7b-597b-53dc-9c7b-c935e7d84a4b', '19662670-08da-5c1d-9970-02fe661f48b6', 'a1bb0310-e8da-503c-b38a-c8c12d8d3d7e', '37096632-250a-524a-88cb-712b4d85bc6f', '0c7d5254-09ed-5969-a184-8063697dfffb', '33ecda25-148e-58f9-a9d8-324094a4bd46', '975c7a89-70d2-54db-866b-fec384e43a3b', '7b8f0d4e-346c-5b94-a07c-b653c66bf7a7', '70fa1c86-5dfe-5486-b1d5-e6f1f26c5111', '3feae13a-5620-5012-8985-fec18156b146', '7f8756e8-a526-561e-94d3-30cf172cabde', '3077d015-4638-58d6-8b65-49983daf01e7', '882d1679-1564-58a1-bbb6-4e6942c14429', '15e23b66-5d57-5a55-aaae-325f7c8089ed', '11b04115-bbe7-5ef6-a252-d9325c958943', 'b6adcbe3-8a03-5d5c-ab3f-7b39adfeeebe', '41d4e4aa-f44c-5648-bc11-3a4b2666fc86', '46e0ba6a-2bb8-5e64-82a1-a384d122ed9d', '24b0a920-c13f-5113-8896-38f0daf0783f', '75a30b2a-eb1f-5ea6-9143-47e661d773aa', '9b081a98-9e36-50a8-bc51-a4b750d3117f', '4e8fc565-1745-5e20-9a0b-121c09fa1d04', '1ea5c507-a613-5464-ba77-d4f4549753e5', 'bc48b04c-491d-5b3f-bd9d-d47517c28d6b', '6eb0a536-e742-5ead-b0a9-58ef1e07408f', '76126c52-e0de-52d5-a3a0-96d2c1d0d2db', '374a1ff0-eebb-561a-87a0-08c0fc89678d', '31559a37-3ed1-5083-836a-3616696b53cf', 'a7b43d82-d94d-5326-9bed-939fd6811821', '4443f2ad-aa77-5b9d-aab9-f292c2a70dcf', 'a627637c-b0a7-51c4-8263-039179a73732', '4f5b5e23-5f36-5dea-abaa-8739d9f0ff2c', '03ea38a8-d6db-597c-9736-f58a6b407eeb', '3925b25e-d9b2-5678-92f4-15690ef9629b', '83bd3d61-45fd-56eb-bcc1-d53cc8b9673c', '9d842038-3045-567d-9c3b-26ba885b025c', 'c4d306df-60a2-517e-bf88-a8935d48e381', 'ad1d5500-280f-5c59-8849-f14ef648b7b5', 'adb1c09a-aa74-5443-81b5-7f6589a30667', '2442f45e-4070-5359-a003-d604ba11284e', '3324b533-dc4d-57fa-8fe3-20d497e857d0', '1f2f935f-9981-5ad1-a33c-3706cd3ff32a', '5dfb7449-150b-5617-8ad3-ce2fca590756', '32fec2ce-6b56-5feb-bc93-1dde6bccbeb4']"
00799c13-6213-516e-92f4-0e32096fc5f9,"['3dd434e0-aaab-5874-9309-1c268b50afd5', '6e39886f-9c29-5912-a85b-84ac20ccac61', '2eef16f2-6ea9-55ff-beb4-af716116f189', 'a29fee8f-ff83-5358-a075-49f98e2b73d0', '513bcc38-44b0-53bd-9476-4521e7eddd88', '08047263-667e-547b-9e0c-3e6217b726a5', '5c58c783-c3e1-5096-a1c0-8886b6cee44f', 'bd1ae6f2-5fdc-58eb-a45e-5b63f41a9c2d', 'a7a41961-13db-53df-bed4-4ae3ed77de7f', '9e62f1f9-cc2c-5ddd-beea-043b3b06ca40', '20eec032-343f-5790-8ad0-75e2dd9c6aa9', '1be6c3eb-2660-5132-b2f7-310c904b44c3', '7396965c-8f54-59d5-b5ca-23799baa6c5c', '8dc6c1aa-f072-5516-9c84-58a487e00cdd', '9bb3f88f-1862-56c1-a2f0-1e5c3a342b68', 'b69e4d66-18cc-5c1b-8f0c-7ad4aaf5cfe6', '19d85ff7-1d18-5f1f-bf7f-a827ec009886', '519a1fdc-2848-5e98-9d4f-05a7dc914f8b', '1df2e4b5-7f22-5983-ae99-90b11f837eda', '2c982cfe-b0bb-501f-92b7-fcdd5310b6f2', '3c7cc8bb-d530-5542-a1aa-7602a402b134', '11beb093-e271-5f7a-9d08-81a770e08fc4', 'c05daebf-dae0-59ce-ba64-e4efd4b8a0e5', '4e20df6c-ecd1-5f19-acdd-552e7b455553', '85103064-b9a1-5d77-b17f-799c9274ab4e', '08b0cadd-a54d-5813-ab2e-86e295534571', '8c96381e-dd08-560a-aabe-281bdacccee8', '05616911-99dc-535f-b3aa-68ae8cc79418', '9df58b1c-0d48-5b1c-8d4d-54192e9b6991', 'c706b329-dfd7-5915-937b-b3f8630cd11c', 'a73b7714-5e6a-5cad-beee-11f421e894c4', '3841483d-7789-5163-9701-ad09bdf1b22f', '5cfe443c-8870-5326-b1d6-04fe45b31f0c', '92a1c0d0-bb31-5d22-b4ac-c28f53251c3d', 'c3196d4e-6db9-5fa0-9b03-dc1d73aaf123', '5b23ba7d-e403-563a-afa8-f2fb841b6045', '7c7b9214-b7c9-5c4f-b3e3-6fcebcde92a8', '2c728324-e0a2-5dcb-89f5-3c157968b2ed', '75ce3db3-e36f-5920-aa09-6835bff4672c', '21467ddf-b9c7-5ad9-baf0-c152004e652f', 'b4f85450-9722-5b02-a55f-1b223b24fe68', '5e637fd1-a96d-5b30-a0ea-165d0a904dd7', 'ace270ca-b253-55a1-9f6f-27767feda3d1', '88ec8f39-90c0-5965-8961-bccdf90053fe', '79d22c0e-b5db-537a-818f-2c229cd536f5', 'a284d266-b820-596e-8d87-15fa690fdc8f', '690ce268-8b37-55c7-b813-ea9d851f0a0d', '17e42459-20f5-5d19-92b5-668e054c6e46', '058410d9-b651-5abc-9b61-d607768e8887', '8fbb0f73-35cc-5080-a9ba-4e22c1e9df2b']"
007aa44e-78c9-5a6a-8b58-7fbdb28e62c7,"['874427f7-6344-54ae-a257-219e89fc084e', '5d604fe5-eb11-5ef9-9b7c-22c7cc0ab2ec', '4604b546-fadc-5a06-9dae-1112dd475c4c', '9311befc-cd2f-5fc6-a7c4-48324721a147', '2db45e54-6203-5f7b-a496-d27eed34a82b', 'b8273ccb-5790-54d8-b332-db7dc421bcfb', '3b437dc6-98c9-570b-88b2-2cee9fe79bed', '7582601a-4b1a-5843-867f-ab81e9b2c585', '5d46d0e1-d904-58be-9f26-0481b35fad27', '3483ec7c-d5d2-5c45-97cf-ab45e32b40fe', '5690c708-6cd4-5e59-9d1c-5f320eb6cea4', '81b9b231-635f-5dfe-9af9-0cf1fd7609ef', '0012ab6d-e501-5124-8129-b8facdd7c607', '1b01de81-8b85-5e35-bfae-ddb351d288dd', '71f886dc-2230-5f59-bb8f-2089341b39c3', '9cc35aa6-8990-5db6-8af7-f3b19836b0a0', '5e8b83f2-8fd5-5a8b-b6df-aa31c92c8084', 'b24be08f-4fc7-5ece-ae0e-cdcd8abaacc5', 'b9a1ec9c-c4ad-5dac-a08d-905a6c990dd1', '7c625c5a-3482-5984-8b90-cc9c3a71dd7a', '20906264-b8b8-5ddd-bb9d-fa533cb95b10', '4b9e531d-bc53-5a07-8503-384c233843b9', '97100784-0ac7-58c6-bd80-455421aa7367', 'a42df81a-55b5-52b5-bdb8-8e3b3561796e', '54403f67-2f09-551a-a9a9-36f4d7c1579a', '02abce20-7675-5d91-b949-27a7ee650943', 'c51cd232-8a1e-5714-86ab-d4b1195f549c', '8ea07c17-d5a9-5941-b28f-a8b555af18c0', '97b821e3-17a7-522b-9b60-be20bbb29d49', '33645e37-3d45-561e-a072-b2c0ed1cfd70', '16e72e69-3ad0-5e51-8b45-f83acdd0a4f4', '2b88e23e-77e3-5640-aa77-f3ccf6a29ab0', '4ac2adea-897c-572d-bc2d-42446a9fe95a', '9975c91b-6cd4-5a5d-8757-1700a8eb2611', '22570359-0f4c-5216-a614-d9b86c077771', '371c74f8-2af0-5dca-a891-19ddd822f1d9', 'bb0d43bb-77e5-592c-aac1-23fc0f5cc697', '048f5f36-38e7-566a-968f-b602980d2863', '6240ab0f-e654-5ec2-b466-eb57796f1236', '186f8560-b050-51ef-a482-000119269cc4', 'b438214d-88bb-5abd-bd06-20a08264ecc5', '29b8c8f0-07ca-58a3-b9fe-79a4379973dc', '1868981d-e611-55ca-aa26-8f12131d9e36', 'b1086c23-ff22-5e41-9815-dc8b255e8cfe', '8c5d2980-0ea3-5a72-a4a1-3ff867d1ac3f', 'ab20544f-3928-57ad-8a8a-dde5dbfb0d28', '509c86bf-7221-5354-bf81-57fec9aacc59', '00e9fb3a-9f6f-5f7d-b8fe-b4e3927f4557', '0638470d-86a5-521e-bccc-d0602ba0399c', '6e9d5cc4-eab6-5aba-b701-08701d698b6c']"
007b51e0-ca1e-57d7-b88f-60b3ade6ddaf,"['5f2c8bf8-b6a4-59db-9358-60337bb11ddf', '676c65e7-0b31-5ae0-8c99-89ee2c7b8312', '5d574a50-c7bf-5558-8612-2bcba1a1a2f0', '529e3e21-e935-5fa8-b35d-c2b0be9fc4b1', 'ba5aa4ac-9c77-5a2a-9b90-46561cffb3d3', 'c13f3ba3-6c40-5a69-82fa-753df3bc9323', '8c3bda8a-d37b-589c-b5ec-469707b793a6', '3dd6067c-65e0-576c-999c-0cdd1ad57e31', '4490a6a2-2561-5d9d-881e-569d357ed920', 'af07d00e-70ad-5657-af31-d37a3801e798', '6eef6ca0-6838-526d-b794-82cc7f967cad', '290fc8ef-94df-5bec-9a8b-caf42321effa', '888a4e10-e871-519e-bfb6-63022b4e3089', '978aca32-e465-56af-bd57-bec7fb62fc33', '2f45f118-c808-5746-ac14-fe6eeef4b9cb', '4d408fe3-7a46-53e7-9149-21f00e071234', '3c986b96-0082-5215-9b14-835b1abdab2a', '0875c174-81c0-51a9-b16c-c180fa8737af', 'bbefeba5-5219-54c7-8b2d-b8caabe35631', '964a3b4b-0855-52c8-a937-f406a9ba1245', '44d8feab-6dcd-5664-a072-e946c55b384c', '574f41e2-8d68-54f1-8360-5336704f86dc', '2683d60f-248d-5dc5-be30-2df8ea1d567c', '36be6ce9-bdd1-593d-9378-1f819e129c5e', 'a92c9e0d-3f8e-5318-84c9-358d2b6e0186', 'c4e69a0d-033f-56eb-9f71-9085fd0b390e', 'c217ceda-1100-5a5d-807e-b798e74f1d61', '594ec127-fba8-52c8-9cb0-6101e9eacd5e', '210ecbaa-dadd-5ac0-aef5-20485e23bc85', '86ae7c0a-d915-5bb5-b39a-bcbf634157a2', '0b13a76d-5189-54c4-b6e3-9d51936734c2', '5cac3999-6a74-5862-bc33-9e61fb451773', '9b76ed21-2a45-5c6c-8154-1bc53e3d4512', '97663f42-d006-549c-ba9b-5a75bc303d59', '80bf046c-729d-533c-a2e4-847f42b65acc', 'a7036126-80e6-51ef-ab50-f29b5e7e22db', '50044407-68f2-5a1b-961f-4e2fecb108ce', '92385d1a-eb48-50cf-b4ff-0a9783fa00bf', 'c066fe8c-fddc-55a1-aea8-b663f775939a', '64f78cab-2d0d-5dde-a475-3e71b45ecce9', '4d257395-9836-5342-bc8d-56fad16b6953', '71f29ee4-608a-59f6-a77c-75d9d74b1c90', '35d17fb4-7fe2-551a-83a6-e538fa0ab8b7', 'a96a60e8-23f2-52b9-b6af-fdeed9fad9d0', '2a5e0e8e-d17f-52ab-a32e-df3beba58277', '1fedd08d-b95d-553b-a241-5a53b5af66b5', '9d3dd9a9-0429-5b8a-8b92-5176517d9155', '2b871666-ddca-5806-b503-c6b645f55947', '0b45cd63-dc05-561c-9c6c-fefac1b65e3e', '750adce4-6b3f-53c7-b52d-4954dfa4b2b7']"
007bccd6-8cfa-55e3-8918-2e494f1a39c0,"['71a3fe3a-3d10-50e4-bc14-96bcf51a34a6', '382f69b9-7fb4-5932-9f6f-611a91cd484d', '780cac1a-089f-58e0-9112-ca1b7e6bc5c2', '719e4d79-774f-5156-bd2d-edd966e2f7b8', '09846fc7-bffe-5c7c-ae9b-542bf8a11bed', '425dfc2c-e32a-5d71-840b-1b340de2a031', '0b014811-ede9-50dc-9be7-84f1e08bad03', '98994ba9-3df6-5b84-aa21-86a45a896ffb', '301b5843-fad6-519f-a418-171c905c527d', '1b7b1099-318f-5d1c-a1eb-36bd168c1170', '96741c7a-5011-5c14-b7d0-fdfbae24f0ef', 'a7ea63f6-fa63-5805-83da-e498cdd91548', 'b0d78ce4-f411-5064-8866-1513b2217374', '70dfebbd-13d6-5248-b90a-99a72cd8395c', 'a140d7ca-b2cd-5b15-a743-83fbdcdf3a11', '10e7f220-c6ba-5d8c-875d-621ec281d111', '0d324a5e-629a-56ef-908e-4b144339ea4b', '3178ffe0-5134-5556-8bc1-23e8bbac73c8', 'c15df47c-cec6-511d-b0aa-40c19fccde5a', '1abe3692-2ee9-54eb-8edd-0553322fcd90', '5356af86-2d98-5d67-8fc0-933b831f1820', '8b5dc12b-0052-5f8d-9250-dd911b174099', 'b3257430-d8cc-5189-afa0-66bf2df063c8', '10f3bce9-e372-54eb-b6c3-aeb59973da7a', '464d8cd6-c66d-5848-a493-0be1e0362ceb', '629ad40a-7ddf-5151-891b-e32cbbed5091', '6bcad7dc-3fd4-5e87-88e5-30f1946feec0', '07ed5c1f-92d5-5ed8-a0e1-cfb2a07708bf', '51cc9e65-65e0-5910-bf73-931e30264b73', '152e459d-5428-5aa7-836e-f93c331a9a99', '575e1bca-dca0-5cd7-b357-5a6270fc094f', '724311c6-f706-578d-9691-c1e5d61b04d9', '4f88d312-c086-5242-980e-59493489c7fa', '2fd359a1-8eb5-5414-a539-43dc5239360c', 'abfef257-3e1d-50b1-98af-5c83b2e5a0a3', '4d4a3389-7d3c-50f7-8a1f-08ac5c460c25', '3a98bfb2-f189-55e6-b31c-76f17cea5500', '56089b5b-5dbf-52e1-9a4c-70484666c1b4', '9071e4af-f94e-5f30-aded-646690924ffc', '883283cd-2493-52b1-b64b-ec217228da58', '6835d3eb-7885-5180-aff9-5f899d77d9cd', '7bf2b596-c059-5c76-9f39-d652c4e056f9', '5b7f7544-6f27-583e-8084-f57f9a020f3b', '4542bd2e-f587-5227-8721-7289fed6b3c5', '853f69fd-dae7-5eca-a5f0-5352dd482b61', 'c21dad2c-e680-59ad-a366-d91b8b54c6f6', '1195f2aa-3ee1-597a-ab00-86ce00791367', '0380842b-7289-5ed4-a64f-267109720cf0', '4e6254d9-8cab-54bd-8f6d-8cc601de6c65', 'c4b33e2a-4a3b-546f-a2fd-ddae547681fd']"
007cac9b-7403-537b-8767-74d9f05655e7,"['5a10ab5d-2120-5f5c-9fa2-a2e0768e1091', '8f41c513-b35d-520d-bfa3-27f7b5d9bb83', '69608a29-7a26-5d36-9f86-eb6692b34767', '0a1bd7ab-835e-5134-80e2-61a5c91b8f0e', 'c11affac-ae62-55e1-9e2e-68dca2f6625c', '0ca29b27-6ab1-59f9-add4-1297a231b8f9', '7e031b6c-4933-5044-8ef8-9ce2a67f3410', 'b96d6d2b-6bc5-596d-a7de-78e2b12530b5', '86806eae-950f-56fb-806a-1fb2ee07135e', '5051c34e-5f5a-5430-a7d6-96c9fa876f22', '00e7de4b-ba0b-503f-b266-c2b741a254bd', '7388b7f7-84c7-5b93-96a2-e2892b2a3001', 'b8865065-36a2-586a-835a-2518ebdef329', '646ba823-dfe1-53c5-8156-a000ab084728', '7b9fb848-9baa-5735-a598-d0b1e0e60e9a', '86a01282-4a7b-59cb-b2e8-ac5b7438f94c', '692280b3-5b08-56e3-bc6f-0b3cda4ea6f4', '83b55f78-a25c-53ce-831f-cf70a55d3a7a', '7b4a8360-47fb-5e07-91c9-0b06cb48e800', 'aa3441b1-72a8-5a56-9599-62cce4b37be2', '5c2094e5-59fe-5e3b-99ed-8071988fc684', 'b814143d-3ebc-5199-b030-29cca5523de1', '2ef27fa6-8242-547b-b6c3-ca1340fc328e', '632f1844-5de0-58cb-a9e2-38b6508c3cfc', '498a0274-3398-58f3-ba46-6b4ca643ccb2', 'abd4294b-aa52-5520-a899-54603bf14fcd', '53c32306-f1d2-5ed3-8640-3e6051fc64fc', '6b6891bd-c9ba-5ec2-bea1-6772f44d8eed', '871bf4fe-e4ad-5140-9ecd-d5cf6ead1280', '8d76300f-59e4-5967-b7c9-1f5ab5338454', '8ff58fd2-72fe-5fd8-939e-d558a8f2ec7b', '65752418-3289-5267-9db1-4d610b828df2', '8f3ca657-0e1f-52da-97d1-53fdb5b3f8bb', '7a8430dc-94e2-5aba-9fd3-cf26b00d0311', '83ee2746-e072-5012-abbb-a0b998db2af9', '2bd7ba4f-6592-54be-b962-61252eddee1d', 'a3f941e4-b836-5728-b089-07827f1ebc5b', 'ab80ad55-b03a-51f1-b902-824548b86e80', '64314e9b-eac1-5e78-8f6f-c68100cb9a39', '27dbd18e-bcd3-50a5-9a86-1e7115f2526f', '0fc24e21-4054-52b1-aa60-0a9ffc204dc2', '5b5fec57-7922-50fc-aa4c-8a2c54c89987', '1a73bad1-7bf3-55ca-b8dd-ff7d1a5ab28e', '9a8c35dd-9a72-5c36-9dc5-85aed3e8bd2e', '1c592352-beb3-54b0-9d05-a2af57f52880', 'a2367643-2012-5589-80c9-c41e8ad32ca6', '7326d5bc-3d92-5045-8cbc-d96356ba0819', '8f4caf49-fd8e-5a25-be10-e2d54ec82aa3', '5a655fe5-15ab-5b50-b4e4-feee4cd3780f', '5d5768b1-925e-59ab-837c-29e8cbb1ef4a']"
007eca89-039a-5ad3-b835-c6dd045527e0,"['a9719f71-b47d-55d3-8f52-2a778f0d1f50', '99292b8f-3f50-59c7-a848-9c700fa391a7', '7de12d03-2fc1-5506-bf75-f4ab2060784a', '4d2c993d-73d7-5f1f-a9e7-f78d7eaa55e9', '8fdb0da9-158a-5e7d-9f67-0e91620382bb', '4fc0af48-52de-5429-993d-e39aa544d495', '9263d854-1100-537e-b98f-842948f773eb', '3174faae-f387-58ca-9f37-887c9e2f3903', '01a972c7-38d6-56f7-a827-4892c385922b', '0c9903e9-871b-54f7-bb34-52386847b8de', 'a0b6327d-3791-5702-9786-d025cf6c7250', '9af5c255-20e2-519c-84c3-f6fa319ed245', '0f3516e8-bd94-5b8e-b90f-98d57633e6f8', '023c85a6-cdb5-5653-942b-f268b2c15667', '2073c342-3abd-54e4-97e4-f2082d77370c', '24cc4a7e-b4b5-5ed3-9300-66098be2b491', '38ed303e-119d-5797-add5-b74a419a3bb0', '4c7827d3-94dc-550e-b2b6-f487c4205f02', '6294fe0c-c85a-5bba-ae06-9dcf21b0dfd4', '6f4529bf-7fda-5f28-a700-8bf20aef4a13', 'c05c378f-c7df-529a-b246-369e4d979a01', '2ef74d59-d286-579d-9d67-65fa213f5ce4', '9e4bf01f-ffcc-5107-a54f-7a74d0dd91f6', '22d70ec8-a19e-5cfd-9d45-ef3e33caabff', '28387cc1-b38b-5d11-b0f8-7211684ac917', '672cb488-1fa0-5407-aa0e-310bdc34f55f', 'b521bc6b-b4ca-5a42-bd76-ed490ad6532e', '040ab42d-5d44-5a9b-a1b2-888fa9c42206', '004b5a98-2be4-5c41-b480-171ddcdc73c7', 'be5d0e97-972b-5c55-b252-a16f5ddf33b4', '6c70fc9e-b899-52de-afda-4ee69fc2962c', '5e184c62-82d9-5f1e-bb08-68c49bd61155', '50878b1a-b20a-5e05-856e-77fc3e92b260', '73af331f-9041-517e-beeb-b2e5bb251b2f', '3e8ee6f8-999f-57c2-a144-fd7956a4c7fe', 'b9545bd0-572a-5509-9a18-eb0a9f721528', '180a4f41-638d-5586-a8a6-30e07d9d9df9', '62ca53c1-5cd7-53bc-8c1d-2cc4f92b237d', '17bdd222-e287-5686-a026-29fb7ce37470', '853e7230-cfc7-55e1-a429-12224397ea08', 'b094695b-722d-539b-a7ce-90bea4803703', 'b034b3ec-69fe-55b0-b55a-221f650074a3', '93374f8e-cef9-5fe0-8ede-407e525cc659', '11847b7d-2017-5d5f-9e92-7475975305c7', '057dc3a3-8780-52eb-ba29-d4c02cb0daad', '711e1c6a-b51c-56f6-8f08-7394f72864d0', 'b53a5a39-8c5a-5e6f-8d0f-42f336c9b278', '8c85a805-b05a-5e4b-b85b-dc6d078109a4', '20f81962-d9d0-5f5c-89c2-81d6199320ca', '81355c9d-7902-5d81-820d-fd2cd4aa0c0f']"
007f86ad-a667-51ba-88e1-c188065b9b6c,"['62f7afef-889e-5cf0-a53d-89672f912fd7', '023ff88d-06c9-5922-8fef-695955bc3210', '49785bff-a56f-5d64-9c8e-829efc1bafb7', '29d39258-8a1e-5b32-8f0e-55cec99bf0ed', '69219191-6a5d-541f-9410-310aa5fd0db2', '878e577e-4f2b-53d4-a676-964fbe886e6d', '59c4cdd5-1c78-5b3b-8278-6410eafb2cf0', '7773513e-e05a-51a0-a267-996706a6bae0', '2aff4c00-e5b5-57c9-ad72-1137e9d70289', 'c5b6f433-6bed-5d81-8c02-bcdbaf8336d2', '5420b0e1-55c0-50f4-be32-f5fbcd0f7b00', '24578c0f-92e7-54a5-ae17-0bbdb4296d74', '13bc1c5b-39d4-5799-bf23-5329e9e4c361', 'ae154c64-e772-5a25-b3c4-6eba1543b7ad', '7db1f032-a476-5006-ae2c-3683afc0ba98', 'b3b371e4-c019-5878-a2bd-9134195c4f21', 'a179c295-7748-5cb5-8bd6-d416480dc9e3', '5350247e-1b72-5fee-94f9-6ae400e9b23e', 'bf49608c-5a69-5ebe-ae78-40bde80bb7b2', '39694119-ef1c-5278-a337-c87613265d47', '1582f94d-e48d-5943-a80f-9df4216188c9', '0f45619f-2836-5700-96c4-3b18063f6e34', '9e3a40f9-7951-5361-908a-4d1f766216ae', 'b1a0c426-a5ee-5a1a-aa68-dd31335b4632', '4bba0a30-df4c-5605-9f76-fdb16d55e222', 'c1021bf2-52f4-531e-8371-18dd14fd07e7', '39e86f60-975a-50ba-90f0-9562eaf527d8', '21d0e4be-9599-5853-852b-f5c6681b14d7', '944ea6fb-c593-5471-b01c-727b74823bae', '572129d0-3564-52a5-b879-5e6b20218031', '25ca8ac0-abab-586c-827a-f7c5b4a91dfa', '72f3180e-e4f2-50c1-8c01-a6079e108cff', 'b4f04be9-f2a0-5b99-a678-0f67ff9a9cc6', '575f5a7a-ce96-5733-9291-f493b07c6968', '149c5d78-c3c0-5992-8160-da9f3a6e269f', '60b0c03d-43ce-5aff-9984-72f122c61e6c', '71bea056-b148-555d-880d-13add67f2a0a', '526c0a4d-0325-56fa-8326-88b9039a0ee7', '9b60120a-58d6-5afe-bb82-36b489cfa595', '4a20d37e-429e-565d-8f48-5ee91b39c9c7', '7e16b6b7-4ccb-5b89-83ae-b5f2ea084841', '7c430e98-e2cc-539e-96df-43ac6a187161', 'a5aa8e11-69ad-5704-b16a-498f478718b1', '7f198c98-fbaa-5ac0-849c-d1b793973402', '9000e6ae-fe62-5022-9d98-fb43819bcb81', '1d41be0b-03e5-5fd7-a27f-be0b9ed02d3d', '5c0e1c65-dabe-5876-b32f-942e699fe662', '1ec28a4e-06eb-5ec1-9167-7a3c1acc9878', 'c332950a-b45c-5943-bf0c-b5b17b2204a8', '96d085ed-b4c7-53d9-a313-3ffdd44bc5da']"
007fc226-f296-5f52-810d-fa81de39afe8,"['7487c703-1f43-5b06-8acc-fe02e1d9dd8d', '4339ffcb-6c7f-5c5c-91c7-0e245c6c16ee', '52b33781-1ba2-56b5-9730-318971d17988', '53959e86-f28d-5940-8ba0-bda71804073c', 'af25c852-4a65-5cae-8091-fa49ee003834', '9127bac9-d672-5435-b0b6-311ef6f8a003', 'b4360d59-f21d-5b43-bb10-43d71efd3183', '66b20896-b981-5ee4-a9c6-7e51adf37931', '69ce3ae1-12e1-5183-8d77-dd6f246d1d24', '902951f3-e8e8-5e0e-9249-0548716009d3', '0abcc889-ada0-5de9-96b2-4936079449c4', '527a88e3-c449-5302-bc4d-50acff6f1ebc', '7c5f1ea3-4c1e-502f-8bd1-f4a5a06633f4', '1304508b-3e11-59ca-bd0f-76cb1ab2f735', '4335ab23-cbcf-5984-83c2-340fc4df9bf1', '4e01c375-5451-58af-9793-c7c9c41a5c0e', '2a4eebd5-5324-58d9-9166-ed82807b8e27', 'c412e4c5-1cb2-58ed-8e91-d32a6dce8a8d', 'b104067d-1a98-5fee-a789-3cfa48fea4a4', '97be78db-2528-5839-9953-07426d71eae7', '5b2afb12-f5fe-5083-abbe-2f2b61b67aea', '322e1a2d-08ca-5e56-b831-e1bf50523ead', '5a88f734-c28d-5911-98df-93be80329419', '74a8fea6-c50a-5b8e-9322-a70bf5ba8add', '798d312f-66d2-5e33-82f5-c77742c590cf', '98837488-ffa4-5e01-9481-062027889712', 'a95cc5e2-c515-5db7-b94a-b21d3425d88c', '549049bd-9ccb-5a32-a98f-81f8afdd8b4f', '52b64c7f-fa99-511b-ba2d-8121e119c6b9', 'a2adc6ea-8fae-5a35-bb80-e7aee4cd9f31', '463477b2-5798-5db6-a2e8-e2fe729572a9', '17c6836c-82c5-5a80-bd72-da10da85b046', '18324736-2efe-592a-bf63-826ec547c387', '479afdb4-24ac-5747-afca-a3ec35fd716e', 'ba45d05c-09c4-521f-8b58-67e45d2e47fa', '8624152c-17f2-526c-bd93-3498e3da5492', 'a57f7a04-0092-5419-ac01-71738046bdb0', '64b4964b-6d24-5ea5-b82f-8b05f2d8dcb0', '7c4930ad-5d16-5734-9326-8b2accbbb00b', 'b98bfeb4-5f8a-5221-ae14-d5e6078618ce', '9b1e3734-3b8a-5e0d-b751-4d30d76cddd9', '608c113d-bd40-5f0a-8623-43895113e0f1', 'a3326e74-c909-5250-8be4-822230d55d9b', '0a5ddd08-c35a-512b-9015-76bdb0b5ffbf', '22653fda-ff42-5414-8c66-ea00b767ac04', '174e633d-abad-5227-9a99-a5114dfe72a2', 'ac2a1638-0a27-5f7a-b1ca-aa552d17fd90', '6e1adfff-5adb-5461-bec1-403502faa58f', '96d64a96-c219-59eb-ada9-1bd09c1525a8', '7c376ea5-d12b-5f8d-98bd-dbc7b58ec624']"
007fc895-f2df-5c8d-a5a0-1a92ace91183,"['a314181c-c0a9-52bd-abb5-7be6d62a4f3d', 'aa385520-eba0-547b-b513-23b26f79ccb7', '7e6fcf07-534c-50c9-92e4-0cb285de49ac', '494bf6a9-ac2b-5ba3-8970-8ced2fd7d661', 'a62b8782-6fe7-5b06-975c-e2507367f268', '2c8ba7e5-3312-5811-96ad-7b8e740689ef', '391a9594-3c73-5b3f-8542-647b501ce867', '719000a9-c85d-5efe-8b48-bed566945cb9', '4d057bfa-cd57-54a2-bfde-12a3297e4642', '4471462c-a3bf-54cd-abd6-61aa84eef8a5', '160092b8-1656-57e7-8b98-8093725e217c', 'ab0440bf-92c6-5a4a-a438-22ef6af8e4c1', '90f88088-8bfa-55b3-97c9-c9eb7b6fc4af', 'c4674762-4afb-53a4-879c-1e8e9d479f03', '1114d5ac-3e7e-54ff-bb58-feaa9eea8ed3', '09561fcb-d25c-58c8-8404-8c99c8b4ee61', '583c1d63-f797-57a6-a978-d1a1ed7bc1b4', '44503f67-a370-51dd-b53d-30f4d374c4df', '44e7c836-6c20-58b5-99b6-db07341363b0', '18514a7f-2aa6-59ab-b00f-882d27140087', '81d1bd94-89ee-5b8c-ba13-14f656d52797', '18cb3691-5420-5203-906e-9af84d964ebb', '01ffaea9-ccd2-5252-8718-3993be0a2ab1', '4501d3c8-351a-5c08-b875-4ee318a086d4', '99ff6c8b-f9e8-5094-ade6-4c69157922e6', '4bb0c944-8786-5486-9cef-a836f3c90c8a', '06b5578b-3744-573a-96db-424c9c614d96', '83c3813d-3de3-5ed9-bfe8-1848545ce0d8', '861a9349-4e8c-5b9f-8254-29071807df16', '14501d61-7592-5134-8dbd-32a7901b48a1', '0ecca3eb-6ad8-5f95-b4c0-461152eb211a', '3ba10157-776d-52ad-b24c-903a7e486680', 'a8cee7b6-49d5-56bf-8dd0-1f6919e3ceab', '7eeafa9a-af86-5d6b-b0ef-1019c860c6dc', '93b3b998-2ded-51fa-964f-7387a2d8e340', '3ae81479-00a6-5ec5-8f8c-5645cae91178', '06701a13-c5e0-5c68-9132-610bc44984fd', '5e4acc56-3faa-560b-b530-3d1fcc5f7a37', 'b9e355c2-52f9-5177-90ad-8b0c568e9b87', '9198e772-6e04-57a2-aa40-72d7f96e0772', '1f9c08f4-1f4c-58c0-9ab3-aab367e716e2', '084b13f2-8203-5206-bfa8-5b603b38a09f', '44bd2f0b-2a84-5b68-9346-03fbcb2e0cb0', '1199a26e-6746-513d-a3f9-5ba31a9142bb', '87821232-aa29-551b-8388-9c7ce3ab7610', '565b89cc-70bc-5c54-8181-d72c275a889a', '23c9c752-ccaa-5e6e-84d2-a02597225b3e', '5a19a9f7-8560-5cd4-808c-fee15f4f43b9', '0e52f167-f5c8-5fc5-a12f-26d6caafe2ae', '04f30139-a1fc-5bb4-abac-c95741f30ff1']"
00801453-67fa-5c50-a133-dae44e12c829,"['7d920418-3860-5010-a121-2fd9e63ada97', '9c10f909-2db0-5b8e-91f9-a89a03b27655', '5fb339f6-46a8-54f2-8f80-5f74ef354cf0', '017a6ab5-a7ff-508b-b3c3-619bba98171f', '6644a5cb-c184-58f3-867e-8f48315f7d61', '574b3dd3-088c-53a5-b7e5-9feb30745269', '8b7a1f1f-b200-57df-8294-dc379564b87d', '34ee450f-a1cd-581b-acfb-4a3fe75afe8c', '765ea63c-8bb1-5c6d-a7db-a1c5e0215388', 'be574e31-ce38-54f2-b83c-4719853d93c6', '9f26b081-284f-5cdc-b301-2d79d2ee5495', '5dd60f56-b2bb-5402-a276-3106cfb2eba5', 'a75b7c4f-b1de-5c30-9043-5d9ae1275635', '69d54000-8c6d-5b5d-9e9a-5263150828f1', '1e931f04-334b-522e-8c72-39abccafcfa6', '6b50476d-48f5-57b2-b81d-6151a5c6d9d4', '5a17a58e-fb56-5c16-a76e-38d28f9d5adc', '9ac0ae43-b628-5cf4-bd97-c9f5fea0d37f', '3dcdc787-b492-5031-9fa6-2f8d10bea8fe', '30d4550d-c59a-58c9-b744-c424fc7090bc', '10c3a40b-f6a7-5e03-88a8-cb9a0608a7df', 'b74f677d-1834-5c0c-a5b1-a9aa96c4191b', '8434f464-eba2-51dd-b029-c78165a4efc0', '67d47d88-321b-5072-9103-3142c9714501', '0f953b95-e271-530e-bd09-bb689345c095', '484f312a-cbe9-583e-85e9-0b8436259731', '4a9efb9d-b43b-5102-bdb6-2db1eef28b54', '92d65f5c-f902-57de-a7a1-b2942aadad42', '2997ddde-b4ca-553c-bfe6-1c58de6f6cce', 'afb96752-f55b-5eea-97d8-a6a3e58d82af', '186ffe45-648c-538a-a3e5-109c15f740fa', 'a5190835-1ad2-52a5-8337-426acd88b365', '39d54e11-c77f-5eba-9792-bc01250a8b4e', '7e50cbb0-4e3d-5155-83e5-47c1487d37cd', '225dafdc-560b-56a9-a567-2b4ae452dbd1', '9dce2e54-3fc6-5c5a-8347-83a4c9d6e0a4', 'bd34cbdb-36de-59f3-bc95-1a4d301e7a1a', '99909f5b-05f0-5cc5-9f4c-42690e22cd5c', '8889fe72-5851-5140-a4e5-fd705a8eed8f', '7b734c83-877d-53b6-8c02-d4d0dfdb5119', '3edabd72-e249-5f5e-a004-dbc6cc693ad3', '6ef9e2bd-fa6a-5ff4-82cc-de2e507cb532', '16662e74-9a72-5754-b85c-58fe66cf2958', '09380ea7-1991-5807-8749-c0de9c61f73b', '18730003-303e-5153-8366-6c969043745d', '3d555726-fe4e-5a34-bf51-784c975611f3', '0884ae55-b7bc-5ca4-ac5a-6206634d73da', '93475f53-c501-52a4-8276-b0af46de183d', '54677896-dcc1-5023-87ea-27d032dfb40b', '104bb1e3-7838-55c5-b244-ae4047846b10']"
00803048-ec27-5a40-bcef-451d3a4f4e8c,"['c439962c-cce0-5da0-b887-90ba6632c0b7', '4bf7a9a6-5acd-51bd-8359-6222bf1a5090', '5cf09519-7d89-5a4a-a9c9-68b7c6711678', '7bc0cdd8-1364-54e2-8e87-c13180e28b7f', '09a8215a-933e-5899-8e3f-09fbb1ea2aab', '1d6b8a24-58ee-56d8-906b-c9d0dcd594dc', '774a3901-1f6f-5060-91f7-16abeda6d549', '50ca7cc6-b233-5253-b49e-0bf0d1529eff', '31c0f6b8-9681-5e2d-ac7c-6519c4bf07e3', '2eacefe0-6bd9-51c2-9bbb-1ab934c4bf5d', '17c785c3-b69a-5092-82c0-e47d0708dbe6', 'c23e1737-939a-5409-896d-06049063baa7', '9e6311af-fbf9-55b2-a60c-34e585119bac', '0fb9412d-42e4-5f0f-bb21-ee7d93c50bda', 'aefab1d7-d7ae-5173-ba78-d55863bbaeaa', 'b0f7fada-e143-5066-9eec-5bd6f45a6605', '7359011a-d46b-5412-b357-88639194a9aa', '5cbadc67-4346-5cf0-87ce-bb3398eebb10', '7e7f69cf-4dc1-555d-a8d4-ad79505cf620', '900ac590-8dc4-5efe-9575-7f0dbf13fb33', '293e0ddd-160a-5ea5-a767-ae3211037e29', '7cdb99c5-4c45-51ef-af7d-cb20b7dc0f4f', '846676dc-e2cf-526d-b0d6-a0583b64982f', '95d377fb-1655-5399-867b-57d60ec8c3d4', '1128b8b6-97c6-5382-8da4-0e2dda41b6df', '9504ed44-bd44-5ba2-ae65-f3b4215a4116', '078b42c2-8c4f-5e23-85af-b1de8c950ee4', 'b7ef1156-fb1d-53ea-920d-8e4bf9bb9b74', '2ab4c21c-473d-52dc-93e3-caf8bd2f1049', '96614f41-d6da-5661-8618-20dc455b7825', '2970d3b8-6826-549d-9746-759813cc1d8c', '80425d4a-ebfb-50dc-b4ae-8723afa3d824', '90d4320e-2dd8-5ab3-ae7b-58b15f44d2cb', '4a92a637-f275-5a3d-890e-8045cb7c4594', '40335c25-5cde-54b7-a95a-b9478f6b3b6f', '8ace8b9d-de17-58e3-85fd-341ff3d4b6ba', '50f45aff-e899-557b-8bed-0f7365e6b1bc', '7b3d3423-d0de-5fc6-a065-634f545c2ac1', 'a23cd281-18dd-51f2-974b-ff3094dff3fe', 'c47ff955-8248-55c1-9faa-d3cb01fd3d0f', '92e2b088-be53-514e-b604-f94e22267fc2', 'b684cfc5-3708-50d2-a766-5b68ff497e7c', '953bbb5a-e52d-5f7d-a83f-6d64191f76dd', '3cbfc47c-f35a-5378-b7b6-0f16900261f4', '4627ff76-3dbe-53f4-ab94-1d77c0c20a45', '48c7b525-3359-5f5c-bbc6-50fe736e2f8c', '296ed1ae-999d-59e8-8edb-5715bb214587', '282a8d9a-8bde-5329-b2f3-850f1237491e', '9ebf5e12-fa88-5000-a7e9-91ea6515b434', '7be6d240-ec97-58a3-a39a-2e3e843a163a']"
0080c4a7-7af2-570a-83b1-3fcadd5aec1d,"['3f60aec1-44e8-558f-ab22-3da65b7fbb99', '4e55dca0-06dc-527b-8242-82ec787332da', '5dda37e2-53cf-5906-b19c-19b401a7b0a9', '62acbc71-ee83-5e59-bc6e-9d3447c5644b', '2ae24c55-e18e-53ff-b4dd-0589051533be', 'b05c0041-ab0e-5670-81dc-9866dd10cc4b', 'a87e6b31-a4c3-5a5f-ba46-708f4c5cb30a', 'bbb0a661-379a-5962-b549-54a932a6ccee', '977a96fe-566b-57f5-87c7-3ee50610d243', '7e48fb2c-0111-5138-80ab-0baf8f0d7c83', '68d5ef7c-084e-5b89-804e-13eaf5546fc2', '9d589870-eb54-5dac-9577-e2aaec78e6f6', '63dc5f27-c39f-550d-a10b-f710307e47b0', '3d6b8925-0c85-5851-95f9-f12129165e4c', '31027467-fbef-5a97-8a15-bec5a38cd7d4', '30682897-0d7a-56b7-8956-6ddf5a8d8a28', '8d9cef2f-de32-5320-9ef0-1a9b5e5f84ad', '0bac47d7-5b2a-55d1-b075-2c7097fee8ad', '2bf4e011-b962-5438-aead-6b2b75d4a3b1', '5642d6ad-cd3c-5b85-9a43-6689b581f782', '03dd4af9-9ef9-5461-9f01-bfb54ce4a19e', 'c3cabeef-1ca5-5b8d-bb02-279903a9d707', '36718843-960d-5c97-a33e-5ca3111da075', '81752d9d-f5c3-531e-a951-b382bc4e0a93', '3307f61c-15a1-54bd-82a8-5fff4000b027', '8e81cf74-c89f-59ab-b0a0-182e0726afc9', '796a2ef0-0ffd-5e39-b7d2-687861bf2e19', '6ef5c466-696c-59ae-bbca-aeeda052f821', '8a0d02be-f46f-5750-9b73-f32b1541d968', '65a203cf-93e9-569f-8c49-309014296e7a', '5b745cc9-e1ed-5e63-91fa-0309b089692d', '0ff1fce5-d56a-58e6-b127-435b4d736714', '7407f902-c172-5de5-896d-4d654c7ba239', '04499f6f-67f7-5c15-80d3-4880112e08cd', '6ed66eb7-57c8-5feb-a6c3-b3fd8df18b03', '32555447-7340-5968-91eb-7b217983ce25', '41ba02c1-2428-5e9b-b16c-e3940ac9fcc6', '7b9aecd1-bef1-5650-b48f-99b649bcef0a', '8e29b656-747d-5b06-8a2a-cb3bf2f3ed6a', 'a7e04479-9af2-5b62-9239-8c0551368e69', '87a8fa24-53b3-5fdb-89b7-eb9ddc557c21', '56e9bf71-690b-58df-9462-5738d6a5d70d', 'a3e28c02-b723-5dd6-80c5-19134fc3dd05', 'beb730cf-68a4-5fff-8fbf-d134c38faff3', '1f4b81ca-0708-56c0-8ead-8a7cc1a60d67', 'af4140d2-add3-5a5a-91e2-1851449424bc', '39ee4f83-6d2b-57e8-8f9d-e5ce18d3eef1', '28a929d6-b9ff-564c-bf11-86c3aab84589', 'a86e0976-3e32-5ec2-8175-34db28092bca', '540887b7-ecf3-5aa0-b0e3-6cb42280c0f5']"
00828346-5ba1-5722-84f0-c3a53394ce84,"['7cfa62d5-3c25-5b36-a0c7-011f68f53ff6', 'b3bdc1cd-6d44-5307-bb67-f6907effe47c', '236d7be0-c62f-58e8-a03d-69e9223ca404', '1e363269-4e5f-52ef-a7da-175724488d64', '2d0f9b85-da9d-5fe5-882d-bae467a52517', '0ed13954-31a9-5ec5-8ba1-cad1df13dd25', '4b29014d-a86e-539f-8246-a4ce922141e8', '6c9377a8-82ec-591e-8c61-673a330517a8', '9b61eaf9-325b-5a06-b223-cd688c878d71', 'c042ab78-52ab-5ef7-9238-7614879c7792', '7af706f1-e1b0-52a4-a88f-40bdf9014e89', 'aa5602d4-e704-5216-994f-c67c6be851c5', 'a624d4b8-e461-5ad4-8c44-24349ff6e1bb', '1166c529-3098-5c31-8239-542bc042ae8d', '5bbe30fa-84e0-57e1-8b08-ee1253b724d7', '504f1198-110f-5547-abde-503af04de675', '8567d77a-82e4-5551-b041-e80f7f913cb5', '56f353fa-24fe-5776-a350-3db167d3afb2', '69ea83f3-7579-5b6c-badb-63f4a231498b', '72ee8399-cf6b-5026-b656-dbea835f393f', '9f65014a-25e8-5d8a-93f6-eceb55b35f9f', '7df59d4c-8480-527d-8f62-ba8e1ae7a0d9', '323faff8-e81f-5689-9322-a6786459a29d', '531bc730-8b9f-542f-a14f-69882b72fdc1', '1700e4f6-7387-530d-9570-31f3081dc0e9', '5d0650ea-2812-55e7-a11a-c105df584240', '306f2703-234c-5fec-82ee-638e8211e37a', '9c143e64-bb5b-5ceb-b70d-28bab0676e79', '9f59ef6c-ffc5-5b73-83e2-4aa0bbb554a4', '40c607a2-8fa9-5ae8-bf11-5f034066d157', '4981e656-30b7-56e8-85ea-988f3f4301d4', '96893ba3-0a54-5abf-8593-9f7627462ca5', '54af8974-eafd-5b9f-90ba-b3c57cc082c2', '929b1377-27bd-5bf5-af84-8560dddc1a40', '56a93970-0e8d-5a70-99d7-5b86bfae10f3', '32579b2a-2932-53a6-952f-5e674cbf1b28', 'c0aab607-a7a4-5df9-b574-749c87d255f9', '9b3a25b0-31ae-5603-a74a-3728ce67b004', 'ab63a01f-6719-583c-bfe3-4edc61e5b724', '069ab2a8-d51d-5856-b01f-f1c7fb668791', '9e90862d-bee1-503f-b84f-c5931e97af6b', '276fcf28-fd75-5459-a742-6263eb3b963e', '73977b9c-5d0a-5f31-8b33-5df250150332', '52a1f3a6-765b-5eb6-975c-4fedeb2c5f14', '2dcdcdc2-73e7-5695-998c-dd2ffd07ca13', '8bddfc0d-94b2-56c4-a56b-68c2a38a7a86', '4ad772e1-0167-5584-9e7e-da344bfb3c7a', '7ad34104-98d7-5989-818b-edbdb17fdf92', '04c13882-5f8e-5cf1-9770-c7b8eff2d2ca', '89d7a9f8-e348-5cd8-bf1d-ad2822800dc2']"
0082ab3e-4051-5dd7-b9b3-8671a579a3ac,"['9c8eaa3f-011d-5b5f-a4ba-84ac626cc3ee', '67b621c5-7181-51d6-b63d-1e6124475126', '2946f05b-e468-5f2c-993e-557b64bc16b7', 'aa0a8cd2-e624-5b03-8a32-d4bdb24bad97', '642e002a-e461-5062-b380-c53201df83df', 'bbbce0d9-2664-5140-8138-53b0fd5621f7', '49b9765f-523f-5ee3-9ca7-d7cd0ff4b3a7', '95c581be-8627-575c-994e-2442798c2b55', '3e8c8694-c5af-5720-b9aa-e7a1680c963b', '7837568b-6222-533d-9e1b-f7986a963df5', '6fde317a-e29d-587c-a8a4-ddf71448664d', '8d96c19a-5603-5858-9769-2ac651daf289', '59ef70bd-4b49-5bd8-b66f-f6e8ce9bfe25', 'ba2738c3-bfda-5e51-88c4-3b304759dae7', '5eee1b13-620c-5fe8-8ba4-5d00e242cb75', '60128f8c-61bc-5ba3-8a70-6494ea85369b', '34659416-2d62-5d19-ba3f-05062d79eeb1', 'a09f561f-7b8d-5840-ac11-9cc3f555aac4', '25c3145c-dee1-588a-846a-c9eac0471a77', 'bf181842-1bd0-5229-9c5c-68b47c10125f', '7e4160ee-80d9-5be1-a89e-f4814db4a3e1', 'c2cf4bd7-4be3-55a1-bdc4-255bf493e105', '9ffe9299-a47c-54b7-8504-254170f1cef3', '2d1b2767-6f3c-5134-8469-9733fd45f4bc', '83e754c6-9576-5db4-83dc-90191600653a', '3d10dde4-74f4-59f1-b666-8b61eb06cd2b', '3a585fd1-17bf-5469-92b0-a9005b88e81c', '634978a1-23d7-5b06-9f50-4bcd6887b301', '986568a1-1e51-52d9-a379-724621e81f6d', '2f017b5c-4456-5434-b914-1357c3f6bdae', 'a94eced2-5127-5317-8387-a4e3d6883102', '7342d35b-67ec-5eb8-9a4f-c42c5f340324', '231190b1-6c58-5660-bc36-1671b878c1c9', '5453d94a-4201-59dd-8722-64d3e24694e8', '00bd5324-461a-5dfa-a307-84faa6652cff', '7729df44-d423-54bb-8adf-d95f209f3207', '82103aef-d9cf-5268-95f4-fd24cdd0a52c', '231edd0d-6ca0-5cfc-8700-2b04e2774aa7', 'b3225542-e53f-55af-9633-944322cbcd3f', '422545ff-d60b-5602-b4b1-648295fd122b', 'bb39d120-ef3b-5f96-b8ab-a973c5314fd1', '961e2d02-49fb-52e0-88ca-dbeb68aa3a6f', '83fb58bf-6ad6-5dbc-ae5b-1de364252161', '1706488c-9c84-51b2-85d6-a554e7163f6d', '0133c63a-0da7-5426-9437-e9bce4203ea7', '4a7aac59-3a33-54c4-b34e-7379687b5254', 'a6478903-adcd-5a70-b9e6-d493f1a6738a', '8a22587d-d7f5-56ba-afb6-96f93d706688', '02a9c20b-21d7-579a-a3a5-14865f1a9608', 'ad6f40b9-3e48-5894-8358-2df8d9efe405']"
008532ea-5efa-5d13-a6e5-efe3fce35110,"['7c43e376-6ec3-5da8-b0bf-b9cd5ee8cbe9', '49c6d2fd-67fe-5ea8-aa27-6d39b9c6c463', '0f849d68-8d9e-596a-ae99-5607e34bac52', '5452d67c-2d2e-5d98-9fc2-13a129b0ddb0', '213f92ce-67fd-5179-b254-a83fb04bfd18', '31299e0a-1548-5ef2-a48b-5b9f2a3dcc59', 'ae4c3c35-a7cc-51f5-bce0-0a9fbe64ecca', '2c8ea342-c2fc-5781-a3a7-6d2103db0705', '3e0f9e19-1972-5fee-bda9-0341262ffea8', '5faa41cf-f66c-5449-a69b-8702dac1b0ee', '6fd9e9cc-07a8-515b-9ffc-c26df53be08f', '883cc1c7-7753-560e-895a-07179f5be7e1', '7b174bd3-bc9e-55c7-bdef-87c269b2bdb4', '56aae91f-c20d-5df3-a248-49c6be0902c4', '7fcdb26c-5ece-522c-8b05-abb6b89d39ab', '8f456309-9bb7-5700-953a-2a610e50143f', '74468219-f631-5c45-b26c-728de452a969', '76756be8-3129-54ce-8812-4ce51c3734e1', '64866fa6-f2ae-519c-8ab2-54084814c767', '915c032f-5acd-5ed4-8b43-ee82283352d9', 'b909350c-7c34-52ed-aabd-e286ed12ed4b', '3bc9fd53-5a2c-585c-87f3-0baf7d1378a7', '39cdb16d-760a-5eed-9909-d8bbe64fa760', 'b2606244-3e76-55d3-a360-e59ad1c3145b', '1160c668-04ac-5a78-a823-d3cca4dde06c', '7b45e0cf-f27f-5c27-b8ae-e73c37eec6be', '02bdc507-8b02-5ea8-bf2e-dc06a80bfa95', '36e46093-7194-5f30-a69c-892ebd63ce8b', '965e6a92-3dfc-56ef-8eb3-c4e199dac288', '8a5c3f83-2bca-54b0-bb92-cce2bd06e7cb', '5bda3346-b70f-53aa-99a3-f2796434d698', 'b7af1a53-3b1a-5cb8-893a-4a68971ddab6', '81090730-dfca-55ae-8eb9-7c0c20a45510', 'b32b6422-0d5a-5b0f-a1d7-e2f915d43ffc', '4477ddf2-abe4-572f-b72a-ee164e887129', '479afdb4-24ac-5747-afca-a3ec35fd716e', '89a602dc-e6c0-56f2-b9c9-706d229f776a', '8ef507d0-efb4-5f1a-9cce-35b2c26cea5f', '77d3d839-74ee-5a37-b1b7-0c40617a0f2b', '334e762e-b15f-5ea5-9ea9-118e001fd29e', '9e143045-dc6f-56a6-ad57-6461ffc6cc28', '3f740d2b-a676-5896-ad95-57a267070886', 'b0b06138-da9b-5483-b1a1-7fb8f55ffafb', '767409fe-f676-5d82-aa69-21eae3163339', '428f84de-58bb-582d-b4c0-34ce12fd1dd4', '74a8fea6-c50a-5b8e-9322-a70bf5ba8add', '9a1bb218-ada8-5893-82cf-c94f7fd3ee68', '0ad8204c-9867-598f-948c-c803b6d686f0', '74223094-9edb-5d50-a651-17d93b1722db', '60600716-b95f-5610-99c4-d51081a9c1d2']"
0086721e-cfdc-520b-8ccb-2b91d7f51867,"['af7094fb-216d-53cc-9b1b-a58324a23a59', '855b9142-83e9-56d9-bec8-56ed5c95ab45', '0b761f8d-e903-50fe-b1ca-8ccadba75445', '065bc0f9-bf3d-5293-aafc-737f972b238a', '14c172ca-b8ef-5743-a955-9c7f0284d731', 'bf6a12b6-3701-50c3-b2a4-f1ac082a6428', '14688cd3-7d82-5f98-8389-1a44399efa9f', '520b6fd0-0756-5717-9d70-04c10818f463', '397491f2-6779-5adc-baac-8c9bbeb7eb2c', '1933cbb5-030b-5c63-9bfa-b0246b6312f0', '565e3003-8e00-560e-9ce3-f8ef694b9419', 'b266c069-f025-5dc8-b859-7dbb1ac3022e', '4debff98-589b-5e12-b024-2743fbe5c1dd', 'a977bf00-4057-5bfe-a661-9e3575f9a36a', '33adc9e1-4a16-5b35-92c3-0c0945f6abbc', '11150685-250b-5dea-bf32-bc2d2bd5fdc1', '66481a32-7f9a-59bc-a905-c92de6cf4a2e', '9f2fca67-07cf-553a-bb85-83d98ec91f16', '7f63a784-78f1-54cc-9cab-37e340d02160', '2226d8d4-19db-5bf2-b91b-55188fd20011', 'c0cdff9c-309b-5142-bb2a-138c82712ed4', '5e1868a7-a5d1-546d-8cc5-9f841f16987d', '6697df2d-ad2a-57b8-ae60-0761c0633eb8', 'a30ebd0e-4e97-5700-80d3-20e8e05594b8', '85576200-4091-57f6-ac6a-1847f0c92b8b', '7316c178-a0b0-57bf-bbeb-62fc655f3941', '0ce05479-08c2-5800-b8b1-7a6daf16d98d', '52a586ed-17fb-51b3-a84f-1f82e5ff1ab8', '9d96f877-a9a1-5a7f-8009-fb97966bfcbe', '292a97dd-b0d8-5eec-857d-34d72a88fa61', 'b8d48284-77b7-5c65-8d48-37e73d85c19d', '76c10e76-c732-5a18-ac29-4dfc061a3aea', '4591ae03-b7ca-5f91-b7cf-767d5a27871d', '9fefc800-4bdd-5744-a07b-c82b184e548f', '5d9464e6-93d8-5ea9-85aa-72618b2c013f', '77b67ace-c81d-54c7-8f9e-429be97e806a', '347eedb1-83bf-5240-a812-c3d27ce9732d', 'b1bb0ffb-8150-5973-9d2a-e2a5072f580d', '92dd671c-038b-551f-8102-a2b5d6008dfc', '9724a791-560a-56f7-8045-8895435c9ace', '28e2cb07-3161-5271-835d-bb0dd76a5cdc', '7d69c83d-3e67-5e20-a95c-477a84481861', '1876beb0-ac0b-5f57-b5ad-66013c4ff872', '510911e9-6ada-5a14-9774-569e46851987', '0de8bdc1-c232-55f7-b6c9-d38ee41f0b1a', 'bb385903-207e-5889-8e68-1dddaced9d25', 'b2764148-ef23-566c-a538-ca070165c029', '054fb47a-35d1-58ce-8635-57141a89b66d', '1259966b-581a-5637-a76f-b40b1872c95b', '09f01c23-afb9-5f9b-a093-3737a7756c39']"
0086da40-9e93-5fcc-a4a5-a5102c4db30f,"['93ce725d-195b-522c-84a8-a605ec143ee3', '41fb4ed7-b520-591d-9a04-36b00d979c42', '3e55e898-2160-5a3d-ac72-cf2c755c6999', '773cf3d2-1f99-53e6-85c9-72f807dbb89f', '910282ed-decc-571b-bdca-ca2104faf924', '24ea6f51-258e-5374-adf7-3e1245dc0a0a', '1ce31f49-c4dc-5d55-beb3-0f12f71cb55a', '56a7607d-30a4-589e-abf3-159a37ba3eda', '99dfcecd-51cb-5cdc-8f82-30f8cc02c540', 'a32ee600-5bd7-5daf-9546-0af08d1dff8a', '87c21c80-ef60-5bec-bc9f-85dc4c42dff5', '1921db43-435b-53b8-8487-c7b628109e05', '68cb4669-e3c1-5706-8dc0-a5f97ddb7efd', '0a27f504-0b2f-534f-80b9-263894659545', '3fbfdeb2-f813-510b-8315-8181fa24124b', '23cfb92f-a5d4-5b48-8813-883a8c63f10c', 'b5e01bfe-a63b-5b5d-91d2-53da865c5423', '61ee842d-5f29-509a-8aa6-81c603f647c4', '5b70eebd-7141-531d-9370-f83c9ef53061', '55298c01-c7d8-58a3-b45a-75ade70a08d0', '797859de-04b4-5d17-9314-f4308b2ca18c', '4ae7fdc6-c8f6-56d2-8e07-41416a26480f', '724d8ce8-bed8-5b82-a95a-dd974316f151', '162c4ec5-743c-5c49-92e9-1e595ff9b128', '7affaf62-ac40-5724-b339-c42d6db4c2a6', '83f1df52-d562-5264-843d-4e7c78c26957', 'c069696e-b0dc-5bb9-8544-9eb9bf83b17d', '023c7a43-aa1f-5438-8fa9-7361e79b3e8d', '6d270481-45ad-5885-8d98-51761329a01a', '230ebfb2-7d73-5ac7-a4f8-11520a62d326', '6e847a64-8afb-51f5-a0e5-1cdc84a45c72', '58f73102-9554-5d1f-9b97-864854f5089c', '6fc4cac5-53d3-5904-ba85-37edaea8b38a', '7fb4d522-a307-5a42-8c84-e65518f99b94', '41aa29bb-d2c4-54f2-80a7-6913c22d4424', '8eb25df5-9371-5ee2-b267-84cacb333595', '8ebbc628-7a29-5433-bf44-6208f4310056', '493cbd7f-4ed7-565c-bb06-496068eafc1a', '77540e50-ccba-555d-b17e-c68cdeb78483', '4455f8fd-6b94-562a-86d8-ab5d18e148a9', '35d00c77-aa41-52d7-8e91-82f6360d74f7', '73b07245-b2bf-57fc-8f2c-9301d2a2629a', '021efe5f-6fe2-5c80-861d-a76198c3fbb5', 'a767b79a-c207-56af-8034-a457140f42ee', '83b9ce7e-64cc-52f3-8721-229def0cfdea', '0c295217-d504-5d8f-afad-0db25685ae90', '6a702dee-4181-5954-a6da-3da30707e6f9', '816526ab-a0f0-55ef-9817-270f970dc3da', '195273d7-42eb-5705-a22f-2443c1190d63', 'b91a90d8-96bf-5c32-98c1-1778b5986e75']"
008720f9-c287-5832-a8e5-e1595da000f6,"['02f912eb-30a4-5600-aff4-0b57d7f3d43b', '856c6d04-e3c8-51fd-9c5c-0dcb8c092bc7', '19995f41-c5aa-5cf4-8661-35608cdb9d6b', '849272a5-8856-55b2-a69c-60b888b35fab', '7f756cf5-1be4-5e8b-a567-6ca9d93b446d', '888465fc-013c-5325-84f8-8d96b2014d69', '2e1cd2f7-f17e-57e0-a4ff-535a2944a408', '9ab2c89a-8c73-5f19-a0ca-25d3f414699c', '6f6c7120-955e-5a8a-b3c1-84e87e682259', '53961da0-492e-5e83-92c6-f9f3e72776f7', '933235f9-0c06-5102-9d6a-2f53a620d6d8', '4bed6b55-4812-5f7c-afa4-522408a10ee0', '600dbf9b-216d-53fd-9d32-0dcc1d5073d8', '8536d814-c086-5e65-a01d-f8d02750ffa3', '8259e574-2de7-52e1-bbc0-2d0f595cfe4f', '89add128-2c46-5e23-b4d3-b398a3e69aa6', '33390111-4699-5323-8878-778da11fa71b', '3e80cbdd-1b86-587e-8ae1-1d2953caa607', 'ad452dbf-d775-540f-9441-22e3724e3aaf', '4db97eb6-bd61-59d0-a188-de48dd68cba8', '5c5fc780-f2e6-55f8-af9d-98feb7049bb2', '6b97dde3-d14a-541c-9ff0-acbbbcb4eca7', '1a4327c1-f41a-5851-bf8c-81da056e3e8b', '507244c1-7d3b-5261-b23b-52dbb15abbaf', '70eab832-9794-5ebc-8c60-f17f7b140393', '18244d4a-48a4-5aeb-814d-38f48929718d', '57c711be-21f0-5b14-9c45-bcab0de036dc', '9bf1824f-ec46-59d6-93be-47d4120af3c5', '751476ec-e9fb-5f15-aeb1-f2dc2788529c', '9c275ac2-6fcf-5b04-ab35-d160086ddf43', '9141a2e4-bd82-5dc7-811c-8ac006d961f6', 'c4d6ac75-3850-526c-8a6c-13d8d9a09e9b', '756091e3-7033-530b-a81a-5c0c39a9ee64', '62e1743c-5157-59ea-89c4-61260a6ff492', 'b4206c74-06d9-506a-a75b-c9603eb5bc40', '54ef9df0-e6f6-560f-8e7d-0c95a86ce08c', '22682555-9666-5e88-ab1a-ec323d7a3eb6', '6f4e37f9-6db5-5ec4-a749-953579aaf350', '83ce3b26-f07d-5535-aef4-c9290550ff10', 'b5dea763-7759-50cf-b729-758d95245fbd', '3e146d51-3eb3-5637-9cb5-66b5a62c15d5', '08ddde17-9f32-52df-8f5e-e9419da97ead', '3f8229d7-6762-5e0f-ab48-39737b2cfe6b', 'b8adfac6-9ff6-54ed-98eb-336d7d9dbf61', '527d6b27-77dc-5043-8c6a-88347779cce2', '25bf30b4-ddde-5576-88f9-7d2b64f5e70a', '2137c509-d9c0-574b-8e9a-b718e9b93a12', '48c01cf2-7f81-5d58-9d65-584dfba96a28', '2b5f37eb-e0e9-5961-8a0a-0ce73ab91cd0', '74b5761b-cd78-537a-8a8c-752cba6183b3']"
0087236d-9a1b-5099-af4f-75d4c9bd7c1d,"['aca1b7f7-3bce-544e-b27c-395891943f16', '32b328d7-f397-5e34-b6ed-995962d9e5c7', '1a9ddbdd-dba3-5d77-acc5-587e37c9638e', '13ec67e6-f198-50e3-82c0-236d171de422', '6bddc575-f0b0-5585-bdd4-a1ed7de39e90', 'bae772aa-dde9-5d35-9529-5af9c429af31', '7ed0b976-633f-53b2-a4ca-4400afb44bcd', '27d0d11e-3170-539e-a55f-7d8323509aa1', '7c5fcffa-e440-5c59-957e-4d004c1715dc', 'a3ff4c98-4f8c-506d-89e8-d2e8b431a0c7', '951ccafa-eb26-5d54-81e3-95830d3eab63', 'bc8d59ca-9cf1-5203-b2ae-6d44b6af1d31', 'a6051e1a-56df-51b1-8318-ec3d7da49a85', '768175fa-c3a4-5298-b74d-279abda65f19', '10346b51-05a5-5ffe-8873-1b5309a89426', '8d86c08e-8de8-5551-9baa-88289b5d0003', '5d3cd41f-dc74-59c3-87dc-83ee500a35db', '8b37ce00-9ede-5051-b410-d3150be04824', '2fbb8538-bfab-5033-a828-fb3546991416', '76852677-4eaf-5a77-ba19-5e94793aebda', '286e70a3-6f24-58c0-955a-dfb7a7cf1ac5', 'bb5db01c-fd69-57f4-ae67-3dc8ee68ee8d', '223067ce-20bc-50b3-80cf-914151098efb', '66c66fff-4801-511b-a369-9058e7bdfed0', '18d6d09f-8e4d-5f12-b1b8-b512ee5c8a07', 'c17e4f3d-53d6-5d51-82a6-310142a4c976', '870c37fa-59d5-5dda-a25c-e07b44e32ce6', '7bbeeab1-3467-53c1-917a-b50e388fb7ec', '48f8a521-6ec3-5645-8155-641566e14a35', '533a03ca-cd3b-54fa-b478-64e7c2621e2e', '81eb59d5-9502-54fc-be60-8e0b1f49e044', '70c2e836-aec7-5ca8-a243-9b92bfb87faa', 'b8938e3a-0de1-5085-80ab-903dc3506b2c', '3dab3973-99fa-5936-ae77-929422cad812', '4a7c719b-d424-5344-91b0-0bb3743a9fc7', '9247bbfd-1625-5be7-b4bf-6c367342e72a', 'b2e8f1cf-0b56-5fbd-8fdf-9bb26e3f1825', 'bd98f650-ea6d-50ac-92a4-67e72121ad34', '4daac38f-a046-5703-ad8c-80a39c1083d1', '5185d0c4-80cc-50f1-b472-6ef960f347d9', '5c035ef0-3476-53f7-8ba7-abf2254ce3b4', 'aef149e3-866c-5e82-8817-ff64f78eefbb', '9ff56e17-c065-5aeb-9d99-4228b4ab4c71', '097fb94e-89a0-57e4-8e8f-e67385f45805', '5f7bf0fd-4d2b-504b-ac3c-9eca0e4a59bc', '6834d440-e8a1-5496-8806-76da0d1e9461', '8c73ebf7-a01b-5ba3-baa7-337714ee79be', 'c59e4aa9-c475-5bee-ba56-0eecddefae21', '48203cc8-9b46-561c-9d8b-bab685442ca4', '9a6aaea5-72d6-5516-912d-9b8a3d08a593']"
0087c38e-87b5-532a-a40a-f41d38226e9d,"['9e674abf-812c-59b0-a8cf-1bd5c8b20e14', '70747a57-b00c-5113-8ef5-f4ac196cd5ad', 'a8abe698-d84b-5ece-bad0-3d4404463274', 'bf336b36-d00d-594f-96df-920924c4a421', 'a6667863-865f-517c-accd-f845391470e3', 'b5100e77-86b6-5cfc-9b2d-cb6ad9e22535', '198165b9-36a4-5e23-9117-01dda730f76f', 'adc853e7-b30d-55e5-a74b-17350cc5598e', '0c153eaa-5d28-506c-b6b8-c8d570622117', '16fd601f-cd25-53ae-87fa-509fd9b6d78c', '21ea033d-a92a-523f-8d34-9c1299ed2de4', '0721fe02-0a7b-5bc7-9d6c-354032d9934e', '374d28ae-9471-5a3e-a6f5-b7cf59cf1c5c', '6c11252e-f1bb-50e9-983e-1524682dd2bf', '8a568a56-7ce8-522f-8fbb-f03d1c7029e8', 'ab7ddd85-5d7b-509d-95c6-62e8c7bd5fde', '76f5ffe1-523c-5d27-9c76-9bddf5e27d88', '81b9db80-8604-59f7-b252-3a097bbb18e4', '9b8d0341-2c2f-584d-a965-ee5de0afb32d', 'b4dca861-26e0-5c3a-b6b5-fe595ec1608c', '01f5f0d7-c274-5da4-9f0d-4de6bad0edfd', 'bbebd735-a2ef-50b8-bb52-b8599cecd8f8', '317b77f6-932f-596b-aa17-d6059f1b0d32', 'c29b366f-c616-5ef6-bce8-404ff582c357', '75bbedca-51be-5412-a414-936f61222e1a', '00386332-298b-53ea-8d7c-d8c36dc26a3e', '220c2316-b1c0-5a96-866f-21787f6efb80', '06bbb928-7648-53ae-857e-11f401ce8c63', '1638da88-37f7-5707-8f80-ada847143a26', '58734954-a967-5fc9-b234-c8d00e76a454', '52c03381-a25b-5a03-b114-21a08e72ff82', '357da92b-c012-500e-a80a-5488e738313d', '733b6291-e442-5197-b5fd-8ce53ea9907e', '1c5aa37e-12c7-5720-8500-c7ed2d27379a', '73109597-613d-55b7-b337-479fa909b61c', '93792c40-e17c-544d-833e-0b27c2a1b374', 'a6b90a81-76dc-534a-a2be-83521565d25a', 'bdf4d1f2-a80a-508e-9d3f-c8f32c41f4f3', '5df4c2e1-504f-59c6-9e0f-f2b8a0addfea', '58a2dee8-6668-5b17-82b8-bbb949676e62', 'b5c8b928-5df7-572c-8005-4255e10a591d', 'acd56ee7-a5b3-5128-a772-4cc11f1c68cb', '87eb1ace-cb3b-5f69-b596-6a862b87b09d', '89f2235c-26ea-56d7-832d-9ef3df93d367', '5aa1f374-8960-56ed-a0d9-09a1c3496672', '6c275b52-c3b9-51dd-9d9d-7f2742de72f0', 'ad41e94b-5fc8-5a4b-b0d3-c450916f7930', '457ecef0-c886-5d79-aa38-40824b427d8b', '5c33fad9-fd68-5ac7-9005-d0444f7c8416', '32a7c478-74bb-5bd4-a7b3-1584b4d39fe2']"
0088486e-3793-5fcf-babc-32c670eea692,"['8d639d15-c238-5abe-8aac-a9b5f9de36d9', '4a6180f9-3fd6-55bc-b146-00f9ca24d480', '279a0095-6f53-5b49-94ba-cd0b00f45b2e', 'ab7138ec-6669-58ad-8be8-3c6ab369faf6', 'c36e1111-9b87-5ff0-bac6-439dd4d89b32', '73eb0d71-08ab-5289-9bad-8248d4764af2', '1555f44e-2e7a-53bb-95cc-ceeb39172df3', '8be0cd8a-9f71-54b2-a30a-f4e186342970', 'adc045a9-fb62-5014-988c-303a98bd5f08', '915712e6-df42-5879-8aff-363346f8eb14', '5e8b0aa1-7a86-56b2-9207-7ef471ec5c8c', '9c340a91-d1d5-5d5d-8651-abd5624a61ab', '298325c7-e5b6-5d82-95e4-5e2c39e7f50f', '13346944-1b68-5ba5-be7a-2915324b618c', '32c4decb-fd51-5cfa-9b94-788e0a6b8783', 'ba1f952f-9c0b-5c67-9f99-eea223fd2606', '11ddff33-aa32-5238-9098-7f38fa2fb057', '1b397e6f-4f1e-56b8-9400-3e8e89a70680', '7b4774d7-e515-575f-917b-bc22f015ec95', 'a81eb031-36cc-5dc6-8f2c-e0108a0cb1a5', '848d4a52-7229-573c-8548-75885d293cba', '24b13e6a-c47c-5c7f-819c-1179804955f3', '4ce1d6ea-8028-5164-a3d0-e5176bf62527', '8d271865-1622-561d-905f-fbaa88de239d', '30fd3b4a-5115-521d-b267-52a6e36d9b5d', '51339712-3df2-518c-8736-58c531ce83df', '64252094-02f8-5064-8247-1574d101e319', '0475b086-c655-5ae6-967f-c84de738605f', '61d6eb86-c382-58bc-bc94-04cefeda0cef', '47a85f18-a5ed-51f1-b3a3-fc2d1d96bbaa', '3e41b647-3dbd-5892-a2a1-f212f6aece7c', '3b044187-fbb4-5116-a490-0d9b67c35e80', '4d14d741-e060-5aba-bbd2-6a8c9110ef0e', '94ee3190-bcad-5b94-9307-96ce94a4c23c', 'a1cde5aa-b375-5072-bfb8-a2922529dca3', '368012b1-b6a7-5f88-8cc0-89b0f1983498', '88307298-02cc-5288-804c-92aa305a423e', '51e7420a-ae69-5536-becc-97d203c2cca2', '69f15422-9ba2-52ac-978d-b72bfb3a66bb', '8e3ede8a-9e9c-5078-900a-21bd155a73fd', '4a915258-d2d8-5e30-a32c-da97943bfa4c', '3371281b-31d2-5114-9e07-6b3c3161234d', '592b603a-2582-5078-ad4b-0a391780272a', '8e3744a4-c672-5845-a165-c1e5eff32763', '3b15f638-a39a-5500-a163-01882b0449a0', '2effb2de-c0ec-5ad5-8680-6efe30eb988e', 'b6f6e1d0-b62b-5017-a258-f6ed64f0a6a0', 'ad71eb42-7d2d-5240-839b-f0521b44fc72', '4ebc4540-f45d-513f-a34e-0e8a00d53a80', '241d9556-fb02-5ba0-b3c1-f7b5c1cc707d']"
008be4b6-c47e-5cfd-ba15-1d55856af65c,"['9023dc8d-c08e-5c62-8376-850c8e22403b', '4632b20c-a7e0-591b-8a85-eecf85fecbe1', 'a280adbf-9360-5db3-b4c9-aaabb44986bc', '9a4766ef-aa73-52a2-b573-2769d4e493e4', '7ca80826-4b70-5e64-855d-6bafc172d460', '003976a3-afdf-5775-b445-bfca3b680c0f', 'be7192ab-d77f-5f68-8c86-51da57859f16', '7713c7b7-c80e-544a-8b94-234aa4ed808c', '6f71e3d8-8282-58c3-8cdb-58afb90edb31', '672e0c05-9fde-5ac1-bacb-48b1658fba99', '57f7bc81-2916-5455-8041-f6d411f22bd8', '25a8855f-fd71-5007-a397-496fea4e261d', '23c3b7d4-1e00-57df-869e-042abc2d628b', 'a296965f-2863-5362-8c91-a6c024c83dc4', 'a5fefba5-6c2f-5674-8f81-78ffb422fe8f', '3f3bb069-5b57-5831-8445-cff478e41dfc', '0b371e25-3558-54ad-907b-dbad40dbb6c5', '92727689-77eb-5e74-bd95-92c9c396a30b', 'a7493627-a048-5fd3-af5a-fc8ed43dc870', '3aea2813-4e3e-55c4-b9a1-e6548092b340', '32f0588f-979e-5496-bc07-0985e84b79c0', '3af92df7-b870-5764-9d26-50ee554d8319', '3b619de9-828e-55c9-ae24-0d88f9f097ff', 'a01decc2-5619-5770-9da0-7fff9a4e429c', '12fe062e-8158-5de0-a574-4f494565d05b', '50a182b3-3a25-5d63-b6cb-707cb731276f', '89f40678-dd5d-5abb-9ada-35a4cb940fbe', '5d02b407-d5d3-5649-aea2-977b84b1f1c8', '0fa658ef-a539-5678-9ce7-7129fc1ca7f6', 'b424c7a8-8f6a-5d3f-9e38-7962e1ba078a', '5900d2ea-cc93-5094-9747-df43c95386aa', 'c6f2ee57-40aa-5a45-8ff3-0168800a6996', '17e123d0-3eae-57bf-8e08-2b409ef24b5a', '07db7214-c8cd-5ced-9a82-09e5d752ef79', '97fc4412-4732-5ca6-8009-1d036c46ea96', '7791fa51-3d3b-5057-a5cf-9fd812514498', '760d4e39-e710-518e-8230-c5901d19cd93', '45e99dec-2b63-5cf6-bfba-59d4b0f48703', 'bc464c86-f367-5236-8751-81e2f58a5b5d', '72ae6a19-5183-5cd4-9395-67b08bd0aa19', '3480082b-414e-55fc-a217-81df6180bd41', '94617284-855c-5152-ab4d-bbd138c88780', '708d9393-5423-52fe-89e7-c99f08b8f5c1', '35e63596-75ea-5fc8-bebf-ef0123eeaf44', '5d9ce128-be6b-5102-b4cb-716846d1b0c3', '48468a84-48cf-5346-abab-04cc3e1bb368', '21fddb2e-81f7-5317-a52b-5582831d8638', '1090ed48-13b2-59e2-9b8d-0b529fc9d455', '868896b5-0a6a-538c-b39a-11b4e3d7d3f4', '7a616ee8-7626-59f8-b5ed-e1f942147d93']"
008cfa17-8b10-5f92-9156-65d9af252371,"['1ad9c2fa-d232-5466-9d1a-3bed0c772752', '19f16502-cef5-5760-b336-34edaf790a1e', '481955f8-2996-5b13-bac5-09716b1b34b8', '91384782-49c0-5911-8805-b6b113e4183f', '3560ea68-5d12-5811-9f36-f1f00f26163c', '449ab87b-d467-548f-91ce-075f52685e52', '9116bf91-c5e8-5362-a756-154ccc59c83a', '49b820d4-3187-5001-8989-347808cc92cc', '5a32e31e-7a4e-5da5-abb6-9469a86361d8', '05ff9491-9f89-5f48-b817-bd3b5e582bf5', '6eaa365b-1df1-5c41-9676-af27507113e1', 'a894335a-fdb7-51b2-b636-65f85a4fc622', '5f76694f-93f1-5343-9bb1-6c86d0b57e74', '876b88a1-b415-5788-93ac-d48f931cea31', 'a1863246-ab0a-5267-ac68-1baf947e0eb8', '2ebc72fd-03ac-55d8-830d-62cc3ebc33e6', '05cbf435-e761-576d-9f40-479233f3fafa', '2cfd1301-2558-5c7f-855c-984d1c129905', '79dcb792-5625-50d3-bfcc-4113733a50ba', '4d2369a0-6dcb-5fda-8b1a-b2fab9523b47', 'c1e0c17c-bd3f-51a4-999e-61dce8baa0bf', '75a5fa87-059e-5602-8576-749870003dca', '357f0619-3d05-5c73-8ee9-6309ac554547', '8a86a9e5-ab66-5012-b031-12cb167b4521', '222dbbf7-8542-510e-a8a7-85858ae8f701', 'ac57ff18-ce2e-581b-a778-7b22b40fe34c', '40c950e7-61e7-5fb0-a2ba-3c48d12c14c9', '4fde4fab-b102-57b3-8cc8-bf374fcafc84', '4c3eb66c-d287-5e28-bc0e-f1893b2bb105', '245adf60-46f3-514c-ae8b-263a3566ca13', '097a6266-f588-5d9d-b200-224f6565f66f', '70fd7914-8758-5d02-9501-64615a368968', '9ce2e2e0-fcdd-5a04-a010-d6a5c99c0156', '71361979-5afb-5c1b-9bee-1ef3ea2a2ea6', '30c19b84-d794-5c8b-9b82-6e4522f0f108', '3ad0a9c9-786b-535d-b21e-e4040d514ef1', '56478651-1c57-5cae-aa41-7a8223b06aaf', 'a997ca93-6c19-56b1-a53b-bdf94267fc55', '90c147a6-bb7c-56d3-aaa5-693d44302fbd', 'bafbaeae-bc4b-5a81-b1e8-e08b259d33db', '214d2d15-759f-5906-a7f8-450f5fc22d0e', '1bbba91e-d9b1-5fe8-ab08-d7c53325ddba', '21444ec0-4ba1-5e0e-8501-37d84d656920', '31e889d8-5032-52d0-983a-4dad4a0ac6ed', 'b5bd77c8-d83a-59de-9364-bac429483aee', '1197d70f-2a30-58e4-bb06-9a7a488c60b2', '906b8f92-14d5-5822-9000-5fa40dd019ec', 'add29f53-544a-5694-bf63-fbc05e790958', '8706dde2-24aa-50f2-ba25-9f01c56ffeb0', '77275dfe-2b05-5552-84c6-800bb2ec0c67']"
008e1053-336e-505d-98f0-e0480c1b2195,"['46cf7765-9232-5333-a507-eb200b40a2c7', '93439f28-5432-53f0-b738-d8a2984f983e', '3bd10019-67b6-5b8f-b072-c5105afdfad4', '6b08cf2d-20d3-5ee6-ae2f-b10de9e64674', '9431b4e0-a9cb-556e-b05e-7b9767ae1205', '3fc99716-86e5-5980-96d8-bfe9f720b641', '6f328d0d-f627-55f6-a0c2-a261009573e3', '607eb69b-9388-5dbd-bf01-1faf36cb8041', '0ad9eaf6-a895-5b91-88ba-8c78b6037cb0', '05ddd176-4050-5517-b930-bd3fe81c8df6', 'b8d58d1a-16e6-50db-a826-0d32f122a555', '0c67bd7b-763c-51b7-8298-d8dfc1bd471f', '334e8208-0b6a-526b-9948-365147e49969', 'b66a8813-b7ea-5f88-b80c-2d2de7146218', '393063b2-cc36-5ba8-8f5d-fce1d086d43f', '644d635c-1943-5200-ac85-bb06b53e9d5e', '72383cfa-5443-5a9a-9252-247365b450de', '089719aa-9012-578c-8421-03d80b355a22', '6cfff0de-4c50-5e58-bb98-7c22e0df3041', '9709b2de-40bd-5611-9824-46787dc0538e', '296ed1ae-999d-59e8-8edb-5715bb214587', '68da2e6e-f8c8-59df-ac58-673ac8c3433d', '740b5fa8-9195-506d-9879-0267ab347578', '2cf394d5-dd96-5506-9ab7-3524c6931bb5', '4baf0786-bc0f-5785-82b6-cfbd70adebba', '4ce9e665-ecfc-537c-9733-f8d6d048c962', '0a1206b7-2864-559b-81f4-3b692be31c5e', '47858e03-b31f-524d-a36c-236d4d2d5e18', 'b1cbd0d5-5462-5134-9c6c-41acdf724dc9', 'c30092c5-79f6-50e9-bf6a-38ec5269644f', '6d82fa67-b867-5237-a5c0-08449937e5da', '5e39a45a-9a53-5d08-a98a-2fa4c2a2de85', '0d5b9a09-b400-50b6-8fef-07607a944ed1', '9ffb0838-44f6-5eb6-aa8a-0c5dc8b802bb', 'a86901d9-786d-5958-8589-19c8c9996081', '7b15cbd3-3516-5fc2-88cf-101bb4a2e384', '795a7dfe-949c-54ab-ae06-86ffc4da841f', '74a28c1f-9108-5471-88cd-b207f6a78b98', '6f64024a-0ee7-539d-a425-881103c11cc5', '0a19bb7b-38d6-5669-a8e1-5462578891b2', '9e780ceb-1a3f-5ef7-a444-351633e6d3a8', 'a8447943-74f9-5714-a42e-85e12b8f5e36', '50ca7cc6-b233-5253-b49e-0bf0d1529eff', '4a92a637-f275-5a3d-890e-8045cb7c4594', '044ebef5-383a-5a9c-8d61-2860ab471ea4', 'b81f1770-417e-5680-841f-60043ad227b4', '0b6bbae0-8cb3-5d70-bfa6-f35f0e17658e', '7408dac6-2fe6-5b84-b4b8-84050ab21546', '8089cb1c-c396-5b9e-ac21-f24540764105', '0c3f2b98-cf5b-51ae-a369-3db580b4d299']"
008eaf9e-5f2f-5950-a8fd-cd2c936f2233,"['16702cc9-c549-55b0-b9a6-f32a59e42614', '8d1d4c48-3a3b-59e8-aed2-514928554e8c', '26212fdc-5f9b-55f6-8979-6da6224bbb4f', '83df4499-5d0f-512d-95ca-28984c523d39', '91332817-5190-5d93-a565-d637512fbbf6', '1b0a3d49-f6e8-5ca3-bfba-5fb3a37d3992', 'c3b2b379-e8cb-5367-87b1-a3ef64c5f4d1', 'b2b6fed8-6dc4-5d5f-bac6-3bd3311f91dc', 'aeb60162-e340-56ad-ae99-0a62c0511797', '35922f42-b83c-5f62-894d-4699faf6f8d6', '8f2b1bea-1f78-5ed5-b8f1-11aacc1bb26b', '3c92339c-1217-5a4f-874b-4636941aa263', '0de8bdc1-c232-55f7-b6c9-d38ee41f0b1a', '1a14764c-e3f2-51b8-8bfd-0d6260ceb4d3', '42bd1e1a-3965-5155-9a51-ca5656909f15', 'b2ec139f-7566-5318-aaa4-fd06e68aa9ec', '77e39b0d-1e87-5b7c-90ee-95d3a6af8be6', '275d1e2b-249b-5931-a7dc-752603761b68', '084bdc8d-c358-5ca6-a127-e1b578de4687', '9c7c1e24-5a75-50b5-83a9-83ef7198aced', '1521de11-dfeb-5aea-8878-4ef58dfcc098', '225ac0f4-a57b-5bb6-bb65-05010ff5520e', '62f60b38-5866-5358-b7e6-ebed49a4b3e9', '303a2915-acc7-59b7-9ae3-edcdf9380834', 'bb385903-207e-5889-8e68-1dddaced9d25', '3552d9ba-f793-5ddc-85f9-311f442b1739', '347eedb1-83bf-5240-a812-c3d27ce9732d', '55085b14-12a4-5998-a4a9-c6205dd5e666', 'aa69b6da-1dab-590e-bc9e-543256046bbd', '35019455-e0dc-5fdd-8aef-aba5c132f817', '5741c433-c4b6-540f-b05a-83dfa682c32f', '70782d35-ed1a-5c65-b2b9-28da35367b09', 'c26033ee-9d04-51f2-8116-120ae4102b5a', '3b6d973e-c4e6-54c4-8634-40a996cdda34', '2a063a09-450f-5ee6-b41d-fe790b5f3033', '77b67ace-c81d-54c7-8f9e-429be97e806a', '68740db9-f1b0-5bdb-b94c-44f73d13ecaa', '547253a9-0e57-5459-8059-39847f52e2cc', 'ad7386e6-0930-5b73-afe9-52d98867c98d', '00cd7ba4-0c9f-5f2f-a984-685715f7c222', '3b47e43b-bd40-52a0-a5b9-2c4c79aa1b6a', '45259aac-596d-5afd-9642-12749ba05387', '1c0984c1-ec43-5932-82f6-2294a1ff411d', '6fa45cac-dad3-5975-9779-86764f08a845', '9ff1cf41-f7a6-5a4e-b49f-cd823cf9976e', '76c124bc-be28-507e-84e7-cb04e385a519', '09f01c23-afb9-5f9b-a093-3737a7756c39', '1b8541ee-0aca-5c24-a768-7ec76a21b21e', '1e6d8597-6ea0-577f-8b7b-7e410ffd2da1', '177662bc-6051-5cc0-9601-0a7f27bba64d']"
008ec81e-3e08-5c9f-b80d-c4ec7a64517b,"['9b3ce742-ccab-5de7-b932-bb2feadaf57c', '1f8e4ebb-b7f2-5a7c-a2d8-eb7371dc5a6c', '56212d91-f716-55e2-8a92-b243219d5d5f', '563c1a58-3a2b-5b9a-a806-febf2fb9674a', 'b463d3f2-1cd6-5de5-92ee-3a9e62936996', '763f8276-fc76-5d01-9f7b-22f50dea00fc', '2b9c790d-6988-5345-afe1-1dfa7a359d20', '30ba1165-6787-58b0-a4b8-018df0dde672', '33fee75b-8ef4-541c-94c5-c43e18db6814', 'ad0b8964-b51f-5394-93d3-de68f1cdb288', '704dc27d-1941-52e9-81c0-c6b3ed775d3c', '8c41b1c9-e62e-50f2-8a00-2986d735e9ad', 'b7671dc4-7c44-5a10-bf9a-4f69f7b895be', '2be52adf-e1c9-54f1-8312-c5acaa4ee412', '47c6c2fb-838d-5505-8b0d-3bc3c821bf27', '91c8e716-87cd-575d-a906-310d3e183893', '23e91f5f-bc11-57ed-9b02-9fb325b3daa8', '7701c4f9-6588-5ed0-9cde-45895c5c2f09', 'a8e78eac-4d02-5e27-adb5-1f3eb14035ff', 'bb10f1cf-75c8-56a9-9c1e-796b2ebeed72', '9d26e456-6c90-5e10-8967-850141f98b13', '027eeb6e-2064-5188-99f5-6337ab77f154', '27b4d127-5aeb-56a0-8766-c50f0cab6165', '8294c1b5-c49b-5c0c-ac35-d9d07438baee', '3d1a827c-fa2a-591d-be15-50603ee771a5', 'c731cb05-088c-519e-9651-c3a5ce3a01f5', '5f782495-c534-5354-81f2-68a1b36b97a6', '31d8b060-7ea6-5d66-9ae1-8bc6565faf22', '117fcae1-e840-5126-8fdc-e9e4f694e331', '703963de-d77d-5715-abc8-32bb2b63353a', '696c36a3-267f-5b52-8455-0a521d7271cf', '298c90d5-04c5-51d5-bb55-57891590c194', '87891933-44ba-5070-ae1e-f47195e1a4f1', '247f8d5d-d6f6-5a25-a66d-11d372322962', 'bab42ac1-e239-5f9a-b1e4-e1f94a0de7dc', '1d1d8298-280c-553c-8ea1-98c851a2e4db', 'c2243f69-af3d-53bc-8bd5-df3ebde4e720', '906ff548-d5a1-562a-b6ae-bfda30df2ab3', '5d255df7-9900-53d2-b358-4872f2a8c507', '9cb08b12-65ef-5a12-8fb4-36d50826f180', 'c5cb89c6-02f9-5b21-810c-14dbb6ab0306', '27b95ad7-9e0e-5592-a20d-b20c9b0a714f', 'a1127b3a-e68e-539b-91c6-c7d33e900a2e', '4a982497-abc5-564d-92df-c5270a2e9d2a', 'b6c71b79-08ee-5572-a110-9d236c9196e2', '95aab7e1-9719-59e2-a463-e71985f07636', '8d5d37b3-a05f-5fd8-8fe2-5e0314506e66', 'ac53c311-5a2c-5c3c-98eb-3a26e53ee5d0', '7f047eb8-88a9-5548-be7a-5289b54a4aae', '23da190d-3448-5712-b11a-beb139200689']"
0091a4d1-97ee-5de9-985d-1f6b030ebf57,"['3f5676a9-b3e3-518f-bc11-8812bd24060a', '432392f1-a735-5493-a013-09d8e2afa79e', '2216a2fd-6003-5d43-8862-40b18113890f', 'b7757735-4eaf-54f9-914f-f56a01357d7c', '0218d814-dfa5-52fe-8a22-41961db6c936', 'beca17e3-d5f5-5062-a53c-31d8858bef18', '81ae0660-16f7-5c1b-aedc-b7af47fcb3b9', '22b3c7c8-6c70-504e-bdf0-6eb2136c6272', '2b17e21c-3d1c-5dcb-8e67-6802343f9b80', '4e16e5d2-6e4e-590a-8057-c5ae18592cdc', '8652fea1-6e40-5926-82a3-3238722bb2a8', '5082cfa3-19d1-5a13-89c9-17bb7fac4035', '7e1cbfdf-4d63-5c9b-9e57-3ff6e3340c7e', '71b8b391-f7a2-5c3b-b0e7-4ccd56057cd1', '6738f112-006e-55c6-a75f-dd2c3aa8c6ef', 'a153fd61-90f0-5943-be2e-d4505b66c316', '3a0f4bdc-fa25-5e7c-98d4-177b18a8c3e5', '70a1953c-ad3d-5afd-acb8-d2ad46d90904', '770e4e35-0bbd-5bb3-86df-2c478c1aca4c', '29a88215-eb80-524d-928d-2fb35a4c65d6', '8e56728c-c17a-5dcf-ae51-7677a1c0ba6c', '14d33225-b1a7-5b97-b02b-6b6ba9346362', '8979ecf9-8dd5-56e5-a15e-264728d0ea33', 'acdb6095-fb94-5568-aa49-e76e227c5973', '78a70d45-f51d-52c7-b31e-efc9b8cd5de0', '7d191c80-1f74-5cb8-8391-5c99faf003cc', '90a4d813-a7db-5a95-bfcc-572f8ea1003b', '67e6c8d6-5cfb-5475-98f2-daf616dba880', '1f3be929-998b-5812-8c06-da7d94793170', '3fb26b43-5bfa-5478-8acf-3b1c0a8d434f', '8db215a9-8182-528f-ab34-2e0dc30b2472', '19603aea-cecf-5368-9845-fec69318b4ce', '39d89ca2-6848-5f4d-9673-dee3cc48eea3', 'bbd51d91-8419-5843-9947-58f88073317b', '903ff2f8-d408-5cc8-98c8-be87b3b7787b', 'b0ff033f-c58c-5331-9cf0-fa9e330b9dac', '3f138791-ead6-55b5-80a5-cb2f4a628af8', '1c8e0af7-f329-5e3e-816f-1256cc44b992', '49cbb84f-b354-5466-b8ef-fef748999645', 'c216d8de-4031-5775-8692-74fde5ba47d7', '1160e252-bd4e-5da2-8d03-c883c9e532ee', '4ec58b1e-f629-59e0-9b64-dc94f0fe6dd1', 'a6276e19-1bf7-5d32-8893-e7822ca0605d', '0dfb332c-00ef-5b96-b8f7-04aa285dead8', 'b4cbe212-f576-5017-9420-2bda89113c66', 'c75efd38-63af-5f56-931d-fbf67a7e006f', '737aa75c-3206-58e6-8e1a-b10854921d24', '6c84277f-290c-5723-a7cc-ab41330d2689', '1c315e55-b8ce-58d8-a70c-f126510ed366', '046b0e6a-cddc-5d2c-861d-8d2a4aa998a9']"
00925cb8-73f6-5834-a606-342c70394ecc,"['9d58d7dc-a2b5-5fae-8339-1ba826592026', 'bce6e4a9-ba1e-5bde-a824-8f61e99ad5a6', '9a5d1e58-3839-5d75-857f-1c95db5d447a', '6cf215cd-5e04-52f9-b8ce-3aff56601739', '93ce4e7c-67a3-57e7-90df-17b360bd7ee0', '1867b881-8af2-52a3-a9c5-9955ace2bbac', '4d3e0a29-2548-5c81-a294-b4688987a9fd', '0fd8c148-c8a2-5721-9787-9a2e55e59170', '7efbc0f0-7de9-5d68-b2ac-343bc4f21718', '568bcb1e-cf66-5cd9-80cc-c73d1a092160', '656725e0-88a0-5b5e-b68f-bcb216d07357', '7f17d74f-bf2a-5aeb-83d7-b3c3fe088fe5', 'c563eda6-7e74-55e2-978e-80718960b187', '747d3c4f-046a-5fc6-b04d-a5f0b9f6c8b3', 'b83f825c-26a6-5e7f-989f-b337e6ddc08a', '52e44794-6dfa-537a-b92e-3afa61328a73', '835b3aa5-888d-5bfd-9ba2-d7c92453c9fc', '8eb7d69f-f5b2-5eda-a81c-5ab47490a093', '88b6a1dc-c3a9-52bd-8094-abf793ade7a2', '3728cb5b-17f7-5c50-b694-5e399c548906', '4da74556-d9a4-5bab-b044-2cf6acd08b44', '4d23aa58-dad8-52ee-9544-e12c1c3ebddb', 'abcb5824-969a-5ee2-9d9e-2b55e2593d00', '363b17f2-b864-52c9-a763-81a6ecd0eb12', '311aef27-d852-53c0-aa72-39d09ac23d0e', '0978e201-163a-5cc5-91b9-b1a468366035', 'c0e3f913-ebe7-529e-8c49-55c69a0a876b', '395e40f6-2336-59df-9d6d-d3266793fbe5', '0bb21264-6c5e-5451-9235-be33b5da56b2', '50696bcb-8bc1-5ea4-a172-02eef74a16d5', '9f058f67-7e67-583a-9f03-aa99105f503f', '78eaadc0-a011-5acc-a899-9fd5336ae6c6', '2d208b86-740b-5a51-8229-4ae523e3eb8c', '1bf8a1f0-9ba0-54a0-8092-8e83cbb40767', '980242d1-5103-5857-9764-6deb1fa99e05', '345072a2-c913-5e4e-9146-262b4ec1308b', '67c44b87-2a18-5446-adc4-28ab5b0c3d86', '1074c43c-2539-5ea0-a57f-4521cc4a841a', '95591f69-f0db-55c7-bffe-9d97f283eae3', 'b670062e-6cb1-52bb-81f7-8a6fe3a602a7', '7f4f6748-18f5-52e1-bba8-487aebea118a', '08e3abc4-a58c-5ed7-bd54-606062e71269', '5336f6ce-d627-5538-bca8-0bacba93f663', '4f82ec25-a292-56f1-b628-1cfe153c963a', '97bac5c2-a2c2-5d4c-91a8-c9735c777e8d', 'a946da87-62b5-51df-abf7-ebd2294d279a', '17913214-7b93-543e-8f63-91bf9ec6ae54', 'c435896f-dca1-5bfd-83ab-94d16c25040f', '08859d19-3ea7-531c-8596-fb2e54ff0722', '4fde0f15-775f-5524-8f96-617edbe4ca61']"
0092db5b-62f5-5cac-afe3-c516a3099382,"['8e665e32-6468-58a6-acfe-60a2a23e7216', '094f14e1-4a72-510a-bfda-b76d81344709', '83a963d7-9781-5f1a-a0fb-70200bf0438d', '6f352469-cd96-5f6b-a065-7da143231b7f', '974ac364-25f8-5780-8c87-335edf2c838f', 'b17aab96-5056-5922-9bb8-53337f10786e', '27c6612f-25ff-55b9-834b-1f449b48014e', 'c082ed21-34c5-5b8c-8388-5d67a45091f8', 'b4f40a0a-85e0-5baf-822a-1142bab13b74', 'a32c29a4-0dfb-54f5-b414-887943fe8e46', '92d81adb-930d-5a8e-b924-703b20e2774b', '5c11599e-3d2d-52a8-a8f6-5a497beca8d8', '859f1cb4-5c4a-54a0-b15f-b1a350f43294', '7c7eb785-284a-5b91-bf74-ae1661d8b0fa', '3e29d1e2-9f15-5ad9-9546-2d5e067dad5c', '6066ac2f-d871-5abb-adb1-6d0776573dd7', 'bcf329d7-34e5-579b-88d3-e62134362c58', '0e0cdf55-9385-558f-987e-894390224f09', '8de50af1-ec46-59eb-a5f8-7912f94781e7', '63ab568e-0afc-53fb-a28b-d833d9f11f8f', 'b5786df2-9b87-508a-9c8d-e9e459a94fee', '99ad583c-0bcc-57f2-9e38-dcc49c68de18', '003c4d6b-582c-57e9-8962-86ab09462b27', '542d04fb-fb5f-59bb-93a2-30b159107efd', '7b28a1fb-9add-5f0b-aa40-3f46655cec7e', '8f69d58d-0452-5a2c-b828-8352cacdbc58', '52cbfdcb-3d42-50e9-81f7-bf81db24ba95', 'c599222e-8105-5974-98dd-49b55a3ec739', '81da076f-494c-5aec-8917-369c4b0a8508', 'ae98f687-30ee-56a5-bd62-4dfa8eaed8ac', '2bba83a2-20c3-504a-b8f0-1a25b277e664', 'af6446ac-8f3c-509b-b4a9-1578e1754d41', '38f77bd8-37d2-58a4-afb0-4410976ba320', '80730f01-2880-5e13-a172-1afe6f9372f7', 'a0847214-8b73-55ba-8352-ef595495c563', '2d72f5eb-ee89-58fc-9679-1af3c61c1044', '8ce60729-2f6b-5100-a7b6-d55304c05b9e', '8dfbecc3-5bea-5a47-8e49-b3677b9a6a81', '57da390e-8891-5a66-b3ef-83ad93e8d52e', 'a582627d-145c-5daa-9c81-f58af81cff7b', '670e6d83-dd11-546b-afcb-cb4ed00b0f63', '9bbe5ffc-831d-5285-a0b4-b695b192ae4d', '2e18560d-7f82-54f2-94c5-78de9bb71147', '87c00931-26fe-5162-a7b3-1093f9618fed', '901e564c-f3e0-5e37-a9b6-1d1ead96c605', '3c812752-142a-50e1-b6ff-ce6e2ac602c4', '18065644-6abd-5cc4-9397-1f8d86e4f95a', 'b61d2dad-8149-5308-b1fa-9661fa0217cc', '3f67289f-8a8e-5079-9e56-25c32ca34ee5', '7124d292-16c2-5fd5-9f46-9a1fd802bc39']"
009363d0-82ab-580c-b195-2a20425a198b,"['c74c4b6e-efd9-5021-aecd-8b393825a000', 'b12a56b9-4fe1-5fb4-8598-baa3c03a93ac', '0145f5c0-a748-5abd-b5a4-6d78e6939e12', '82b750bd-d118-558d-8a74-de50490f8c13', '462ccbc2-57bd-5422-b8fb-edee4a20da84', 'b0dc320c-5a1d-5d87-9d44-395ae5b0bf98', 'b5583fb5-e68a-50ad-928e-aa2aa6d99cfe', '7ffc5662-c635-50be-931d-d3a0c860b472', '59449188-3d17-5e19-999e-5ca016bebf96', 'bc483817-f5d2-5795-a746-d6eca789b7b6', '62bf329e-778f-5e23-8e4c-771eb8df63c0', '918eb8a2-249a-56bd-8e76-e0305bbaaab2', 'c25b3dc0-50a1-589c-a58b-bcf911adcb08', '20c23155-0d49-5874-9b5a-62f776f13121', 'a0e67421-0ef1-53b9-bb7c-428a03afe5a0', '3b71c721-6349-5b3e-a9f1-ab0273913115', '151c8684-ae56-554a-b63b-6091dec56072', '8a210456-54e5-5eb7-84ad-05e11eefeb8d', '95c3ea19-0db4-584a-aacd-f1433424f053', '75080607-824d-5bfd-bb38-a74d40eca3f8', '9ddbaa08-d7a8-53a5-ba78-541352cbdf78', '8c94a53d-c5c0-5b26-8551-f542cae89dec', '5a4d7360-0e27-552c-8d1d-e21ec8ceba9f', 'ab9e9d68-07e4-52a2-8c49-a726c3229f92', '69d13195-e0d7-525a-a90b-73ccfa51bfae', '4809c2ad-0dc4-5032-98db-f2eeccf9357b', 'bee44aba-d31b-564f-8d37-4add3899a59d', '3e3f6a28-07be-5959-b4b1-2eabde806f27', '5a558413-9910-5c8b-bd03-f83d49a809d8', '063b77a6-6617-5b29-a4e1-13cd8c428289', '2fa3f9ed-0c3b-51cc-a6c7-d1a90c6c07a5', '3413ce26-1aff-5513-8dcd-a55d6c5f6540', '267ff073-a405-5f03-b6bb-4804bb7d8654', '0372e341-ff2c-59d5-9ab4-b96c74e3edb8', '38ef5882-c85c-5e91-a708-898a83387a94', '2d3a3759-1d92-5206-b134-845233d758ef', '365f11ab-a0c2-5d40-88a7-925be5e378d6', 'bf0581ce-1e24-5c4c-a828-fec963fbccfb', '9df6f3e8-4b24-5df5-9354-7c85993d2e13', 'a04a9f5b-6cb7-568a-a026-f320d1ed8107', '9ab0a6c1-cd8b-5be9-b84e-e7e77b763b6a', '5745a3f9-8ae1-5042-ac93-1b236bbb3699', '0c33d45f-db43-5089-a57f-188f8de02f88', '8d3d4610-750f-51e1-99d5-39a72a1a0388', '98d3c8a2-897a-5f17-933d-5ac32e37a26c', '302e9457-2620-58fa-bb60-153568237e2e', '9ff3c4f0-f571-512a-ad6c-6ad47f8a0693', '6e54afd3-3b1a-5c3b-b05e-d149a6e6a0f5', '5a3bb3a3-bf2b-546b-8b2d-5ee78d44613b', '34253f43-bf5d-591e-b77b-c46b918401b0']"
00969696-5583-5c23-9ae2-a0143fc0a252,"['0c7f8395-1071-506f-8fed-b309bde48c4f', '3a30630a-74dd-57ea-bec3-01ff910280f8', '061735ec-4bf8-580c-bcbe-697a101fe09a', 'bd54e7db-2731-5d47-8030-46f52e3af36c', '60598126-e95c-5a66-8e2f-6e332fee1550', '05532a92-4354-53cb-a7f3-0f3d838e55b0', 'c24bf990-e195-553f-9343-a18cd6b2dc6e', '34089825-a651-520d-acac-b2d393fda6dd', 'a2ef80d7-d11f-526e-ac1e-507e435956a8', '2539e3e3-aa64-5d73-bfe6-7bbd03c621f0', '88dc8e75-92a5-5e05-9d9d-2feae17808aa', '1adbc7ef-07fe-5bdb-b39d-090d2a68ff71', 'b65bb141-cf05-5adb-aaf6-b1235162f293', '4ef5a75e-1258-54ff-a228-eba61e1f114d', '5bd8b62a-3c7c-550c-a596-08f9a4e8fe1a', '10014fcf-3462-5ff0-9882-afe5c4841fe9', '4536961f-cc07-50ff-98b6-a5be5e491327', '6edcfd25-5456-5a3d-a985-08ee6fafbe2e', '9c53812d-1513-5cdd-a359-43f5398f26f1', '62edfebd-f0ca-56bd-8c30-2498e9676aab', '3352de8b-e377-55f4-b752-76f02c19a819', 'c55ce1c0-2374-5350-b835-5e4c58ee69ef', '0f890e6a-8c7c-5d4d-94f1-697d33a47215', 'b5815b1d-b72b-5dc6-a4a9-27237228c010', '1ae4e9fc-9a56-529b-8e45-57a13b90a7bd', '705f7bf7-f86f-55d5-a72f-30b0cab8bc89', '15af3351-6c5c-558f-aa3d-41e8bf16d25d', '547d771e-c2bb-5171-bdab-d48be190ac43', '7fc01268-7069-5d8c-923e-1db64c3c5e99', '79bca9e6-3811-5c24-9512-cba9864bdde0', '8f2f4454-3a39-55d7-b490-c2430476bea8', '6f707cb1-2bbf-566d-ac43-a8657d4a6b97', '8215549a-ae37-5619-9048-a0d5a1080068', '11cdfeba-20d3-590e-b829-4e9d7f467688', '7e6ade9a-a1eb-59ce-bf2e-82aa8985d9a0', '70e0fd0c-71b1-58da-b0f8-6eaf5498db4c', '55e58532-e2a5-51be-96fa-364a0867e16e', '9853fa64-c4dd-5b6d-8b01-c5dc716d93b2', '4e4a7588-f56b-5c69-946e-02fe1a9e3e1c', '8e42945e-9136-5d0e-8a04-314a8086b184', 'bbc9341c-bd72-568f-8dec-d8fb6f50a57e', 'b64000c7-363c-5637-b655-7d4c47a4eb68', '4ed87c50-cdad-5d10-b146-b5f4b8d9c18a', '70bcfe34-3d3f-5e6c-9303-820e10c6cf19', '86389bf9-0f2e-587d-b256-8111a4d098bb', '82387433-c6b2-50f4-8580-c09e1b083d92', 'b048c998-687e-5e00-8ade-9f6870343d0f', '9a2f5958-9437-5ca9-a682-995ea836ffbb', 'ab8daf90-c400-57c1-abf8-170856bdd95c', 'ac4aaaac-4afc-5858-ba49-59ac8ff447a2']"
0097f23b-870d-5b7d-9945-000d09268bdf,"['55a7ac7d-c8aa-5418-8ef4-c3ae186eb9fa', '242d340f-dd9f-5946-9fc2-0a6f972bc46d', '85b7345f-dcf3-5bf4-ac59-0d3bd992b829', '53e926d8-8b2a-51f8-9e2d-2c391c68c1fb', '14bd08e3-d14d-5e64-8ee7-8d989dd07bd4', '2502682a-e681-5c45-9b1e-db5a763c8a32', '2d802659-01c4-5bc3-9dfd-1e8bdca254e0', '6f1525df-98d0-50e9-989c-88d16696da82', 'c3a66f9b-41f9-584a-8800-161a171b01c0', 'bcf29c8a-84d0-59de-861a-e9ff8535aab6', '48993c93-07d5-5e7b-81ae-9196f057f42e', '627a286f-49d2-509b-867e-70426455fa2f', 'a62cfc68-91c0-5589-af03-8fc03280a365', '7571162b-49e0-5d61-8660-51b8aeea5fbc', '659a0a37-a972-5208-9458-54c317eb86fb', '300ad454-8e4e-5062-969a-17e8e9210cec', '042b0f61-f2a0-5a6d-a8d5-4d56c177e275', 'c0ee9f35-7f30-53e6-ada9-703cd5471d63', '9bc4576d-4d0b-5dfb-ac52-305eb99937c8', '1ccaad95-23af-5797-8e3f-86ea950f1ebc', '1d4d493a-7756-5b0e-9bc8-4495b5c328a7', '5a41ba57-4faf-5637-a082-7bcdd5d70c3d', '4953860b-37ee-56c4-ae37-6b17b8f50b9a', '51693e7f-d91d-5cc5-bdd7-85fd6d643af1', '925181da-0790-533a-b27a-ff1b205c37f7', '3474f5df-43f6-5b05-9f2b-5f3309e2d7ac', '256d6fd8-4493-5193-9354-bd33ef6e7cb8', '4eb317f9-9fae-59c6-9373-ab76c60f2ab0', '0972fb5b-b7d2-5af0-871e-1b0755cc72d6', '74e04e2d-f3e6-5134-8c01-c93c553008e7', '56d87b83-a034-5372-bb59-656ba64cc76f', 'c2474bf6-6bd9-5f7c-8b73-ff16466cc69f', '818a93e5-d701-54c1-ac04-8d8d09445d7e', '605fd3a3-da29-509c-b57c-556fe1f4f39e', '2598b6aa-f812-5cbc-87ec-7242fc6e72d4', '6efdb0cb-ef45-5903-8a69-5548c2e3ef40', 'bd7f6d35-5962-5b78-924c-aba85662b3a7', '77adbcee-acd1-55d1-897f-ca1db08c0a37', '458dc038-ecc5-56f0-ae5d-8c00bdf7a209', 'ab3190a1-c418-53d1-a901-fffd0956b22c', '4e16a408-e1e0-5400-b7eb-d98a53346019', '9ea836fa-36fa-518d-a242-fe7a021b6c4b', '1f01bcd0-d3a7-509a-9618-f2ab8c07fac5', 'c5791ddc-d528-5e73-ac42-0c79e0044bad', '1838b7c4-b238-5fa8-84b6-3705790b9fc5', '81239968-26d7-5590-aafe-9bdb94db26ff', '8277ad1e-a723-5843-92a4-5ca5bbdd8fe6', '08920f2f-d38f-5c71-88b2-9213d176acc2', '89c64350-a5c5-56a8-b529-bd4a6abdfca2', '5b255d52-c245-5c67-b941-81c54e69a819']"
009a8949-988e-53da-b6f3-a1f9951eac0a,"['22feb466-dd2e-5273-86dd-85e7d3992e09', 'a2752272-a6e0-5bb3-9d0d-9febc8ca853e', '89155470-92f9-5b54-bc54-1b0396c0efde', '235f5f76-d3d2-5faf-a53c-111940fc8e47', '4b9906e1-93c2-5ce5-b010-9799a367fde8', 'a3674e8d-5178-5858-a1c0-11d3043d1491', '4ba42489-9ed7-5edc-b12c-08b300de4936', '3b4b649f-eefc-5001-8579-21b36f4c1c73', '92c7ccc2-27c0-5b1e-8eeb-97ae4080e579', 'ab886bfa-27e0-5753-b053-842da634466c', 'bcc58fa9-48bc-5720-8b5c-ccb7a0b0d5df', 'a2d9c517-bbb6-5064-90d9-f5dffed15da3', 'bcc55f09-1de2-511f-b15c-b1f428386e5f', '0155aeae-bf43-5910-8203-1d34e254fb23', '1704c4e9-f777-5bea-a61d-66b17dd20810', '4fdb3c36-4390-5d68-8988-78af2376e8f0', '37e374b3-107d-5d44-bb1f-030cb704791b', 'c6da35c5-66d4-50dc-9632-77f32d79a111', '498b6cd3-8cf4-5897-9ec2-21b79f3f7d9e', '0ac58dc6-8e64-52c2-9632-30c20052c856', '7ee739a4-d815-5b76-b3df-eee41b974f34', '08928745-b93c-5153-8a14-bc50078d7fea', '134b1fdc-6903-52ef-b6cd-51c49b34f243', '8c43f98d-a7ae-5d23-b1ac-0205cbbf2cd1', 'a5e31c5a-c4cc-5f58-a60d-0d81b72b0395', '598d88c3-b694-5f41-b539-5857e8ae852d', '0377b455-eaa8-5685-a02a-c43d1d094153', '00fe56c4-33ca-5947-8faf-4b97bac9a2fd', '81c7e7d4-a595-5089-bdb3-a4beabfb047a', 'c2822d22-eaee-5425-b4a4-3b21f493007c', '32a77a47-212d-5b63-876f-93f2672fb1f2', 'b7f95480-33ed-5479-85be-62b39a98fa6f', '72cc2a68-647d-5c7d-9d27-8d57e385c8ac', 'b025f3ec-10ab-5b67-9f88-63b30fe409b9', '69d07ef3-f913-5c16-a2b5-6f9b0f4a574c', 'aa5dc6b4-e5f8-5373-ad2a-8b414e2e7928', '84342096-f89a-5a72-9f95-5181663dbb58', 'afe8d66e-0b33-5b0c-87b9-f0386f7c9d78', 'c2266a28-f1a3-51fd-9581-345cdac095b3', 'c074c9c0-4114-5a6c-bf84-c7d9368b3d23', 'a06cffa5-756c-510e-8ec0-f74383900b1e', 'bde26593-d316-500d-9494-3f2b5507ca26', '7917fc32-16c7-5558-8c84-a2980a2bedb8', '24b3f926-55c1-51a9-818b-5fe365e7d4a5', '89713e27-f4e7-52a4-8f77-b0e70c5667da', '6de304b4-226b-5f5b-b71f-18022bbc9011', 'af6b2a6e-dccf-5052-a764-f9945c993130', '394f11e6-dcf7-5bc1-b214-8ace78849032', 'b5a146e9-6f88-5344-9eb2-b7988c1fc2b7', 'ade060bd-428d-5ad1-89a3-6f704efac07e']"
009b0d2f-0779-5823-909a-b9e97ffaaefc,"['96b83b5a-7b49-5cf9-9ffa-09bf87211757', '27b879af-e8f4-554a-84b6-7101c08eeca9', '46243bf0-431a-5632-9aea-de4368d18948', 'bd14940c-3947-5736-b44b-efa49d8aac02', '2712f0fd-cd07-5ef5-ae97-9fa05e3e7260', '4e85d3de-96cd-541b-ae77-34d6340100ef', '6a41c2e1-d435-561f-b82c-295a986f31bc', '1ab73f33-28cc-5b3e-94b7-534a9fdb9695', '77ae4c4d-03b2-50b0-aabc-5fd16677a783', '74b4ba42-9c5b-50b8-830e-ae4577d95ba3', 'b6ab6e5b-0a24-5043-a65a-b9fa89330814', 'c4ff3f66-c884-58e8-8ce7-3af79ddeff12', '9e36e9c0-70fb-5915-9e85-f7cdd209d0eb', 'a94241c8-224d-5f1d-9d95-9a1142256b60', 'af931652-f234-5eea-885c-8b48294788c8', '37a0b448-3719-5543-8474-996b5e1b8af2', '4c958632-1c5f-57a9-a714-02c673b1d37a', '412de36f-9f0b-5cbc-965e-8b700a7deba8', '8c5cd0f9-7537-5d8f-aa76-03ab7838e295', '89e0259b-d2b2-509b-904c-d192a0280fc7', '468113c8-7b2b-5d1a-aaff-cf5ab44f1691', '8d0e64f7-cc5a-5898-b760-ae3b8205be57', '55270d8d-c0e8-50c0-89c7-25169adcca84', '353cd419-1898-5f60-99ca-7b036846ff75', 'ab593b3a-928c-56c2-b41c-85fcaca7a42f', 'ba44c209-6b66-510d-beb0-7ba4857218e4', '694bcc11-70ac-50d3-a0d7-46aa783b65f0', '327915a3-3b0d-573d-9450-e25fc93f152d', '5ba29b39-5a6f-5db0-9490-a796fb933ab6', '62f2552c-7412-5ef5-916d-0dc97a29d9ee', '7afd7350-4d14-5095-b835-f88d158b0295', 'a9edeb9f-2059-5186-8eeb-4b63d879d956', '41138fa3-eb9f-508a-aab8-31726b8c0c63', '041c7df5-d874-5c1b-a874-495e00725cff', '7dc605aa-3bda-5132-a978-c67dde61db1f', '310d5836-e625-5fbc-95ae-6c01df22209e', '10423ea1-69bf-5ce4-846d-1c2f0f21dab2', '71d7f3fd-f05e-59a1-9940-2dd67e1aaab2', '2849f18a-4b5a-5ef7-9a3d-43f23cb83a69', '0539a70c-ebd6-5830-85a2-98880000ea29', 'b0282465-6f04-5794-9f91-4024dd8e2503', '7971db23-045f-51e0-88d6-3d9f27acf1f2', '6d514e3f-7924-53b3-9f5e-761f14570435', '097fe125-846d-5ecb-8758-fbb3aff98ef5', '602baee7-5676-583e-9c1d-9cf2e2685b46', '5f8343ee-3489-5f6a-b0fa-66b9ddd4967a', '8a810258-c8d5-518c-b6f7-df353bdf7fde', '8e35490d-8a78-59c3-8637-622f2e92aad1', '64a3e3b8-be82-54b7-b9b8-aac5ecb755d9', '149de39d-6004-51e3-98e8-f74ead0a0acd']"
009c2356-5e98-53be-ad49-d31db8d0cef4,"['bfca0dd3-57d3-5c1a-906d-1f51ae7a5bf4', '099726e1-f9b2-532d-9e96-6931c414595d', '12dc482a-3094-544e-959d-ba1f289cd941', '041e7069-62e1-5122-84ec-3c0aa3f151fb', '667228d7-f877-522b-9d1a-f85be9a7ffaf', '05df3ecc-78a1-56e2-bc18-fbbc49d3edcd', '90a57fe0-67a8-51c3-a73b-8ece1c8d8a32', '95ffdbed-e424-5f75-9b8d-688e32b3f19a', '7c7bf4ae-e412-5676-ba96-7ec1b8239235', '0a3aa2d7-0eb7-5a7b-a4b7-c6806fe74fd1', 'bfca822d-7faf-56bc-89d1-3fcb77a935b2', '3fac733a-1e3f-588e-af8e-3203633fac09', 'a4b670a7-b6ac-5f5c-9afc-52cafa562532', '0a064d1e-ffc0-54c5-a7af-056ee3d43bb1', 'b14d1775-dcb2-55fb-90a1-80b5f3f796c3', '8fb66a4f-48e4-502a-87aa-8111eb727dc3', 'afa01cbf-141f-5cff-9ad9-7a6b464d7ef6', '18725973-18c2-580c-8945-ef7b1908ec77', '004ac3c7-7eb8-5e24-a4ca-3918fcb1f277', '84ded176-e7d8-5693-8ce3-2ee5af71d8f1', 'a68b22fb-1964-52bb-ae54-811c5b2afbd9', '0bc14be6-34bd-5fd6-882c-2d4d303b933b', '0140bd0b-0bf5-5bb3-b73e-8e1d4c31df64', '368e010e-8ee8-5508-b31a-546c37305cbb', 'b6d77665-e490-54df-b3d7-76d003378b2d', '7357c921-cef5-5da0-9994-094217556f68', '4acc7a19-6d14-5e50-9457-1b0cc75b9406', '4cae6181-900d-569f-8a69-54b94875c2c8', '9d1677ef-9144-5b18-beb5-4645f742d7c5', '2c5edb10-63ef-592c-b4df-6821ea1da53e', '92334ac4-0dbf-5d3f-9fd9-a377537590de', '5e80a204-be1e-5b1c-b89e-98fb0fa532d0', '3b8d50d0-4269-5f42-a396-afc872748dfe', '22990602-21a5-5011-9704-28f3254da727', 'accbecf0-3244-564a-9669-094b2f9b09c2', '63464b45-4ad8-598b-9750-4e05f012f7ce', '23505104-c170-5147-abfc-b7412ed2b7ea', '40c6eb15-73f9-5229-9925-215a7eca7afc', '2af7ebe1-f135-588a-9558-d5e86c46d899', 'a2139d11-da22-57c5-9c40-9cec4d98aaa8', '1dc54e8b-b8c3-5ff8-a384-c750ed35753f', '7e3a83b0-4d2a-5037-a39e-5937e2905be3', '8190f37a-487d-5876-8fab-cd5e3b2c590d', '7aa3d368-45df-55d3-bd89-b799efa49f95', '19b11335-a613-5b17-a9b4-3ea6f1f7780e', '9e85522b-0a4e-51cc-8a5d-2112a081e6fe', '31e91a28-49f1-5004-8d85-6b034c4cedd7', '1d1afbe4-38f5-5519-84b1-d72507485374', '10c8d6a1-c296-5d0e-a4bf-a7099e6bb028', '84595c20-3d08-554a-b156-290d6bf8034c']"
009c32e3-8360-52d2-9ea9-5a8336cdb80b,"['18960300-9336-5d65-a490-b60b60209790', '902fddc1-2903-5804-a5b8-0dbe254c3fed', '9948d00c-41d1-55f4-9ea7-d28aa5d331f9', '33d61e40-1643-58c6-b45a-a8977cdecab9', '57c4e45c-568a-507c-a804-4a1a61ddaca9', '0a095da2-31a1-599b-b623-5f2c6450923f', 'a3aed0ea-1d74-5916-a54f-8244b0557e84', 'aeb1cf89-b60e-550e-b0e1-133743a7cdf5', '855fa894-f9ba-51e8-a64f-067bee5a9a4f', '67e4d9c2-566f-574b-ba58-c79a0e9e77a4', '5c430e33-96e7-50aa-b9fa-780850e4fa48', '848f577b-d32d-5c55-8555-fa0e41b1ceab', '32a87d6a-d18e-5dcf-bb9f-c730bbc74bb4', 'aeb0e0fe-5870-5289-aa5d-c17486d611d3', '97d74fd0-a0ce-5d6a-b8d3-e64707de7c5c', '1fda729d-615d-5719-b9b7-d54b565917fb', 'ad10f957-cda0-5902-9178-aa834e3e290e', '81a65d90-b7bd-5b40-8d32-3fa9a3b67923', '49c0f78f-e8ef-519e-83ee-bd82f6e129c8', '745713dc-a2c9-516d-8f07-03c9dbe95d1f', '9ba4876b-9e88-5c00-9026-2201367c42ae', 'ab6506dc-cb05-51c5-8157-2a65f1de53e6', '84963a15-79dc-5116-bb4e-21fd783588c5', '91c4ce5f-0dc0-51a6-9849-c57158f4a8d8', '5bd9e104-3716-5b75-adb8-d470e53b295a', '855d10da-f29c-5b99-8b09-0e94b99322ca', '538eede0-0a7a-52b2-b845-9e56bbbf674e', '37ea396e-6554-5085-861c-46edee69b7ae', '44718dcf-e54c-5a46-bb56-501d300f816c', 'c4c9aafb-7dc8-509f-b604-9e03580ba010', '348f9585-c286-56a8-923d-b0fa136a855e', 'c1a1647f-7a17-5fb0-8405-be5508b40f4f', '2e3e99e5-0f69-57fe-bcc5-0cb5d28eab0a', '489b61ca-f51b-58da-ace2-ae2c7259e4fc', 'c22db852-2c43-5fb7-a567-85f25e01b1a2', '0f6fa0ab-a901-554d-980e-e5af742dfc41', '467465e2-fc9f-5387-9d85-b7914e92c12e', '1cf44a01-79a7-536f-8bca-b20c9f857859', '0e5eae81-0884-54c0-b6d5-4dbee2f01c96', 'b074f026-a432-59ff-b21f-68409dca9831', '013cd2d6-e49a-52c8-a6aa-28124db0161f', '187d18ba-0017-5e41-82b7-1027e77dded4', '6671016e-71ef-5a61-bdb4-106d0581128f', '60454aa8-0989-5526-bc3f-ed3974583d17', '08b263c2-3076-57ff-9713-85f05981d83d', '2772b6cc-ef86-57b1-b745-8ae26a00ed30', '76d1fcaa-f5ea-5ecb-929e-123f4a8b11e9', '7a50c703-bd52-56dc-bb53-5f61a0cf84fa', 'b0171184-f353-5dfc-b9ff-293c1df55bba', '238d318e-10ae-5eee-ae45-2337b228f160']"
009cb600-2803-5ca9-b0ac-2ea572fea661,"['ba0df8f6-a3f5-5c21-aa4f-237529a1e4af', '8972bd88-3d3d-509a-9e80-c6cee236b8ac', '63578fc6-2e17-5faf-917d-ce3831c0cc87', 'bb48d518-f7e3-5a46-a3c8-34d6f7bfdcbd', 'a959ccaa-5750-5b9f-a9d3-75ea7ce547b2', 'ab9abeb0-891a-5a62-a976-29392d7015e5', '2bbee2b4-b214-5e3c-9ac9-1a85386e8f84', '54967d74-6f04-55e2-b94c-9ee15e1346f6', '952db781-5579-5f61-8a6b-3aa4272c8ef4', 'ba032a0f-51aa-51bf-8c28-08897e221833', '652431f0-8482-5153-93ee-6e98ea1096c3', 'a2f0538c-340c-522d-b2f4-2bdae520a5f4', '374330a0-b70d-5410-bfb5-a64f47d8834b', '922f3101-8cf4-5ec6-9c86-bfbe7c4ebb06', '853730c1-0b36-5a75-8c52-74d7994516fb', '62e68797-1c07-5b66-8668-d5a22efb7c8f', '6e188599-a10a-5297-819b-f8f1a343004c', '38af8aca-7217-55e7-9cfd-316b012c0b81', '580c3d4e-2cd9-5dc8-843c-ac4f2466b36f', 'b11ac2ae-da6a-5ac0-8016-18b448a72899', 'b2a11c25-4943-5c2b-a754-48e8601e9ac4', 'c38085db-2111-57b4-87b7-a76348e40f47', 'ba278043-984c-595b-be37-515a904e7c97', '0bef086c-3b24-52dd-ae99-80be4f876751', '65cf6a4e-b3f7-5ea0-bf1d-cebbf181fd39', '73d30d48-1c70-59a0-a7ea-bf920007bf2e', '75463b2f-caed-5006-a5c9-bffe25fa8c75', '86650ac1-4b62-5a5e-819b-8fbda6807591', '6ac01448-eef4-559c-9727-569b6a960831', '47891ae1-8315-5bb5-a49f-f8dc6aa6bd4b', '17b862ff-13f2-5aa6-8d8e-c0d269d6e42c', '04a645e7-b667-551e-bb90-a7e0474b242a', '3ea0e0e0-4e8a-510d-b957-531ae5a3abd7', '06ee55cc-0345-5c7e-b544-e5e910d2bb98', '699f85b4-1b81-5954-82ba-4b7cb8d772e8', '4fb0a8ac-fca8-5b15-9dae-7b504e4c205c', '5e8ec6b2-fcec-5bee-8a83-749f4eb1cf50', '0680d1d7-d76a-560c-91dc-e2a4de9bd6d0', '418d0215-96a5-5102-bfe7-c10953b4d71d', '23c9cfe4-e067-5ed1-8f7a-f32f741324e5', '7559578f-0991-564c-a290-7fa6d2be348c', '37ffa107-6338-5c9e-a8fe-e5d5aa466308', '65e3e903-fd05-5b8d-8e52-df55431b93c5', '175eb6d6-35c6-557c-87de-d5ccc9d47bff', '44ce5363-5cde-5435-839c-b620a3d17d93', '25f7b6c5-ebe6-5313-a2aa-316c059eb92f', '54cc5c88-ab97-5199-a5fc-b23cbe196944', 'a98aac71-f01e-5b70-92dd-8a54368202c8', '312e9ea1-af7f-50a7-b80a-f465cb4800f8', '8af631df-ba01-564f-bb07-595a066a857e']"
009d3401-14ea-5f90-89db-9277829b4aed,"['62c9bcde-203d-559a-8dcf-c1a5eaa31892', '90720cc4-6e20-50cc-a1d0-07f7ca8e8053', '1e65b6ad-07ff-5e2d-ac27-022bb3d4c3b4', '7d30ddd9-a42f-521c-a285-40f12f8047ca', '13205e2e-ef15-5bc6-bfb4-f91db41543c3', '82103aef-d9cf-5268-95f4-fd24cdd0a52c', '83fb58bf-6ad6-5dbc-ae5b-1de364252161', '433f63c3-10e6-57a1-903d-30890a6f59b2', '20bcb845-aa99-5d02-bb93-74110c06bb9d', '19432bc3-80e2-5795-af67-abdea7cd44d8', 'c6e9a67e-5328-5af9-9d95-51c53a935bcc', 'a863f096-0b0a-54d0-a88c-abc3f211b12f', '281d2eef-3cd2-5d03-9548-e15618dc0c60', '00bd5324-461a-5dfa-a307-84faa6652cff', 'ad6f40b9-3e48-5894-8358-2df8d9efe405', '1706488c-9c84-51b2-85d6-a554e7163f6d', '8bc117c2-387a-5702-896f-521e4f30a302', '986568a1-1e51-52d9-a379-724621e81f6d', '16b488a4-8874-58a8-b41d-3ed006c6d719', 'a1498c74-abdd-5c95-b7a2-9e25feb74d26', '390ecabd-e76f-5268-8ccc-f63779223236', '02a9c20b-21d7-579a-a3a5-14865f1a9608', '1936a516-13a0-5545-bb4c-d3f280db6c81', '422545ff-d60b-5602-b4b1-648295fd122b', '231edd0d-6ca0-5cfc-8700-2b04e2774aa7', '6c3035c1-4c72-55cb-b272-f504c0ef6e40', '2d1b2767-6f3c-5134-8469-9733fd45f4bc', '2f017b5c-4456-5434-b914-1357c3f6bdae', '5fae8f02-c7ca-59ff-bc8f-a60005dc875b', '2151b181-3224-595a-bd55-5c3f2ba330cb', '7729df44-d423-54bb-8adf-d95f209f3207', '37dc6cbb-5f14-52a0-bc7a-4144eaedda0c', '28754a56-017e-5d2a-a097-13305403a010', 'a1beac58-7381-5df0-9878-edcc1b37c701', '4a7aac59-3a33-54c4-b34e-7379687b5254', '3c984f0d-2141-5f71-9554-e2c9829d4302', '7342d35b-67ec-5eb8-9a4f-c42c5f340324', '0599df8e-f2d8-50b5-8320-a74f35adb813', 'a09f561f-7b8d-5840-ac11-9cc3f555aac4', 'ac89c398-dcb2-518e-b498-e2a36d2ef0c3', '8aee719d-a099-5ba0-8783-6f2583ff8c35', '3470d477-463e-5b32-adfa-115686a09d60', '71b2a044-95ee-54ce-b7c8-7f39b6b36140', '57b362a8-7ce8-536b-8e8d-aaf7198f3e1b', '1141168d-ce6e-53f8-8405-000236c2e088', '74a9e9f6-3ab2-5df6-b0d6-5c0cd81edba0', 'ac5ab390-89cb-5164-aba3-0f0538e9e4ae', '1e35a8b3-f65a-5bf2-b68d-ad68e01baefa', '322a7261-01ae-5153-869c-9ea5d9a890ac', '8e634e49-5872-5ac0-a4fe-64b1e2bf8cbc']"
009e307a-72fb-5a89-8778-2ba3dd0759d5,"['975bf343-68da-5923-b0cf-bd199ca9ba7e', 'b72a86d3-983e-5342-8dd2-635e75cdec1d', '7c03f930-fe21-55a1-809d-0c9f7b4773cf', '06225b1c-ed30-5ecd-a74d-e87b3a1aaef5', '18ab3ecc-a89a-5b25-b84d-25822a266d40', '9c95b8d2-11c2-5b96-86ae-b081b47d2a87', 'bfd6a227-bb06-52bd-9d1b-e62d2498954a', '24a61be7-2875-57d0-8880-b9617cb9e200', 'a9504f67-358e-52f3-8c2e-83463627bd58', '768ff5ed-d7e7-57ab-81e6-7e40a3f563ee', 'c24968ac-5fc8-558b-a549-b4e51382ef18', '2ef65c25-e6b8-5279-9191-b1409cee6a24', 'ae8c5663-688d-520e-8b6c-61c3f4501d7a', 'c563eda6-7e74-55e2-978e-80718960b187', '7e056ebe-4083-5bc4-8278-c4a0a6495239', '98e66e08-c319-5cc1-96a9-6e31bdc02c9f', 'b586fb71-e434-52e6-baaa-144c1fc045a7', '0bb21264-6c5e-5451-9235-be33b5da56b2', '656725e0-88a0-5b5e-b68f-bcb216d07357', 'ae336261-13a6-597e-977c-4fb8b36ed155', '1d9c75ff-0e06-52bc-b917-70111e0df0b5', 'aba9b7e6-d653-5a6c-a9bb-0c017af96b24', '25031ebc-9495-54fb-98c8-83efe8375b42', '88802444-18bd-5c92-ab58-ce96fd734477', 'c435896f-dca1-5bfd-83ab-94d16c25040f', '9b0172dc-4bfc-5aab-a08d-db3055f99233', '775c346f-7e36-53fd-b515-cbae12147484', 'b670062e-6cb1-52bb-81f7-8a6fe3a602a7', '41b10935-a97e-5e88-8853-ee422c1dfb6f', '0d00c607-d8b2-5f0b-afdb-13c2d496dbca', '97bac5c2-a2c2-5d4c-91a8-c9735c777e8d', '1a42dd11-4993-5c97-a5fc-bc914d2cc4d4', '835b3aa5-888d-5bfd-9ba2-d7c92453c9fc', '2271aec5-d6fc-53d7-aa82-bc37986371a1', '0978e201-163a-5cc5-91b9-b1a468366035', '2d208b86-740b-5a51-8229-4ae523e3eb8c', '9e58f360-e449-56c4-bbc6-f993cf984e14', 'c0e3f913-ebe7-529e-8c49-55c69a0a876b', '986cde88-da5f-5d9f-996a-c75848a9d2ed', '158dd60f-408b-54e4-9083-78d353380598', '363b17f2-b864-52c9-a763-81a6ecd0eb12', '48d87e74-1291-5d7a-bcef-ec008b466a45', 'b0dd655b-f7f2-539f-baa1-3e44c10a31aa', '1ef94d8b-3562-5b41-81c1-178f009bb1ce', '4d3e0a29-2548-5c81-a294-b4688987a9fd', '8d8cc437-5634-5f56-b7c3-69c6096548a7', 'c5e10eba-c936-5002-9b6e-4a8ed778e6f9', '08859d19-3ea7-531c-8596-fb2e54ff0722', '2200d977-d538-5c06-a135-9835268fc732', 'a15f4206-b503-5303-bd6a-f2321ca4523c']"
00a0e684-569c-56b8-a589-ec9de8f31fa8,"['5bb3f7b9-2749-5534-b767-4860d461d177', '8a71766a-49e2-515f-a8b9-cb46c9390ae9', '0900ad3b-6dca-5a72-a290-8632d147b56f', '0f890e6a-8c7c-5d4d-94f1-697d33a47215', '3cf9489c-4a51-5636-a19f-067048efcaeb', '78b607ef-dbe8-5e24-9a37-238bcf1bc513', 'b0441db7-5da7-5447-98ab-b47fcc26f602', 'c2af5555-8038-5537-b200-a578001c8db5', '30e15ee9-054f-5776-8a69-c45372b797fe', '1adbc7ef-07fe-5bdb-b39d-090d2a68ff71', '1e99cc9a-3e9e-5ec7-bb26-226530256180', 'aa9663bc-8128-5b6a-b815-6cb27af072fc', 'a8a43950-eca6-5551-98a5-dc1813128f6f', 'b7c465d1-be5c-587e-adbe-4415a22e726f', '22706f17-62a0-5313-847c-396002d28fd1', '6fd52322-f5f3-5f77-8ec8-bbecb3d25a8c', '3a30630a-74dd-57ea-bec3-01ff910280f8', '1867b41d-e3a5-5907-a4ed-442d03debd64', '0a6dfc59-375b-5b62-8310-764b289ee71e', '705f7bf7-f86f-55d5-a72f-30b0cab8bc89', '471d486a-01ae-5ba0-9fc2-727039d44e55', '2f4fcde7-547f-5121-82a3-d1af8b0c4ea4', '6d482953-3a88-5517-bd53-bdb78b53633b', '46b5f3c0-c219-5c3b-be06-bb8a0affe410', '197e086f-7612-512c-b9db-fa10e0578379', '9028a7b6-9ee1-5db8-989b-92bf2a59730d', '0d06206b-42bc-5aab-997a-4d500e65ba70', '92dd5866-8bc8-5c70-8b5e-ba69e79abf67', '153cd5dd-7465-53e5-923c-c04f0b505546', '547d771e-c2bb-5171-bdab-d48be190ac43', '596d6170-15d0-53e4-9275-d1572743accd', 'a9ada6b9-eaaf-5de1-8620-bfacc52ff3b4', '039b1493-76f4-5f37-9413-3d6ad5529405', '9e92a654-b1b2-51f8-ad63-57b69fd8193b', '8c23dc16-6570-5b1a-8d85-857c9309acf5', '469be90c-b744-5322-a26b-ac9d0fb3dcb6', '6c50e387-dd16-5fe7-9f80-3f2c84f41dee', '94ebaa89-04ac-5983-a512-f2940b5801b4', '18344669-f42b-5577-8328-9cde5fb33541', '0144bd9d-d2ef-5132-b41a-dd859b02ce0f', 'b35c7f24-86c4-54c7-9b17-401e75dc2d37', '6c39ee84-bca7-5a74-9e82-93fa326510fa', 'a51f3ab4-93f5-5982-aff4-8ca433a84c5c', '63a35340-4630-52df-812a-8c6cbbaffd4c', '057fd986-9fa9-58e4-88a7-f35b4b3cc549', 'ae855e5c-032a-5075-a498-b27da3650503', '9992dd67-6d61-5773-9b8e-1942b1db9040', 'bfc85e79-4432-5bfb-a84a-8331c1e2d76b', 'a5a1f3dc-7706-540e-b2cb-8788cd63111b', '5781e888-ab26-5470-bcd0-4c8774017c22']"
00a0fef6-80d4-58d6-824c-fd878591010d,"['78844fb6-e93d-5fbd-8871-6287a00a4867', 'b51b96c7-f922-55e9-bddc-ef9d017d1c1a', '06dfee94-3b83-5955-9703-2c7ce46dc914', '96cf7de3-c30d-5a6c-9eab-7bbaeb89d172', 'b8d15de1-2e31-55ba-a67a-2739306b436a', '34e21169-25db-511c-b788-a4cfd89fc2f4', '045a04b0-227d-5bff-8b5f-a4b77d2d3809', '9da2773a-68ba-5846-964e-302cb48d6d8d', '8e8d7c52-4031-5e07-a816-d129ddcd9a03', '82e293e5-aca6-5b01-8aad-c2010d13b66c', '6b91286d-36ca-5866-9889-8f246a545bc3', '9890ef98-38ed-58f0-bc23-fa2da4955d3e', '905daedb-8ab1-578a-af1b-705fe79e46d9', '7c762081-7c1b-53eb-b808-ee2771352996', 'c153a2fb-fefa-531f-8b16-2372cc7d6856', 'a4850aac-8446-5ba7-90a0-00ab31d57023', '3aeadfdb-e35d-556e-97c7-5dbd4fa39f06', '9c2d734d-458b-5c01-a560-353708e875ba', '014dbd42-d2bf-533c-86a8-3c26ee6e9693', '7044c680-30f9-52e7-bd00-344a5f3da90b', '040fe58b-8298-5b05-a734-38fe50752b70', '2b8224fc-af43-556b-8145-9967c2f113b8', 'c59a0631-3c5b-5db2-86b7-6cc65a20f15b', '41c2baf6-0cb5-5888-a8b2-a123cb56bca4', '61681dfa-bd00-5a6d-a0f2-0af8d5d77a43', 'a81037d0-70d9-5433-8d5f-c310df45bd41', '57384423-0259-524a-b4f1-0e43f6e2cfac', 'b277a92e-417e-5198-87af-497f80ce2b70', '553add61-402c-57ff-9522-a9fec6460572', '4205bf71-14a2-5013-a1f5-b40d8905dfb4', '7f6140ac-2256-5c06-a6c0-f3a9c41b71bc', '955ee3c6-71c6-5e03-9023-62bcd42a1a34', '6c081bc8-076a-565f-a787-506a68fca2a0', '977b32cc-ea29-54bb-8ca6-2ef4be4974ee', '652e250d-6c7f-5cb3-9675-1391b7fa7a9e', 'b78ad31b-c07a-5945-9eb0-a388d824cc43', '79619f02-fd26-5756-abca-32d49a7be8a7', '1017801d-7593-53b8-8de7-06e42912aa91', '4c6d4863-baee-56b3-b037-d7ff1a396172', '25a9dd70-4968-5b2c-9124-234f42a525d0', 'b12c0776-26dc-57ce-860b-8e6abd27d7a8']"
00a1d886-bdf7-45f0-b85e-b7105716c1e0,"['0fcb9291-4128-4997-b40d-c75fb98b9d50', '393063b2-cc36-5ba8-8f5d-fce1d086d43f', 'ae922797-a3ca-582e-af33-df20e9e87b14', '9709b2de-40bd-5611-9824-46787dc0538e', '19b8b93f-80fe-52a7-8fa3-ec6efb8a5d6a', '9553c96d-7a6c-5178-98ad-978185ffdde7', 'a23cd281-18dd-51f2-974b-ff3094dff3fe', '5e39a45a-9a53-5d08-a98a-2fa4c2a2de85', '46cf7765-9232-5333-a507-eb200b40a2c7', '0b410e83-ef86-5ad0-bb9d-4b383e6445d3', '3fc99716-86e5-5980-96d8-bfe9f720b641', '7408dac6-2fe6-5b84-b4b8-84050ab21546', '4baf0786-bc0f-5785-82b6-cfbd70adebba', '334e8208-0b6a-526b-9948-365147e49969', '0a1206b7-2864-559b-81f4-3b692be31c5e', '05ddd176-4050-5517-b930-bd3fe81c8df6', '5edd06b3-f372-55f3-a872-da20b0d19e5f', 'b66a8813-b7ea-5f88-b80c-2d2de7146218', '0a19bb7b-38d6-5669-a8e1-5462578891b2', '9431b4e0-a9cb-556e-b05e-7b9767ae1205', 'a86901d9-786d-5958-8589-19c8c9996081', '31d1fad1-196e-5333-919a-c7d0d332ecad', '6f328d0d-f627-55f6-a0c2-a261009573e3', '68da2e6e-f8c8-59df-ac58-673ac8c3433d', '0c67bd7b-763c-51b7-8298-d8dfc1bd471f', '089719aa-9012-578c-8421-03d80b355a22', '9ccd6eec-206a-5783-8892-a2990ae70414', '92e2b088-be53-514e-b604-f94e22267fc2', '9e6311af-fbf9-55b2-a60c-34e585119bac', '0ad9eaf6-a895-5b91-88ba-8c78b6037cb0', '6b08cf2d-20d3-5ee6-ae2f-b10de9e64674', '4ce9e665-ecfc-537c-9733-f8d6d048c962', '291a0e41-eb51-5ae2-8f85-fcd3b12d3670', '0d5b9a09-b400-50b6-8fef-07607a944ed1', '0b24d6bd-f03b-5481-bc09-788136d4fbdb', '6681ba24-773d-50ad-ab82-2ae4f4ea856c', '032096d4-1ec6-5437-8903-3437b44c9d05', '47858e03-b31f-524d-a36c-236d4d2d5e18', '73bb7911-4405-55a8-bba5-0bd1d7c09962', '4a92a637-f275-5a3d-890e-8045cb7c4594', '607c0cba-8f1f-5a3e-b2fa-42404a658a29', '795a7dfe-949c-54ab-ae06-86ffc4da841f', '296ed1ae-999d-59e8-8edb-5715bb214587', '3bd10019-67b6-5b8f-b072-c5105afdfad4', '044ebef5-383a-5a9c-8d61-2860ab471ea4', '740b5fa8-9195-506d-9879-0267ab347578', 'ad7aa499-71fa-5334-bcec-2dfdf821c786', '9504ed44-bd44-5ba2-ae65-f3b4215a4116', '3b03be33-bb5a-54a5-9fb6-2700dcccf9d3', '117b2746-7a0d-5bfa-858d-e55d7b8d0b18']"
00a36917-c4c6-5388-bfc9-cbebba516997,"['82b19ef9-5e1b-533c-abf2-69d3374986fc', '87ead0ac-cfd3-5de6-b40f-a43c6eed5dfe', '5b028178-c97a-550e-9653-3c944f4c2c21', '183b883b-f9e4-5344-b4ec-42dfa45ef4de', '8b790a68-fb4e-5d3b-b46c-45db0e1ff657', '6861d3a5-3bff-5045-9614-f2320268fd4f', '1dc4e142-0be7-513f-8171-56459ab20ade', '4b706c50-704e-58be-b059-325e6e566f66', '4fbadd1a-aee7-5bc2-b5db-4be9dbebc61c', '2b0aecd8-2053-5272-8cd8-4b2896415863', '99792283-9282-5cc2-aa47-381f0a198fd7', 'a8299ccf-9721-50f9-a0e5-0e678c2b59b4', '01888f19-e851-5e37-aecc-ea1238d6940f', '5064ed8b-daad-5892-a9f4-9d6dcdaa00af', '8128f1ac-8603-5de7-8621-dfbdfa361d98', 'a2440bd3-e3fd-5b0f-9430-f1c9759b722a', 'ab9b9ac5-63cd-59f4-a346-1700d68870f4', 'a5035915-24bd-5426-aa59-3878e3f5f157', '3a80841e-6aa7-542d-b1ce-acc8428f3bf7', 'a8d0f259-daaf-5edc-abd6-7e96345c891a', '72dd04bd-d7da-58d8-8a97-5ade75717451', '8a0cbe1e-a0bb-5406-bd94-917788bb0cc6', 'a9152de8-d263-5a0b-b86b-a622599c7701', 'a7c764b3-1753-53fd-b07c-15a4a5ecf308', 'a004f709-df5f-5c2c-a6d5-3b51a8e4053e', '25f2c9ff-aad2-5ab1-bda1-69dbbeba7ba3', '3b4f8c44-6cd4-5c71-9d14-dde8ba1bdbd5', '00a7c41a-8a71-5b90-ab9e-f961d5d8b173', '57cf2f97-33eb-5be6-9463-e32a1548f9e1', '068f7cee-a52d-506c-9c4e-64d66e3cd0cc', '017d6aee-85fa-5a2a-82ef-60db5685f1e1', '459f40b9-d5ba-5f7c-96aa-dfb154a0918e', 'b538f7f3-1974-5ed4-8b10-96760a663c75', '430f8adf-d3fe-5f2f-bda9-e63db62d9bcc', '19ec8e94-d4fa-5605-9c23-64f2ce6097a6', '3a4bdc08-8a6a-53d1-9f0b-c08dde6b0238', '208e3370-6f4f-5e0f-96ff-4e6eb58415b4', 'a78de566-ebae-5613-ade9-d6c05048be15', '3e01bbba-9388-56a0-bcdf-0342428c9a40', '34c7ec82-4368-58d9-a718-e9bb6f964097', '4770f981-415d-54aa-a72e-12fa598bd7ac', 'c439c6b9-933e-5db2-bc82-1f5881e22dda', '6bdbdccb-12be-5967-83bb-e04ab99af500', '93ab745d-9607-5e6a-ba6b-aaea9d8de56b', '83c2f3be-f1ee-502d-ae5b-8113f832b874', 'a3ae38d6-9f6e-5a79-b2c4-68625dd89356', '6e308e00-accd-5ad8-8aa7-e3f1d325c319', '345a4738-81c4-588e-8c7a-8acbbc227bb2', '9890b164-8231-559f-be4a-a97b25f52fff', '9e27f518-7717-52bb-af66-7052dbbd1bf9']"
00a43d82-7b32-5b1d-87a0-008c6715bd79,"['8190d5dd-d5bc-53ef-bd78-e83cd64edbe1', 'b75d54a5-49c0-5d94-8047-0d0b31f193ef', '157df104-4fd5-5f4d-84bd-36138b40f612', '98eb4fb4-8a3e-5d91-8bb1-ebdcec33f3c0', 'b0e120d0-1e52-5584-8e23-1cea8141230f', 'ac402ab0-6a7c-57f1-bfa1-cde7b6474051', 'a53dfdcb-e06c-5156-83ef-4b2480dba274', '1daa08d1-a87f-5d6b-8757-f8039685cef2', '7d632a72-9b78-59bc-afad-eef3cd738b30', '8bc92d0c-fd1b-5aef-8a6b-2c791b69c90c', '69e5a000-eed3-5458-9062-261ed17c58e0', '530912ed-1b5f-5d14-afd1-a007b92c076a', '52fe2de2-ec6e-5b5b-a902-17c17e3f1a8d', '747d8153-c517-53b7-8e59-4cbb4b6c4ca9', '5f9127bd-2507-5f51-91ff-40d688e2f444', '11a44800-8cf7-5e47-94d8-c3f7d1db227a', 'a69f7858-1c6f-56d9-b8cb-1561b87db0f9', 'c7235d7a-a1df-52b7-bafa-782161d2a25c', '3915bed3-54ee-50c8-84f8-0e15824e7235', '663a8598-e794-527c-adea-74540e3ab667', '7c95f3a6-2718-51a8-bdc4-7d48d9c5d857', '7b7d254b-a5c6-53a6-93de-50406ed3177a', '34c5136b-2a54-576e-a619-f230a5cb878a', '34e9c85f-4c4b-59b1-bfac-8ccb4c392c99', 'aed6648a-5ef4-5f1e-92a2-54e1dcb83b77', '88fb4a78-0427-534e-a16e-195b5e3afe85', '1c57449f-2d7b-5410-9919-d74734a713bf', '0560f792-ce37-5a26-bd29-98979f6fb27d', '51d71dc1-fb47-54ca-a056-91da2aa375b1', '7fe7aec7-e19f-514f-8f80-e31e2a0d7fcd', '3b5955d7-5891-589d-887d-03e4e79f20be', '41642a61-61bf-59e2-b195-0dee799a7bca', '91d114a0-06bc-5863-a06d-fac4153efecd', '61e7687e-0603-5b7b-8b6c-46d681165218', '25e77bca-0732-5122-b43a-4d37cbc50c02', 'ba107801-2cf4-5753-85e4-574c267aa304', 'bf9459c7-b00e-5446-a92e-2dbdf59e0f7f', 'b17eacd7-04de-5c4d-bae7-4a00fbb5f7ec', 'b76097d8-c162-5ed3-b92a-abf54424524e', '02bb316a-8529-5be5-ba75-c92c906902f7', 'c6c0fa7c-c1ac-5c93-89a0-7df03339fd01', '549a6a4b-ac4d-5b3f-bbfc-26f43c3cb0b3', '08e983ce-7c8b-5960-9add-589dc1fcc9c0', '4e051330-8d22-500d-90ab-d6f946e88a5d', '57e2353a-b839-5b08-9d50-d3df6dc5c1f6', '7e9d1bd4-bd6d-503d-a479-dfd9bf1b070e', '3393a56b-bc95-538e-99a7-1f42a54baa17', 'b91a90d8-96bf-5c32-98c1-1778b5986e75', 'be59df02-ca2f-56e7-8972-b84b12b2ae38', '04a25986-f253-529b-8441-6cbd2e3e263a']"
00a4a50a-5258-5638-864c-08b1a798b02e,"['0f557812-6ad5-5b4c-9828-c1dd544209c7', '5210a60f-7edd-5119-8511-f2f3521175fc', '59e5a1c9-0d75-5868-8c61-5478a4d9e8e3', 'c424c5b4-32e2-53b2-be91-d637a8b4f15f', '8932b8bd-5303-5a69-8e1b-04e820e915fa', '2b9a9623-2c9d-51c4-bcf5-3bf0bbdeb934', '366e6a28-7570-5989-92d5-53b9ff49ba30', '4bb9f84c-b966-5835-bedd-7fb1bbf97109', 'b1758d5f-4d74-5d58-8d6e-bc007a3137ea', '9a2f02cb-5a50-588c-b74e-e69f521a768f', '9e60627d-2ead-5eba-b0f5-778c12b31231', '903f1073-5520-5ff6-a99c-adde45de42a8', '54b02f1f-dcf3-5153-ada6-301780060fe8', '3838c027-ebb6-5480-bbe9-a7ab1af63a3f', '09116c4d-aecc-52ac-941d-a9bea819778f', 'c37c07dc-0fc7-5226-b18a-50f742c1bbdf', '6df80531-c232-574c-9a81-737d59610136', '9aa1f660-7e40-5dad-9b17-bb38e89092e9', '0bd3cdd0-4b27-5b55-bdf4-8cfdcdc66ea7', '4a09c8d7-abea-5b71-b024-a1df6396130d', 'bbec4cc7-573a-51ea-ac66-856525019a93', '980e610c-5c24-5d20-b103-571907aec439', 'ade2477c-b6a9-5197-96f1-f5b1d610b06a', '3a3dafa3-f3a7-5c7a-a1af-e9a799e2e3ff', '82e3449d-e838-514a-ab79-7f6017478a58', '8ff60846-843c-52ad-8668-1e5ed78c4552', '366b2b71-e406-5986-b4b1-d604b95f12cd', '0c65e225-9eba-5fb7-bb96-f81285f434ad', '60ba0f9d-c7a1-505a-abd5-d48e9f973dba', '7967dd95-ede3-5f94-989f-338cac99d717', '86915f0f-27ec-54ac-968e-f39bb28fad31', '2404eea6-d485-5d06-bcc8-a4c0beba4295', 'bb077bec-8da8-57ea-b53f-d79e039dfac0', '2b03623c-549d-5a67-b819-6e04fce671cc', '2fb48e44-3e05-5a94-bf07-9bb4bdb90e30', '73930027-0f23-5cfd-bbc6-98885c4be9c2', '18518fc8-ef05-5dc8-aabb-1af05cff49c8', '0efe16df-212b-5199-bc8c-fca2cc915299', '64dc9b2b-839d-5963-ae6a-e46f01dfc671', '6ea6f839-aa2f-564e-8924-f31df1b0e117', '961926e6-5ae3-57c1-b63f-7e8d319753b0', '09f3b027-4102-53c5-88c2-f7b6f75cf36f', '86c70656-c1fc-5d50-92d8-035c74661770', '357d154c-2e8c-587c-9227-acef82027980', '35a0e4ae-0462-55b7-b74f-4cd4d7d41a4f', '7c9a2a78-6cfa-5932-b876-bb0dd1aad3a5', '35720f65-8d8e-5d41-9290-6fae50ebc7aa', '199c4ff3-54b7-54c3-82a4-0ed9760fe898', 'bcbc0607-04f7-5e4f-88e7-4ec2c280609e', '61b1fa89-5ca8-57fd-ba0f-811104a988b7']"
00a522a1-39f4-5b7b-b524-9d237f398766,"['2b42c78a-58d5-5b2d-84a7-fb25de04d139', '6d110a22-2564-5994-b6cd-6494ef455291', '813f3611-8fe0-50ae-b123-e7dbe7705dbe', 'baacf077-d127-5063-974c-7ae6fa1b32bf', '04302cb8-b50c-5ff1-8222-027eed5096bb', '9f21811f-7004-57eb-950a-52fb425c81cb', '14e409c0-3b98-587e-9464-ec39f3b8d6ec', '70b21c05-86f8-5bfd-bc85-a3908abb7c02', '2f4d97d9-2575-5b11-bc65-019a173bcc3f', 'bf366ee8-f377-55e7-a45e-37a45169fe9e', 'c3319936-90ae-521a-a331-3a816d975502', 'c5f2ee50-c733-55ff-89f3-d6ae0487d27c', 'b83fcd46-cb25-5bec-a5e6-62a36d10d759', 'b2530656-0c4a-5b37-a680-8f70fa3922fb', '92db4122-12be-573a-a822-5941f90b6389', '9a16c7b2-621c-5a0c-9a2c-ae7aa57bf14a', '03de824f-c48b-5c10-a534-72197eb8864e', '00dbd2e2-cdf8-5b63-a09a-731bc97a0a4c', '83d4dfc6-b314-5554-92d4-72a7546ee9cc', '4507981b-1a45-531c-affe-7577459da9eb', '32bac04c-2cb5-53b3-adf8-8bc0d284e7cc', '8129aab4-d1c7-513f-a55e-c80eba4de4be', '73dac763-ae99-5a35-9a61-6e7cb071974c', 'abb24cbd-18e1-5130-a64f-bf87fc997c3d', '5644fbce-09e3-5bcb-96c0-f0d1003a274b', '9ce4bbfd-ffb9-573e-9a13-c14b4e167167', '28dd3a10-1080-5f2c-b9fc-f682ffe4b61a', 'b0256091-d55e-533a-ac01-2f4c591d2c85', '2293f420-319a-54dc-98f7-8f23363bbad9', '43bea38a-056f-53c5-bdff-81effde77fb2', 'a0764b05-d61a-51ef-9bcc-55fa9ba33a9b', '2f393f0f-c3c8-522a-ad57-f91afa2f3e37', '05489e37-367e-58f2-8eb0-c0a7c8621d4f', '12be241a-a80c-5ae5-a656-5daa5fedd6ba', 'bf527001-12e1-56e2-99dc-b521e473fe71', 'ba27c7c2-1b21-5922-a375-e37c2fcd8b34', '5f8c6edc-a60d-5411-82f4-3617d946064e', '972c569c-5b5b-5209-ad76-f8b29a711c29', 'a4a58f82-c36b-531f-9d51-f873aef04dca', '71c34dc1-3675-5050-836d-6058cf9f1040', '39591ffd-6639-5684-a689-8f6b8f5926a1', '5118a5ce-998a-58da-baef-f0e38ccec570', 'ad0f8e3e-eff9-583e-b371-053d4a99fccd', '6f976e70-dcff-5232-b4e0-4f01f0f2f09c', 'c2169ab1-8d05-5827-83e5-4e82b877fcc9', '42daa807-b810-5fb1-a6f3-6ea34013a679', '51db4bcb-c573-54b5-be73-ea6f64f19781', '19fb7222-5370-5dc1-9099-e4f165f18b11', '0d17c7bc-eca6-597a-942f-7ae2e11bec1e', '51ee768f-8663-59fb-aef1-5014949f4604']"
00a7c41a-8a71-5b90-ab9e-f961d5d8b173,"['6e308e00-accd-5ad8-8aa7-e3f1d325c319', '391b771b-7162-58e8-88e9-7d55b4d4a11a', '017d6aee-85fa-5a2a-82ef-60db5685f1e1', '3a80841e-6aa7-542d-b1ce-acc8428f3bf7', 'b538f7f3-1974-5ed4-8b10-96760a663c75', '87ead0ac-cfd3-5de6-b40f-a43c6eed5dfe', '0dddaf8b-a1dd-5b1a-bc45-6ed0689598f1', '892b6d70-7281-5682-96b3-a159012adbae', '2b0aecd8-2053-5272-8cd8-4b2896415863', '4fbadd1a-aee7-5bc2-b5db-4be9dbebc61c', '623b7887-449e-5641-a081-e7d7cb8a0103', '8a0cbe1e-a0bb-5406-bd94-917788bb0cc6', '3a4bdc08-8a6a-53d1-9f0b-c08dde6b0238', '742f762c-2cd1-517d-98c9-0ab6152a508a', '4b706c50-704e-58be-b059-325e6e566f66', '8b790a68-fb4e-5d3b-b46c-45db0e1ff657', '25f2c9ff-aad2-5ab1-bda1-69dbbeba7ba3', '459f40b9-d5ba-5f7c-96aa-dfb154a0918e', '19ec8e94-d4fa-5605-9c23-64f2ce6097a6', '0c93afad-570c-5d87-8dcf-e1e64620b3e8', '430f8adf-d3fe-5f2f-bda9-e63db62d9bcc', '183b883b-f9e4-5344-b4ec-42dfa45ef4de', '8128f1ac-8603-5de7-8621-dfbdfa361d98', 'bdf814d1-4ad0-5522-87ff-21ab45af445b', '6861d3a5-3bff-5045-9614-f2320268fd4f', 'a8299ccf-9721-50f9-a0e5-0e678c2b59b4', 'c439c6b9-933e-5db2-bc82-1f5881e22dda', '9890b164-8231-559f-be4a-a97b25f52fff', '6bdbdccb-12be-5967-83bb-e04ab99af500', '934579b3-f388-5c19-9094-ce3f3ac855fa', '83c2f3be-f1ee-502d-ae5b-8113f832b874', '3b4f8c44-6cd4-5c71-9d14-dde8ba1bdbd5', '02370438-a87d-5680-b74e-ecd819c0138e', '9851e44c-b394-5f3a-a4f0-b5d218b13941', '345a4738-81c4-588e-8c7a-8acbbc227bb2', 'a9152de8-d263-5a0b-b86b-a622599c7701', '34c7ec82-4368-58d9-a718-e9bb6f964097', 'a78de566-ebae-5613-ade9-d6c05048be15', '1e3e1d7e-32be-5ce4-85b6-1198937de479', 'bdb05298-1d72-5293-9270-0bd83b72589a', '5064ed8b-daad-5892-a9f4-9d6dcdaa00af', 'c5c40513-8767-5290-92d1-9403c2a67995', '9d77652c-0ee2-5bd4-8629-4970e9a27939', 'a7c764b3-1753-53fd-b07c-15a4a5ecf308', 'c03d5a19-03ad-5ff2-b5ef-10c6e1c2b06a', '99792283-9282-5cc2-aa47-381f0a198fd7', '72d4f250-6c34-5a96-8050-e9e65287832c', '46229520-6021-589c-bc16-8abb00a68225', '6e31c762-1bcf-5448-b44a-5f39333699c7', '6efdb0cb-ef45-5903-8a69-5548c2e3ef40']"
00a86db9-a699-5386-9117-73b82c7e7c3c,"['19438381-ebec-55fa-be20-c38236523bac', '7e13ed84-eb9e-5fca-8b9d-16970fb731cc', '3a7c4308-38ca-51aa-9c40-cec05b453947', '3883344f-1e4d-5b4f-b611-7aed30bfabcc', '54569d17-1d7a-5d61-a1c1-586b34848750', 'a20916a8-5b8a-57f0-9a9d-24cd4d5c4db8', '842cd5c2-a8d1-5c21-b0e3-4d7ac3069064', '841662a1-605f-583e-b95b-42ffed1ffc3e', '840f4da9-1c8d-5f54-ab17-7145c78e03a8', '452e1d8f-bce7-5076-8654-7743ce67023a', '40d3fa46-7d99-5495-aa49-b8496cde3de3', '37f73b83-2bc1-5316-8c35-175d70e845cd', '19a24426-ab72-555c-8db9-0ee132ca1a0f', 'b5dc010d-ae32-5d41-ba64-b9e207595305', '188de5f9-553f-5d3c-b6ac-522cecbf05fb', '3ad500b7-79f9-5191-9049-083c596cbb7f', '94e310c1-8746-54a3-bdeb-2b523adb5b4e', '280d1a53-c405-520a-9f7b-8bb3f4e51725', '05cb6c92-9edc-593f-8cfe-48278e64f559', 'a4a49cea-cad7-550e-85f5-e19f691f44d6', 'c135b68b-064d-5d81-aca9-cb64dee45017', '3b935750-a633-56e4-a7ae-fcafdadf9875', '3189c40b-06dd-5e77-9fcc-78a86c500f63', '4f5669ac-9a3b-5b2d-b6a4-301d976381c8', 'a283715a-d0c0-54de-a05f-3ee1316bd6a1', '46c79786-0c73-526f-b94a-dabeac525866', '44a88063-54bb-5ba4-818b-0b98107f9891', '335bc718-07e5-5ac9-b357-0fb2c7aa70d4', '3f57afb4-5e8c-5bf1-8c19-4cfa6d232b31', 'a432ebb7-80d6-5b20-9d29-5956b1028fd0', '1d3406f1-0ecf-570e-b49e-bdd11c3f2ab4', 'b70c4c3c-d348-53a8-a313-8dc499a17823', 'b52d0aa7-ff7c-5b88-b421-92335468260c', '9e383df5-0a53-5907-9fde-5a344a8130a3', '206b2f83-3d31-50d9-9162-930850f3d391', '2410a602-ee44-5fd6-8d34-3471f8b5d8b6', 'bbc42635-f4e6-5cd2-8add-bcc1f90fc52f', '238631d3-bcc6-5ea1-8367-522721b16ef5', '03954589-ea3c-5084-bdc3-1660f78b6d8c', '87b57de2-1965-5a48-8367-fcbee76b72f8', '4a0f954e-f477-56da-af5c-6e8e1c906a96', '211f44cf-ab7b-5135-92de-8152d7d133b8', '6d3c1dee-d82f-5835-8389-9c65158354ce', 'bd70b027-cd0b-5e1c-a7ec-a9fd646eef5a', 'ac9111ce-b81c-5ef3-808f-eafa35f9212b', '44d5c470-9279-5f12-8379-bbb4a4fb7fb1', 'a0af8231-10b5-535c-ac3c-7b5db72744e5', '643e5eff-f285-5997-b0b3-544a9e8dcc0d', '12d37d21-cf4b-511d-97e3-610149358cf0', '5d42b1cb-69eb-5bd2-944e-b22dd62fdf8a']"
00aa0ba5-b934-534c-be5f-f4f57756d91c,"['9c9c1923-542f-5361-b8da-29f84fee4243', '45475832-cf23-511e-b73a-0c577d849582', '804e22a2-1870-51d2-ac8a-82ac512c3d63', '2b8dc15c-64db-5852-84fc-0d6d75b58291', '1286ab8c-f390-516e-97a8-9b81bb5e5aa1', '1a16a386-8b54-5426-b699-3745477bfd5d', '333dd1ac-e836-5e37-be21-e2d7fc74591f', '780b6d0a-9713-5100-a9c1-971f0281d727', 'c15c4d02-96f8-5cf9-b32a-3b96b3aa0bcc', '09452cb2-f06b-55d6-b459-65cae7469dd4', 'a213ba4d-bbfd-575f-9569-853fb3c085c0', '3ea36732-ee4d-5abd-a94c-c96ebc2ade33', '09ab1ad5-4ef7-5b60-b395-d67f63a80256', '14f99e27-befb-5055-a351-a1c1f0f73437', '250c6dcf-addc-5842-b14b-731691c705aa', '8fdcfe5f-1168-5c78-a025-318508e4a114', '7500cb6a-196e-5d7a-bcee-51be2ed71475', '036422b8-af06-5df2-9974-de4975022657', '3170c2c2-4acc-5f29-8990-5e650fcf8ebd', 'a21901c7-62fa-5153-9725-0bf2e684ac83', '42ccfd1e-5dd4-57a3-a710-0d161327619e', '5bbe4168-2953-543f-b86e-e104a2bf0830', '05e5c226-09c1-52bd-9516-ea80c74185ba', '588d1c25-ef68-568c-8475-10c1bd5310b2', 'a282d7a1-94c8-5171-a122-0730ce8a3e1e', '57fdaa0c-ab61-5efc-b24b-03a2a67c2d88', '4f04cf8a-c5ad-5a0b-ab97-9ae840f1b5d3', '71ad547a-104a-5713-9042-fe2332aae437', '5bf48577-eae5-53c7-bae1-27fc8836bf3e', '161d4361-90dc-524d-8d0b-0461df54a6b2', 'b7aeddba-3848-5979-8f75-9edece60e023', '5fcdd612-2e56-5427-b3da-81d7604cbca8', '7ec63997-f070-5a07-9bf5-3dce6e4e420c', '1a7e8cbf-5c77-5a3a-9b04-36815fe2453b', '422d5904-430d-5a76-a0be-ee540ba83f59', '77f87203-059b-5899-87b6-087a57de5b2e', '8be46fb6-7a4b-5d06-ac45-50922f36571b', '89dfb188-3aee-5b0f-aeea-04c16ea26ca1', 'af11ef6e-2e1e-5cb8-8a14-2f8ced2652fe', 'a64f856d-70a2-500e-8bc7-953d773ae617', '86dd0daf-0a85-520f-83ac-4891b5f56b7b', 'ab824e84-e846-52ab-81e2-52c82580dd1f', 'a69a3ce7-5f44-588b-9a3c-94361d2e961b', '6c43a3b5-65ba-5277-926e-a4dc7972324e', '5eda92ec-95df-50fa-b75f-772cd59502cc', 'be401984-84cf-53d1-bf3d-0e706b1f999e', '02c54bbf-2aff-5a3b-9f0b-bd351f6282d7', 'abe866ba-7f4b-54e1-841a-4c1eba061173', '39d58c88-ff4c-50d0-ae71-57d6dc5221e1', '8a1852d9-23d7-5873-b88f-d80bd8e6bef9']"
00abcdc0-a570-5976-ad0e-92edebfa9fb4,"['13a58e42-46f2-582f-8b73-7903735eec1d', '63b5c7a4-d5a5-5da6-be20-0937d3b9606d', '177ccd9e-4630-5be7-9327-3aae843867a3', '790e2275-13a5-5973-8b58-0414f570d7e6', '62b95db2-575e-54f6-82c0-78e3507b6953', '8bb8691b-aec0-5942-bb29-58cdae1aea3a', '1ff758df-c145-5188-8dda-62939667cc21', '07d73aef-971b-5258-9a41-bf977092fdc2', 'b37697d3-fdba-5174-9df6-94b985804c13', 'c5c2a7ed-9d09-5cee-a47a-05bfcd4eef1b', '72ea7834-5fe0-5c6d-9c5c-7b6c0c8004a6', '31d15644-641f-5c01-8d0d-7cb5397ceefc', '10516e46-5ed3-504e-815c-690a3d99e8ea', '86648041-95d2-5b10-b986-661fe29b466e', '45765984-1ce7-58e1-ac69-e9fca48eba37', '353ee9c7-0965-5ca1-a73b-3a25a1b9272e', '64505872-b2b8-5fef-8056-8a3e3ed6e3b4', 'c4e4063d-227a-54af-858f-fed2ead2b888', '8b869403-589e-541e-8ac7-9018b5d239ae', '87b11a58-48f5-5142-b077-91d705cb3552', '00f993ac-73f9-5259-9c6f-075c41d1f067', '39624981-f981-55cd-8d78-b8ad83e9d8b5', '0f0a28d9-cf5d-50ac-8ca2-c63e4441f914', '1158ce43-4d0e-527f-8db6-7f32c0785fc4', 'ac88b571-8067-539d-96aa-742bac0966f3', '71907627-8cf4-592c-a432-acd3e7879ce3', '59287175-98de-523b-b189-6516ee2a7bed', 'a8864544-aed9-54b6-8fa9-c7cf05e682b5', '53bcb60e-0668-54d0-ac66-c81190ecc88d', '7b12b64b-390e-5423-b3d7-532dd29f4376', '4b643a13-6285-50ba-bc94-98b46bfe8042', '2d94e871-9cae-52bc-8d04-84a642edd70b', '65c5a4c6-e8fd-589e-8f3e-8c1cf09f050b', '17f56c3f-26f9-5986-b4ed-c6df4569a7f1', '20c31469-6e84-5dae-85b2-5c41694b09f1', '52f8ba87-0a2b-5e84-8806-06500edd164f', '25bd0aef-dba4-54df-bfe8-a65b194d1c99', '2e552564-8be4-5584-8eae-1f50f2920357', 'bde304b4-fb68-577b-98f9-2f064fe03b08', 'c2f1a6d2-dcae-579b-8888-b439844abdec', '81c2064d-163c-5eae-87ba-260ab8d2996a', '21870cd6-b189-572d-9fb6-8b8378985f2b', 'c64a1f01-d91b-50f9-a4c9-24dff4f1a3e7', '60600716-b95f-5610-99c4-d51081a9c1d2', '18324736-2efe-592a-bf63-826ec547c387', '875a8496-bfee-5f5c-abf4-e635d0ff217b', 'b9d3e496-1786-541c-ab15-03b80150c5e6', '0c1a01a7-5da8-5252-b24b-7f91cf92b6db', '7fe70dae-903e-539c-a848-a92ed8a3c419', '91c5b1a4-da88-5d2e-a35c-efd8c07da7fe']"
00b008b9-b45d-5949-be42-8ba7e3750a44,"['4b7cad34-3bd7-569a-887b-bf89038104d8', '2e89b5ab-180b-5d3a-afa6-155869151880', '8b6a987c-be0e-50c8-a115-7bdf55024514', '56047ac0-42eb-5c8f-a30b-01370aab4b56', '2a3e1957-3e19-59ad-8ced-a3580ad06c59', 'bcc453dc-69a2-5fbe-be6e-b3a1261d3110', '0274b782-9d7b-5700-b0a9-aed5001668b5', '0896652e-0de4-531e-add1-42163fec63b8', '6290575e-6b39-59a4-b27c-2242e495f370', '0d2bb58d-20bd-5f62-8654-f3777e36f6ac', '052d9128-f71b-52bd-8170-760937824d56', '02d4ef14-b646-5d2b-a6bb-bed457fe0f1a', '272266f1-6203-596d-9544-7e4ff5629f19', '4a7b3cee-b41f-5306-9907-f0397a397513', '8a80fa1d-7603-589a-850e-908e0401372d', 'c0b62af3-7e10-5264-8aff-2ca55f2c52f4', '7f3941c2-2f3c-504d-90ff-dfc186471d65', '552d6c53-3296-5284-a1ad-34fc1351b228', '272c6bc6-3c01-5fb5-86e9-21010dce363c', '4a176a62-c169-5f29-b4b5-cf3bc2c5db70', '0655a719-cc26-5d83-946d-1b8737f14d82', '945798bd-dd03-51eb-a538-a8d3a86f24e5', '27cfd79f-7273-54eb-bd1c-9e55443ce92b', 'b652424d-048d-561d-a7ff-88b4305ef948', 'c1c8aa3b-d2b3-5c5b-a74a-2a99dbee787f', '413141d0-08e7-52f3-8b85-98ae62c88903', 'a01ffe24-007b-5ee6-8ca0-2363f9b30b2d', '96dfd847-d857-5cf3-939b-a485b849baea', '8dea6264-708c-5dd4-8190-9efff994bb1b', '5ee4cf4b-fa0f-5d21-8863-17a118590167', '2bfc7c42-8ad2-52f8-8c6d-f5b7858b1ed0', '6fd2ef0c-cd97-5014-978a-a27c88a5ab44', '233476e4-9b54-580c-929c-b738d4b35891', '1fac4d8b-266c-5dba-8f91-ecb6821aa526', '42b4987a-84d1-57ea-a2d8-ecad4610155e', '0fa2713f-5fc1-5bc7-b9de-6de814e63a6c', 'b3c1916f-6f53-59e2-9ffe-0ff1f8e6b36c', '5b43d2ad-11f6-5494-bcd7-3e476c864c11', 'c04fe585-cabf-5805-abd9-bd622b539861', '6fd8995a-082c-521c-b55e-e27bbbca9912', 'c2a53199-97f8-5838-891d-29849553000b', '476b14e0-c235-5f1d-bbcb-b098f8c5fb62', '7ea62c1d-e86d-5e8f-b220-0aec85d29e29', '4ab4e429-751d-577a-9099-1c6fe8d5e1c8', '6e64bee6-aca9-554f-b826-f5a48d15c317', '040f2e46-acb4-5a46-8d9e-8279cd89073f', '8e72b13c-b691-5692-87e9-1f171f882403', '1309b5de-f1ee-50e0-a9bc-ea82c3f70382', '072bb54d-e080-5e92-99b3-f0f1bf2e3e04', '0d0c4eab-a660-5dde-b546-bedbabee54d8']"
00b009f2-d013-56b6-b50e-06fdfa78bb52,"['4a8c9d79-2d22-55b2-a7ab-fc055d60d522', '37ed4e0a-b56e-501d-b9ae-764ff90672cf', '4b7acdee-88f3-5060-b9b5-a6c827552581', '83eb4cfa-5b8b-5300-ac5a-2d9232dc9b97', '24a5f77b-3f2d-5252-80aa-b7ecc335d378', '1f376e7b-9812-5ec8-8485-689249a97504', '42ac248b-4b3b-5201-87ea-fd94e9068ee5', '2f7426e0-5f00-5d73-8779-76163614a168', '38838991-f20e-55e4-9f72-3e92360ddb36', 'ab5c7184-f0fd-5b11-aca7-57d05c063e42', 'c02e8456-7690-5eff-a5fe-b7f22111db06', '4c03697c-b301-5963-b182-37a0bbd32f62', 'c263e154-3b4a-5568-8f25-8aec8e2cac76', '6f181eb7-a433-5ed6-a5b6-a1b3e8facb29', 'ab6f6044-1f71-5495-bb9a-24f87e83154d', 'bc8b2fa3-46d0-55d6-be14-545348445083', '00e83c88-93fe-537a-8db7-0f8d5b07a15c', '01ddb4b9-7c4f-558f-9f85-ee7ad50b0200', '3969b61e-1ced-5a13-b779-5a0fe06ddeff', '49ae928b-b74d-5958-a15b-915a3effb821', 'a5d2590c-e0d7-5dd2-b178-9e60d3c4221b', '7a663265-7925-5b28-97ea-78e64e77e1e2', '20fd55bb-8326-570e-bf57-8395a5e3b85e', '7c40ed3f-ac1c-5d2f-bf87-d0b9206967c9', '07969182-3a7e-5166-9d12-3a0a9cf060c7', '625b01cd-10da-5943-b881-fd7d0e09a057', '12be241a-a80c-5ae5-a656-5daa5fedd6ba', '285b7a29-0bde-56f5-9917-760f95965c59', '6ffd818f-1561-5a54-8002-42bc54f57b2d', '902f079f-a0ac-5151-af4e-b03e7de32fc6', 'a7f5d72f-8793-5df4-8105-c4a3e952620a', '1baebb66-10a6-5807-94e0-e7b824248d86', 'b0663ddd-67f1-540d-b485-4e1b25ed06fe', '9312dae6-eb49-562c-ac8b-6076d7dfee7f', '45c99454-eaf0-59d9-9eb7-95365b1ff586', '5c08f5c6-57f4-5e0d-8233-f082f9706e95', 'c61501da-2dc0-57d5-841a-5d3aac768344', '42daa807-b810-5fb1-a6f3-6ea34013a679', '1bfe9a4b-5b90-5fc0-91df-45a1627b3ff3', 'ba97bc4a-f05a-557d-aeb2-f879d477e1f7', 'acc13627-a83b-5940-9f1d-8aef7708134b', '4cbc68a4-e6ac-52c0-980a-7716ebc64488', '3b545aa6-f80c-548b-bf15-a8ffc2a98c21', '44b7dcc5-faae-55a9-b8b0-ddffbc43ba3b', '28dd3a10-1080-5f2c-b9fc-f682ffe4b61a', 'c492f718-bd6f-55af-90c3-6c016ff77cc0', '2dd64317-ea29-5864-8410-71cf112d558a', '772fcaa0-9412-5e4e-9514-4fa5a5277c15', '982619ad-ac7d-5488-a4d0-c8046b349e5a', '28ef9efd-f6d3-5e2d-bfad-c2fea562a945']"
00b159e5-9a9e-5e11-9854-92196833783e,"['97c53825-2403-5171-870b-306c153c5638', '45ef0986-259b-582d-a40e-8a85c878b3d5', '7189040d-61ce-58c1-9425-214d59f158c1', '43ee6512-47c3-57ac-9bf7-ba24f39181b9', '6e34f8ed-6566-54a0-8f37-e4f1483a20f9', '8dd9ccee-b688-5209-a238-ee5590564ae6', '18a3f04f-608a-5a2b-8039-2c7035c956c5', '684d3259-67bd-593e-b6a4-f9e077e4cb1b', 'b8aafe50-c478-5c15-a24d-7a0689431010', '29e2e6dd-2572-54ce-b463-d73b5c5d63e1', '2b00326e-193e-5ffe-8fc2-79278fc73ff5', '186e84c2-a509-5dd8-9aaf-7cea9e84ce3e', '9d068779-4a8a-5dc0-ac89-ce0719c55e35', '99f05dc5-2dff-51cb-96e5-1cc17b94c065', '3b96aca3-8fa2-5fec-8dea-bbbc7fbac5a6', 'bdce1758-a3d4-5354-8e4f-f1a024fe1a04', '7691425f-bdaf-55b7-b068-1980bad26321', '2cec4cea-9aa1-561c-bdb7-8ce5e9d91420', '38a9cab4-4071-5653-b0e7-1ed36e96f2e6', '6be502ed-6679-5b18-82fb-f92fd1a21370', '9c094676-9d2a-5050-82e0-5d753c438b1c', '5ef7cbc4-1c9a-5d99-bbf1-1cbb3a0501bd', '27e9978e-9d19-5e65-b45c-b7dd4a79a484', '8ea7f1eb-c4df-5124-8370-95653ef1952a', '098441c4-7d33-5219-b9f2-b4c6d774afa0', '1eee1bb7-813a-592e-ae8f-af375e3f3074', 'b0308021-10c9-5178-9863-f004352af249', 'c074f618-4e1f-5e22-b49e-5800aa66c6a8', '2c8ebb70-81eb-55e3-bd92-91d3e234fa90', '48ca681f-4758-5fb2-bacd-83b318b7c652', '46f45faf-404f-5997-bece-18b5b1c55c22', '27c0c2a3-71b9-5068-9611-8e364f35efad', '4b38eef0-ba5f-5547-aa5b-fde5ef479717', '4df4b2a5-612e-5e03-bdee-55b5eaada7b1', '645b342b-c4ca-56fa-9de3-8456ce248ffb', '58109d2c-e30d-5573-b80a-583c643958b5', '4736073d-ca30-5a5e-a6be-c1882ef33b7c', '9fe794c0-6e08-5674-a3b9-9cba7f213202', '89e88a0c-9cf5-53a4-9d72-59b0e20297ad', '33176c56-b1da-567e-a7ae-8d3c352e4703', '849dfcd4-8b67-57b4-9058-c2ff79d4ccda', '2a9464b1-3d67-576d-841d-7bd18f928938', '04c4f5dc-e90d-54cb-a388-5a4fa8b57670', '7a05ab3b-06cb-528d-a479-c48a87bc986d', '53f4088e-11f3-5005-a71b-27ca8eb72f44', 'c2388fea-b89d-5115-aa46-465b025215a2', '895e553b-f330-5f17-a51d-dd23b2c5b193', '89cd3d7e-b299-5ae0-a513-ce5f018637f4', '8e188ed9-bf53-53df-8972-748212f32ee8', '83a0247f-896e-5729-997c-711bb32ed5ba']"
00b2d1f3-6fa5-5a87-bf88-df7ea79f2922,"['007094c6-c763-5b92-b8f2-a354c8be5e23', '6645cdc7-e54a-5505-a68b-5c07b18faa87', 'bc6b09f0-312d-55e8-b5ea-61012e9d7c9f', 'bec78e14-8486-54e8-9e86-61999d69292d', '00dfc143-1486-5c9f-955e-78bb88cf3fae', '153c521b-4542-5083-b734-081985e90629', '9c690a90-1b3d-5c72-8465-5c2805b0a276', '8ccf3541-efda-539a-b952-2550ce732b9c', '748869e1-5325-5af6-8ea4-d23e21d54405', '74c45f4b-efb8-52f4-8c24-28e26089868c', '27442a85-cae3-51a0-93ff-ba0ed99dcc74', '03e8fe4a-daef-5e49-b435-64b874c33660', '0f441557-b28a-573b-a96f-ca2e2e5bfa1e', '5dda56f4-781b-58a2-87c3-3a44c0b8323e', '89532d4c-9002-5d03-ad61-3b8047fbbcf9', '9687a1cf-f3e9-5172-9818-aab3db8e9570', 'a6c7a854-63f8-56d0-be57-e2c95dd4d989', '047dacd2-c61d-5b10-a6f9-12a3014343be', '8ab3181c-ffe0-5afe-86f1-a8d4b100f3f1', 'ad6a453b-c456-5715-ba2e-12499a407169', '8440f264-bf61-5c0f-a19b-3d1825aa3796', '4fee6749-1735-568b-8993-7c6bde41118c', 'c2053a8b-afe7-5b11-a2a7-9c7dc071e007', 'a3aa85fe-4c6c-5ffc-8ac1-07b295f93222', 'bee3d082-f314-53f3-9fea-8c50668ae4d2', '8a576b17-a05c-5576-ae4f-0e08fe7decb4', '3692571f-7875-5507-af63-8b08eca70a68', '17c09538-4e31-57c8-8220-d5dcf4bfbb7b', '11c1f668-6edb-50d4-acaa-c81eaddff01d', 'a986daff-4d4d-5729-8714-000101cc38d4', '6382ffce-a21b-5741-8239-939db929c6a2', '6bf9ce59-a381-5e1d-bd09-1a37c463d3e0', '2ba8c8de-dcf9-5c26-baf6-67103b6aa443', '4718703b-2176-5af8-a2ce-80c4846eb288', '1fa7ec33-a4f1-5ac5-ad9c-920769447eb0', '7365ba3c-0f95-5d8e-b495-f2c5485c1e2b', '0e10831c-d274-58bd-8943-ebdd5c5010d5', '8985ac83-a33d-5252-8098-2d2b7bf29594', '662a0256-e182-5586-93e2-94f57d8a72f8', '8250677f-608a-5319-beb4-d6ec80641dee', '4786c5cd-2a34-580b-9cac-967539a114ba', '193e78ec-9891-5057-86a5-27f309b163db', '5fdf593f-e8e3-5a9b-b86a-db883f34b8bf', '42529c74-877d-5fc0-b63d-3b558c72436c', '94a69e21-1a27-547b-a500-1155934e39be', '8d4dff37-f77b-5376-81b8-36fe841fb39f', 'ac847798-8411-5651-ba4e-a62543ce95dd', '5b43c764-f1a3-514c-923b-294ae71ba023', 'aa9b561b-ed15-555c-8e03-622769993c28', '5de215b9-fefc-547c-b13e-2ef6b49ad95e']"
00b3de6f-7d7f-5131-a3e1-5dd8402c976d,"['882d9c52-798f-5f08-8475-4f947bb6d763', '1f79a74a-4cb3-5d88-946d-dcf0bedaeb5c', '9622cfab-1ae7-5ad7-b535-9ac5eaa01663', 'a1a485e2-7ec0-5824-9f9e-f52bfc7ee508', '742f762c-2cd1-517d-98c9-0ab6152a508a', '8128f1ac-8603-5de7-8621-dfbdfa361d98', '6e308e00-accd-5ad8-8aa7-e3f1d325c319', '4470208e-8626-5bb7-8d03-1ec193497cac', '14cba397-ced1-548f-8abc-f9e641389991', '2c3fd161-3aeb-5284-a3b3-0b55f67fd545', '818a93e5-d701-54c1-ac04-8d8d09445d7e', '80dfbd37-ba28-5b36-919c-0becaf1ec36a', '51693e7f-d91d-5cc5-bdd7-85fd6d643af1', '8a40b516-6026-5ec8-b9f4-e28cd1ee1d16', '9e27f518-7717-52bb-af66-7052dbbd1bf9', '8435091f-a21e-5357-ae00-7eb82b56e641', '56d87b83-a034-5372-bb59-656ba64cc76f', '4b15e0cb-2fa5-5226-9960-25e7859c2658', 'b14a8075-a4f2-5eca-9233-9e4182f15b8f', 'bcca26d0-fcd0-564c-beff-1543a43cf77f', 'bdb05298-1d72-5293-9270-0bd83b72589a', '4d265394-22f2-5025-b6ef-658e7bc7bbab', 'c2474bf6-6bd9-5f7c-8b73-ff16466cc69f', '0dddaf8b-a1dd-5b1a-bc45-6ed0689598f1', '934579b3-f388-5c19-9094-ce3f3ac855fa', '8e6b97d0-0ef5-5551-ba55-da16d6305245', '1d0ad554-97a0-566d-a109-e219a5f8b3f5', '2d802659-01c4-5bc3-9dfd-1e8bdca254e0', '30367210-d2f1-5458-a501-46a7f7c9b11c', 'a915fcef-1c71-5c3f-9a41-7e94a3dacf0f', '4e16a408-e1e0-5400-b7eb-d98a53346019', '5e18bf87-0402-5dd5-a1e9-b4ccbcc972f9', '85b7345f-dcf3-5bf4-ac59-0d3bd992b829', 'a9152de8-d263-5a0b-b86b-a622599c7701', '245d1804-2723-58cf-aba0-fbcb53be04c5', 'a87ea00a-885e-5a13-b4ee-226c37787075', '54b2ffd1-5e5c-5e02-b3d8-9cd70379d2fa', '82a7116c-056e-5414-b252-d3e226360b3a', '8a0cbe1e-a0bb-5406-bd94-917788bb0cc6', '4eb317f9-9fae-59c6-9373-ab76c60f2ab0', '892b6d70-7281-5682-96b3-a159012adbae', '6e31c762-1bcf-5448-b44a-5f39333699c7', '0c93afad-570c-5d87-8dcf-e1e64620b3e8', '53e926d8-8b2a-51f8-9e2d-2c391c68c1fb', '9ea836fa-36fa-518d-a242-fe7a021b6c4b', '627a286f-49d2-509b-867e-70426455fa2f', '70af4dbe-5745-56f7-b858-06f7dac9df96', '74e04e2d-f3e6-5134-8c01-c93c553008e7', '6efdb0cb-ef45-5903-8a69-5548c2e3ef40', '673c9b40-fb2e-5976-a3fa-1995b6fce32d']"
00b5735e-e111-5989-adc3-2a1a26c8c665,"['3413d86d-9a39-569c-bd38-5cc5cbf9fce8', '4756f2a8-298e-5a44-acc9-e072b2c1bbad', '0902ec7e-1300-5e03-a5ca-1036adc61ec3', '2ea1af4c-d40e-5923-be52-8492b9eb588a', '544de675-1aa4-51c0-9c92-fd9e9c18e293', '88b0b216-4bfd-5476-b399-ab49d9ffd547', '32e1e8a1-e897-5ede-8af9-3764df2efe01', '32bc2114-1e6a-5509-b22c-78f7efbe7da1', '725a738d-e12e-54e0-bc63-357da685ad58', '8a51d904-0cdb-53fe-b6e8-e8782bb2354e', 'b6fcece2-f8c6-5e26-b436-b9a1f06e8c0d', '2072711b-579b-553d-9864-62a9fb7398d7', '5f3302b9-2423-5ba7-ba63-483b9be289a6', '5c229976-e690-5c1a-aa89-d1ebd450c51c', '09b3de8d-dd02-5d16-ab00-5dded386f2f6', '00ce3d53-4862-5b05-9754-7a53dd706f47', '223e7a28-446b-5530-b43b-33be263c1b2b', '64c76ba9-c412-5b71-9f64-fbb1553690dc', '64531b70-16d1-5082-979f-cc3eccc7e7a8', '5a49d8b4-e1f4-5c09-8d48-68d63753c7ec', '59973cfb-06f8-52af-9348-e210cb4631a6', '2d09f46e-e510-561c-bd56-10b35a5f5471', '98760ee7-0492-5b02-85b2-9f11c29dde3a', 'b9f0085c-baa0-5340-a30e-778cac003219', '73fd617f-03ea-5d64-8c9b-51efa317ffbb', '11a9bb2f-2a27-5963-879b-00705e34bdee', '3d4226b5-d33a-5f23-836a-423a06190221', '67d93c0d-c577-5e01-9bc9-ae7cdf3c8b5f', '2898ddc8-a30d-517e-8b5d-55b74772aff0', '45ba5f04-e540-5aae-81c5-54f7f57bc888', 'bebdd3fb-13e9-5093-91d6-9a61d9a109a5', 'ab885ff2-0c57-5461-9e43-92fa2ad95f2c', '7d137331-e792-5759-b138-f6bf6e96a159', 'c630e5e3-b413-5c7e-ab35-5af7edab53c7', 'c45e2f35-3490-5c33-bba5-71ad660bf4d7', '91546c14-4a93-55b4-98a9-866043005f72', '5f383a67-2ef6-5d2b-a55e-8008cde9bf7e', 'bdbb392d-2e8f-58ed-aa58-36ff2b935a5a', 'ad0f09fe-8b43-55d9-9baa-7f4bf46bcf24', '89b91a56-4d2e-5236-930e-7713e126f3c5', '0c34ded9-2a20-5cbf-b188-c7832c5434fe', '17bf20c4-7c20-5953-8b95-20543141c8c9', '7ad85a6f-ba4f-5a0e-b02c-dc2995da486f', '1e7b2aac-aba6-56b4-ad01-81cfd0b36133', 'a235e679-dc72-5b78-8870-2f97880738e2', '3b6909fa-4b32-520c-b99b-1bb58f6af6f7', '5ee20012-a2e2-5ff9-8d73-961b13820fe6', '405f2533-24ba-5b85-be02-65f5a1223d9d', 'b3895058-ffa6-597d-a3ae-60347d959863', '73710cdf-c794-5527-a203-6235d34eb540']"
00b5a0c8-8c1e-5ea4-8844-332d513f6035,"['6a312a66-1e25-548e-a7d1-1842a54c1a5c', '2f44b236-9b63-5142-90a0-fb14c8f0e012', '1a2fc64f-df16-5f6d-b069-1529df7ae03d', '01d40ac6-39ee-57c6-baba-b2523836cd07', '0afe754e-7670-5a79-b5b2-2e282d59e937', '5fcc7e2c-0708-55f8-a4fd-c585e06fbb92', '1bb994a5-1eee-598d-905e-b50891c82091', '10173474-ccb7-5bc2-afde-28ae275e5adc', '4609e307-a79d-5a87-972e-4a9eb8968d6f', '5de3099c-6101-5600-a53f-542641ad415c', '3358b33e-98b0-5428-8496-969117231e79', '1c06a0fe-68b5-5c6c-aa86-a7a258375be5', '1541b14b-4f74-5ae2-84fe-c9adf621ee9b', '518466f6-406f-5eae-b205-468a30103b5e', '94ce0848-6573-5539-ba4b-157cb182d17e', '7a23f235-4562-5d62-969b-780e91ef587b', '30985b66-3349-5188-8534-42258a336ec7', '7f9f3efe-2c86-5ddb-b57f-a7b8633657a3', '58c3d7a4-7fd9-51b5-ba6a-2772ca37fc42', '1a443171-d7d7-57cb-9edb-ffc2186e63fa', '1f421716-3fdf-5278-b25c-cfd73bfc5fd4', '5007e4eb-c98c-5418-91b0-d622c5ecb519', '12e5bc42-3863-53a8-beef-7e3541b8a5a9', '2a51b770-ec1d-56c4-998c-4340b1f26496', '6bf6b1ed-61e6-5339-9614-3fea9eecd077', 'add4c4a1-6d18-564b-b270-a0998efb43c5', 'c1a0ed22-2df3-561c-894c-bce3de4a9a32', '2848df2f-2357-5a52-9ad8-dcf26cd9c91e', '07a00fd5-15d9-567c-83e7-6b4cbcc93f2f', '8e812b8f-6224-5888-bde9-350c59cb1076', '806c1f7a-f5c5-5196-9e1d-5c6d6d0b94b2', '6a1b3c20-e183-5085-b3c1-d146529510e1', 'b35238b2-0927-5899-a5e5-6671a67297fb', '1166ab61-90e9-5f59-a137-1c09bad1becd', '1aa60b72-66b4-5a05-8237-5e7194386dce', 'bd517848-b2b5-5982-8d7c-6dbf2ee5d5da', 'a2ac4620-9c4a-5ac1-a468-9a18d69af595', '00b7ac8c-79a5-5783-a6e0-21409f0d254d', 'a04829e7-e9ab-5c91-a1fc-4cf007566578', '857e1d73-b952-5fa7-b2a2-334b6f292d1e', 'b2e06f1e-093d-5a76-8c64-595b87fb1ba1', '3c824774-411a-5655-b62b-c641b680eef5', '79aa2320-5009-56df-9ee9-5917eeb9ae04', '4e244f65-c1a0-5bf1-835c-25477e3e1e8d', '961d5e86-ca15-5f42-8250-0d89ff4b03a4', '87e04431-a21a-57c4-bf1f-a7f91a63f465', 'c3df7eec-0cc2-5a7a-ad8a-5c1d4fb9a21f', '7ddea174-ffb4-5763-a6ec-9b1022cc52fa', '1f63766d-8d1d-5551-bb2e-95d1dfbc978f', 'af291fc6-e638-51e0-98ba-1ae96ce282d9']"
00b5cc02-a831-50d8-86b9-9e1980c81975,"['18cd97c5-7d60-5c11-950e-61525e79bca3', 'b8016c17-f13e-5632-bffe-a99c66e00623', '916cb773-1825-5a85-b16d-28704f61b4da', '9cdc037b-e8a2-596f-b819-63a633745430', '346a9c9c-fcb8-5815-9cd6-53a102334705', '16016959-d4b4-5e9d-a71f-aabe89a14e51', '6ec171a6-5445-5428-a4e3-9295f08016cc', '7f8c98cb-b0af-555f-95f6-c2d3b5b45fe2', '9ccd6591-2a3d-59de-8712-a2dfaf4997ee', '484ee539-c746-5edd-8407-d5509de2503c', '665f1ed2-3ae3-5d15-a57c-6c950d856ce0', 'af80f2d6-962e-54c5-82e5-04e431c41e42', '5d6c6dbe-9093-5b9e-8367-21216cc95bc7', '0e5bafe5-e1c8-526c-a826-85e739a00cbd', '0e6fa4e2-1c4a-52c6-8b65-013742442b87', 'b78856f6-1c5c-5696-8b8b-6deaf62f3999', '51e2f98a-0a9d-5931-a3d6-d8ac93b0f745', '8dd8ee6f-763f-59e9-aed4-ec4018d4e5df', 'ae18d317-7e7b-5375-bcee-a27adf4dd8a5', 'b92478b6-5d4c-5a4c-91f2-afc0efca5038', 'bdb84f8b-888a-56a5-af39-e4823d381310', '7edfd7ab-facc-571f-9ab7-f69f58e06e45', '887ca07c-8ac3-5a0f-b147-cdc0d1663b65', '408c7a20-8edf-5a30-b097-af8a5c4fda21', '8960fd78-ac7e-563d-923a-c23a65e2f2c3', '2deb1777-61a9-566e-90b6-2fc706f3f499', '034c9d75-dec0-5f3e-a8f3-737a5f90e3cb', '8326499e-7a24-5263-9955-8c1614b31221', '2ffefdb2-3aa5-5bfe-9d04-54549cf3c0e9', '17a99180-2a6a-537b-bec8-1bc808513f53', '52351d6d-1aac-520f-8232-6a5516c12fec', 'ba26b6ac-bfc5-5461-a912-2496402ca947', '91adc494-c1af-5291-9730-f1610d663098', '13d20001-7dc0-5dad-be40-771ad57d3de4', '44e2755e-a607-5e2b-8ffc-7e72807dfcd4', '89a44790-cf2f-58ad-ab44-da7ebbe663df', '8e3c7b95-c7f6-53a8-9a8f-28e666982750', '8f3feaa1-bf78-503f-aea7-f586a0a7be68', 'b1b42571-edc6-5c8d-b538-18f8457aa013', '938e6273-11e5-59db-836d-9f5f0f922619', '60a0e4a0-2dd2-5b74-945a-2c8bc70c3ccd', '6042e583-90af-5d5f-875d-b6be75730a37', 'a74d2017-9e1a-5d3e-8880-e50aa680de19', '46ab168e-6191-58ba-a14f-326b547c5bfc', '27ff4b76-34d8-523d-aec2-e3a6ca2ab92e', '65d33822-d83c-51c2-84da-073d0e9573cd', '8a326f4d-5756-5e0a-939a-d2f930068379', '57f38ad9-21e7-53ce-9123-64d1809cd59f', 'bfb41c59-94ca-556f-8368-c440a00d64d0', '754c3899-cd1f-5616-9799-02cbe8cf8a92']"
00b6e666-533c-5f88-9879-7cb1dde75117,"['457ab95f-a49a-58b8-be0b-98776966c0c4', '13a60e18-a5f7-5a48-80f5-4429ef60dcd0', '6cce312d-5a1f-587b-9662-0aa6745fd25f', '72f23bfa-2b2d-5cfe-bf7a-f0c01e27982c', '0c694330-3822-5a79-89fe-de9309b66d77', '8f66f335-48c7-5a16-b89c-2138d4d63f24', 'a8ea7080-c6b8-5c01-915a-3537b398c516', '1cd9bbf2-d082-5beb-b9ee-f880e146e362', 'b6bf2d89-9277-54f0-919f-f450239cc37f', '07b03c4e-510e-5710-ab56-b60c55a5a2a3', '37694724-df39-5629-bc85-644ea3f4bc08', '13ae1213-a575-5039-a9e0-eba3c991370e', '0a165066-4896-5803-ba89-041b25880c49', '5f75b8f4-7c83-595f-b4d5-a5fda647ea5e', '23c137c0-d6d7-5966-96bb-7fb130164fbb', '242e01e4-7c70-54f9-b4a5-6b18387acd2d', '26541382-2d31-5c32-aabc-3df5ee5329bd', '675a46a5-3e0b-505f-a481-86b122969e30', 'b9384e95-a4df-5935-8bae-4620e852e5fa', '49d88a84-5083-5267-9c04-58a717ca7565', '57a60ff8-63d7-5fe6-ad5e-49cb3a88e143', '6c1e8a5e-b180-5c6a-801a-bf2e7e4f2ac7', '27358562-4bd2-5df5-bd76-6dc5c0e7e4f4', '751a426b-9092-5816-be8e-7d91cbc17d40', '4ec28573-5606-59a6-9c40-cb83689dcaf1', '81b4567d-7bc3-521e-bc88-dc2efd9ded82', '420a3117-a334-52d6-a359-b3e46adadf45', 'afedf026-16c3-5598-bc43-71b3962101e1', '0a75969c-706f-5bc3-a165-90376a183171', '3803d26a-ba70-50e6-bdb0-bc7767779405', '05318de9-0e8d-53b9-8b8b-85e6bc31ea3c', 'ba714ae1-fae3-58d9-b536-e0c01dc6eccf', '8355374d-ba6e-54c4-8bb5-ee9753b43bab', 'b3b5b52c-6976-5c2c-8d5f-ee77ff32e308', '77edd814-e3c2-5496-b12c-d9071f47e9e9', '4988906e-fdb5-5b58-942c-04b5679914f4', 'add547b3-c431-5dac-972d-db993580e077', '54441f0f-6813-53a4-89f6-b3270cbb724e', 'c34e7050-81c7-5e54-ac40-a5a5d338053d', '7648e88f-0b20-5eec-80db-3c9ba5cd52cd', '1aa05daf-faf5-5e72-9f2a-4300d89f6bf0', '5993f23c-5bb4-54df-a4ad-f8115bc30086', '4ec3699a-4c66-5ce4-a7ab-367c8328a0fa', '0985e34a-36f1-5490-b6f0-c028d29f620d', '7e5a1a1b-73f2-5d3e-8fb4-fdb49a5b694a', 'c758a002-b604-5d13-a446-b0b1c72a4f05', 'a50cbe03-af7d-56d9-bd33-e30a5c8e155d', '789f2192-f43d-5525-96c7-f3f26ff3b611', '6daf172d-6ec6-5751-a131-9a035d7b8480', 'b35168bb-3ca2-50c3-a31b-6cecf4585b90']"
00b701ae-6ebc-5b3d-8350-568a8ed46259,"['b2a7b4d9-0f3b-591d-bf07-c86c8dd2cd6c', '62990606-c314-5c9d-a51d-56074e61d118', 'a1317567-669b-55f9-a459-e3776537466a', '8f502a9d-8bfe-5290-97c5-257fad6959ef', '1609c5df-5c65-50dc-a969-98c8505a6191', '0b424c77-03b6-574e-ae8d-7f0126faa91d', '96ed68fe-4de0-5737-8133-44896df60dd7', '66b926d2-2256-5cc7-9ee6-07a5c601bdfa', '3ab60d2c-c02c-5df8-9ebd-a953343ec67d', '0b91d83e-91e4-5ef0-b746-e4bbb8be29c1', '6eb30c6c-c524-5011-9e04-7f28416b1cb3', '6daf44f6-3416-547a-b97a-4340ad984894', '950957bf-6d15-5ef5-96e0-fac7dc6785f1', '4fab47d4-6ee5-5862-9d35-bd64a14227be', '2d507743-b659-5175-a687-ec5539e7cf17', '50a308f3-cb5d-540d-8811-0850dd750f1e', '32f5db95-a659-5ada-9531-4fa71f5317b2', '5266eb68-fbfa-5df9-904d-726a95a93486', '17d3ad9d-54c6-5411-bb8d-b6f2581695c2', '8d376206-f58d-5906-ac7e-dcdf963413a0', '07e93b23-b7c4-5331-8b4e-fa252ab0c137', '23c2d27f-57fc-5cbf-aec7-e39581e466ef', '8a47298f-be6e-5d21-a3ac-aeadcb043fcc', '8fae6085-5ee2-5e6d-a1d6-94d5452f8141', 'aed921be-df5a-5ab3-8156-6e4d64e09c12', '2219ece2-5c2f-5c39-bb6f-de45b0daffac', '90047793-7344-5440-a0b5-72f1ada31032', '521be7de-3385-50ea-a4eb-378d4a8b71ae', 'c1556762-8e4e-562e-a3ab-58ede0b5dce5', '689cbc37-470c-52b9-bc86-b40906f975ec', '7efd2d57-d968-5f0a-a162-5eaaee66a891', '3da70e22-96d0-5b2e-bea4-ff12cd7e0923', '0c2e3f02-9f6b-546c-a743-72bddad3b53f', 'b1403786-fd2d-5514-b7e5-f22882e2d6ba', '93c32883-3752-5fbf-a8a4-ac2e924a6e4e', '510bad19-1a38-534d-99b6-dbac0fabd491', '2472fdf4-158e-5bd4-b9a6-fb4b73004401', '9b5df8a5-afda-5b89-b761-35b6f5bbe430', '02e23f13-6a6e-5c12-8231-f029ea62c7cc', '24edc33c-1739-5f0f-8c99-f15c2ba79c4d', 'bfe02590-6baa-5905-8cee-9d62bc556288', '8ac2ca4c-ed80-5611-b480-af1c4e795687', '07c8964f-6fed-5d1d-b43b-8a7b15b5a4ba', '1f9b5c15-bfbb-55e9-877a-3fba76016dbe', '473339db-080f-5ff9-ab2d-ed8685d43167', 'af6f2397-d241-5fe4-b629-534c1dc81760', 'b0fd4f93-a91f-5961-b530-6f52e4ffca41', '4466c737-1b2e-5342-bcda-8a4b8382d825', '4f4b7533-7bd5-56ab-ad78-d0d164841d76', '5c146138-ae8f-569c-9a1a-ab10b2ce7c40']"
00b7ac8c-79a5-5783-a6e0-21409f0d254d,"['5de3099c-6101-5600-a53f-542641ad415c', '0afe754e-7670-5a79-b5b2-2e282d59e937', '5fcc7e2c-0708-55f8-a4fd-c585e06fbb92', '7a23f235-4562-5d62-969b-780e91ef587b', 'a04829e7-e9ab-5c91-a1fc-4cf007566578', 'af291fc6-e638-51e0-98ba-1ae96ce282d9', '2848df2f-2357-5a52-9ad8-dcf26cd9c91e', '87e04431-a21a-57c4-bf1f-a7f91a63f465', '6a1b3c20-e183-5085-b3c1-d146529510e1', '07a00fd5-15d9-567c-83e7-6b4cbcc93f2f', '82a842f6-b486-5001-840c-b92f2a66d6bb', '1f63766d-8d1d-5551-bb2e-95d1dfbc978f', 'b4b0bcb1-8a38-537f-b1f9-a13b28578e5a', '79aa2320-5009-56df-9ee9-5917eeb9ae04', 'b2e06f1e-093d-5a76-8c64-595b87fb1ba1', '41dcd605-caa1-5255-9c7e-8640976b00a3', '01d40ac6-39ee-57c6-baba-b2523836cd07', 'a5a1e29f-3c19-53cf-83b5-ddc410fa572f', 'c3df7eec-0cc2-5a7a-ad8a-5c1d4fb9a21f', '5007e4eb-c98c-5418-91b0-d622c5ecb519', '87227c1f-c708-52ac-b88d-b3df19ab11b3', '1c06a0fe-68b5-5c6c-aa86-a7a258375be5', '10173474-ccb7-5bc2-afde-28ae275e5adc', '1aa60b72-66b4-5a05-8237-5e7194386dce', '4d3b242a-0842-5e95-8208-f9b96de51231', '516546ce-b17b-5e47-be11-3004465367b5', 'b01ffd94-ee29-594c-acbf-0499b8561336', '251b9bab-cd1c-5d3f-aff3-2f0122bd7929', 'c1a0ed22-2df3-561c-894c-bce3de4a9a32', 'c5af2b2d-134d-5680-aa33-d5e37f77899a', '2f44b236-9b63-5142-90a0-fb14c8f0e012', 'af519af7-de89-511c-a61f-ce2403cac1ff', 'add4c4a1-6d18-564b-b270-a0998efb43c5', '1eee9727-bf5c-5067-839a-171e557fbc26', '29e8f9e7-4254-54d8-a030-c1e5b68a7eda', '58c3d7a4-7fd9-51b5-ba6a-2772ca37fc42', '8e812b8f-6224-5888-bde9-350c59cb1076', '48e588f9-8cbf-5203-ac9b-efe601524283', '2a51b770-ec1d-56c4-998c-4340b1f26496', 'ab3e77de-8db3-56d2-b6b1-023e085920bd', '857e1d73-b952-5fa7-b2a2-334b6f292d1e', '6283e37b-53df-5f30-b908-397281b6797a', '952ef174-e812-5240-903d-81f551426671', '976409f4-ceda-530c-8536-b7cf34249275', '6849325d-597c-5582-b5c4-6e4d91eabfab', 'a2ac4620-9c4a-5ac1-a468-9a18d69af595', '6cd209bf-a7b5-5789-93e7-a7bc48a9d3f4', '1a2fc64f-df16-5f6d-b069-1529df7ae03d', '227a7ff4-28ea-5bc1-91a6-4ee8b7511afd', '4ba05c30-95cc-5ac4-bccc-374dbea192b3']"
